tema_canonico,disciplina,especialidade,unidade,prioridade,forca_fonte,risco_clinico,evidencia_de_prova,source_ids,nota
Formato da avaliação de Discussão de Casos Clínicos P7 — simulação em grupos (Dr. Nomário),CASOS_CLINICOS,Casos Clínicos (metodologia de avaliação),A_DEFINIR,alta,forte,baixo,False,Cronograma_Casos_Cli_nicos_P7_2025_Dr_Noma_rio__f855930713,"FATO (cronograma 2025.1, P7A e P7B, segundas 17:00): (1) Apresentação à disciplina + divisão em 4 GRUPOS + apresentação do tema e DIVISÃO DAS ETIOLOGIAS POR GRUPO; (2) sessão de 'correção e ajustes dos casos clínicos ELABORADOS PELOS GRUPOS' 1 e 2; (3) 'Apresentação da SIMULAÇÃO dos grupos 1 e 2' com presença obrigatória de todos os grupos para assistir; (4) repete para grupos 3 e 4; (5) sessão de FEEDBACK da atividade. Turma A em fev-mar, turma B em abr-mai; semanas de prova sem atividade teórica; junho = Semana da Integrada. LACUNA CRÍTICA: o cronograma NÃO nomeia o tema nem as etiologias qu"
"Ganho de peso, obesidade e síndrome metabólica — avaliação e tratamento",CASOS_CLINICOS,Casos Clínicos / Endocrinologia,A_DEFINIR,media,media,medio,True,2_Avaliac_a_o_Casos_Cli_nicos_TURMA_B_2021_1__7bf703af15|FACILITA_OSCE_1___6c6a714b3e|Ganho_de_Peso_1___c870af3fac|OSCE_ENDOCRINOLOGIA__4796d07aed,"FATO: indicações de farmacoterapia = falha da abordagem não farmacológica, IMC ≥30 ou ≥25 com comorbidade; eficácia FDA >5% e EMEA >10% sobre placebo em 3-6 meses. Fármacos on-label: sibutramina (CI em DM2 com fator de risco, DAC, IC, taquiarritmia, AVC/AIT, DAOP, HAS mal controlada, >65 anos, transtornos psiquiátricos), orlistate, bupropiona+naltrexona (CI convulsão, HAS mal controlada, opioides), liraglutida, semaglutida. Bariátrica: IMC ≥40 ou ≥35 com comorbidade, tratamento clínico há ≥2 anos, 16-65 anos; repor ferro, B12, cálcio e vitamina D. Circunferência abdominal nível 1 e 2 por sexo."
"Tireoidopatias em caso clínico — hipotireoidismo, nódulo tireoidiano e conduta de PAAF",CASOS_CLINICOS,Casos Clínicos / Endocrinologia,A_DEFINIR,media,media,medio,True,2_Avaliac_a_o_Casos_Cli_nicos_TURMA_B_2021_1__7bf703af15|FACILITA_OSCE_1___6c6a714b3e|OSCE_ENDOCRINOLOGIA__4796d07aed,"EVIDÊNCIA DE PROVA 2021: Q1 — mulher 52 anos, diabética, edema de MMII, constipação, queda de cabelo, pele ressecada, FC 52 bpm → hipotireoidismo, solicitar TSH, T3 total, T4 livre. Q3 — mulher 32 anos, TSH 6,5 com T4L normal, dois nódulos (0,8 cm com microcalcificações e 0,5 cm), Chammas II → PAAF do nódulo de 0,8 cm e repetir função em 3 meses. Padrão da prova: caso + 'qual o diagnóstico E quais exames/conduta'. SOBREPOSIÇÃO: conteúdo doutrinário está na frente EISA II."
"Cirrose hepática, ascite e peritonite bacteriana espontânea",CASOS_CLINICOS,Casos Clínicos / Gastro-Hepatologia,A_DEFINIR,alta,media,alto,True,2_Avaliac_a_o_Casos_Cli_nicos_TURMA_B_2021_1__7bf703af15|CASOS_CL_NICOS_RESUMO__249c11a613|Casos_Cli_nicos_P7_1__4f3f459b20,"FATO (resumo): causas de cirrose, fatores de risco tabelados por doença hepática associada, sinais de feminilização, hipertensão portal, AST/ALT>2 com AST<300 sugerindo álcool, albumina <3 e TP >3 s de prolongamento; único tratamento definitivo é o transplante. EVIDÊNCIA DE PROVA (2021, TURMA B): Q4 — mulher 65 anos, ascite, perda de 6 kg, GASA 0,8 g/dL → carcinomatose peritoneal; Q7 — cirrótico alcoólico confuso, líquido ascítico com 200 leucócitos e 80% PMN + E. coli → peritonite bacteriana espontânea. LACUNA: não há material didático de ascite no corpus (a aula de 16/10 aparece só como anot"
Abordagem à diarreia aguda e crônica — diagnóstico diferencial e investigação,CASOS_CLINICOS,Casos Clínicos / Gastroenterologia,A_DEFINIR,alta,forte,alto,True,Abordagem_a_s_diarreias__41fb86fd8c|CASOS_CL_NICOS_RESUMO__249c11a613|Casos_Cli_nicos_P7_1__4f3f459b20|manejo_do_paciente_com_diarreia_avaliacao_do_estad_240912_14__d02d8d34b1,"FATO: definições (aguda <14 dias, crônica >30 dias no slide e >4 semanas no resumo; disenteria = muco e sangue; >200 g/dia). Indicações de investigação: diarreia sanguinolenta, febre >38,5 °C, >6 dejeções/dia ou >48 h, dor abdominal severa, idoso ou imunodeprimido. Caso-índice do slide: mulher 17 anos, diarreia crônica com sangue, artralgia, perda de 10 kg, PCR 340, colonoscopia com acometimento difuso e contínuo + pseudopólipos = retocolite ulcerativa. Anotação manuscrita de 14/08 lista os diagnósticos diferenciais cobrados: doença celíaca, Crohn, intolerância à lactose, SII, amebíase/giardía"
Doença celíaca,CASOS_CLINICOS,Casos Clínicos / Gastroenterologia,A_DEFINIR,media,media,baixo,True,Abordagem_a_s_diarreias__41fb86fd8c|Casos_Cli_nicos_P7_1__4f3f459b20,"FATO: HLA-DQ2 (95%) e DQ8 (5%); paciente típico é <10% dos casos (criança <5 anos com anemia ferropriva refratária), 90% oligossintomáticos. Anticorpos: anti-transglutaminase tecidual IgA (sensível) + IgA sérica total, anti-endomísio (específico). EDA faz o diagnóstico: atrofia de vilosidades + hiperplasia de criptas, revertendo em 3-12 meses sem glúten. Risco de linfoma (18%) e câncer gastrointestinal. CONFLITO POTENCIAL: a anotação manuscrita afirma 'a DC não é comum ter esteatorreia', enquanto o slide lista 'diarreia crônica com esteatorreia' no quadro típico — OCR de baixa confiança, não r"
Doença inflamatória intestinal — Crohn versus retocolite ulcerativa,CASOS_CLINICOS,Casos Clínicos / Gastroenterologia,A_DEFINIR,media,media,medio,False,Abordagem_a_s_diarreias__41fb86fd8c|Casos_Cli_nicos_P7_1__4f3f459b20,"FATO: pico bimodal 15-40 e 50-80 anos; até 20% colite indeterminada. RCU restrita ao cólon (reto e sigmoide), padrão contínuo e ascendente, restrita à mucosa, pseudopólipos, criptite, megacólon tóxico. Crohn 'da boca ao ânus' com íleo terminal, poupa reto, padrão salteado, transmural (fístulas e estenoses), granulomas não caseosos. Extraintestinais com atividade: episclerite e eritema nodoso; sem atividade: pioderma gangrenoso, colangite esclerosante primária, espondilite/artralgia, uveíte. Diagnóstico: PCR, VHS e calprotectina fecal ↑, ASCA (Crohn) e p-ANCA (RCU), colonoscopia. Tratamento: 5-"
Síndrome do intestino irritável,CASOS_CLINICOS,Casos Clínicos / Gastroenterologia,A_DEFINIR,baixa,fraca,baixo,False,Abordagem_a_s_diarreias__41fb86fd8c|CASOS_CL_NICOS_RESUMO__249c11a613,"FATO: dor abdominal crônica e recorrente com alteração do hábito intestinal, sem base orgânica; NÃO acorda o paciente; perfil clássico mulher 30-50 anos com estresse. Exames apenas se sintomas que mimetizam DII. Tratamento: orientação dietética, escopolamina e bromoprida, antidepressivos tricíclicos e ISRS. LACUNA: critérios diagnósticos formais ausentes na fonte."
Colite pseudomembranosa por Clostridioides difficile,CASOS_CLINICOS,Casos Clínicos / Gastroenterologia-Infectologia,A_DEFINIR,media,media,alto,False,Abordagem_a_s_diarreias__41fb86fd8c,"FATO: paciente clássico = idoso, uso recente de ATB (clindamicina principal, fluoroquinolonas, cefalosporinas), cirurgia abdominal prévia, uso de SNE. Diagnóstico: toxinas A e B (ELISA/PCR), coprocultura, colonoscopia com pseudomembranas amarelo-esbranquiçadas. Tratamento: VANCOMICINA VIA ORAL 125 mg 6/6 h (de escolha); metronidazol VO 500 mg 8/8 h; fidaxomicina se recorrência; se grave/septicemia vancomicina VO + metronidazol EV; transplante de microbiota fecal. ATENÇÃO: a via oral da vancomicina é o ponto de erro clássico — marcar na camada de precisão."
Icterícia e interpretação das provas de função hepática,CASOS_CLINICOS,Casos Clínicos / Hepatologia,A_DEFINIR,media,fraca,medio,False,CASOS_CL_NICOS_RESUMO__249c11a613|Casos_Cli_nicos_P7_1__4f3f459b20,"FATO parcial (OCR degradado, baixa confiança): aula de 07/08 sobre icterícia com graduação de intensidade (dúvida / certeza / olho amarelo / corpo todo amarelo), exames de função hepática = albumina, bilirrubina, coagulograma; função renal = sódio, potássio, ureia, creatinina. O resumo textual complementa com elevação de bilirrubina direta = colestase e indireta isolada = Gilbert/hemólise. PENDENTE DE VISÃO: reler Casos Clínicos P7 1.pdf para recuperar o conteúdo real."
"Cefaleias — classificação, sinais de alarme e tratamento das primárias",CASOS_CLINICOS,Casos Clínicos / Neurologia,A_DEFINIR,alta,forte,alto,True,CASOS_CL_NICOS_RESUMO__249c11a613|Casos_Cli_nicos_P7_1__4f3f459b20|Co_pia_de_faculdade_de_medicina_nova_esperanc_a_1___eaddb424fb|FACILITA_OSCE_1___6c6a714b3e,"FATO: caso-índice do slide = homem 26 anos, cefaleia frontal, febre, vômito, convulsão, afasia de Broca e ptose à esquerda, com sinusopatia e TCE recente; TC mostrou hipodensidade frontal esquerda (ABSCESSO) + higroma — armadilha clássica de cefaleia secundária. Enxaqueca: unilateral, pulsátil, 4-72 h, foto/fonofobia, aura; agudo com analgésico/AINE/triptano; profilaxia (>15 dias/mês por 3 meses) com β-bloqueador, amitriptilina, topiramato, valproato, verapamil, inibidores de CGRP, com precauções explícitas por comorbidade. Salvas: dor orbitária unilateral 15-180 min, 1-8 crises/dia, sinais au"
Hemorragia subaracnoide e hipertensão intracraniana,CASOS_CLINICOS,Casos Clínicos / Neurologia-Emergência,A_DEFINIR,alta,media,alto,True,Casos_Cli_nicos_P7_1__4f3f459b20|Co_pia_de_faculdade_de_medicina_nova_esperanc_a_1___eaddb424fb|FACILITA_OSCE_1___6c6a714b3e|OSCE_NEUROLOGIA__2cfa60427a,"FATO: HSA = cefaleia de forte intensidade, 'a pior dor da vida', mais comum em mulheres, hipertensas e tabagistas; TC de crânio SEM CONTRASTE primeiro, punção lombar se TC negativa com alta suspeita, angio-RM/angio-TC para o aneurisma; encaminhar a serviço de neurocirurgia. HIC: PIC >20 mmHg (normal até 15); crânio = 80% cérebro, 10% LCR, 10% sangue; causas tumor/abscesso, edema, ↑produção ou ↓absorção de LCR, ↓retorno venoso; clínica com cefaleia intensa, alteração de consciência, paresia de nervos cranianos, convulsão, TRÍADE DE CUSHING (hipertensão + bradicardia + depressão respiratória) e "
"Fraqueza muscular — miastenia gravis, polimiosite e diagnóstico diferencial",CASOS_CLINICOS,Casos Clínicos / Neurologia-Reumatologia,A_DEFINIR,alta,fraca,medio,True,2_Avaliac_a_o_Casos_Cli_nicos_TURMA_B_2021_1__7bf703af15|Casos_Cli_nicos_P7_1__4f3f459b20,"FATO parcial (anotação, OCR degradado): diagnósticos diferenciais listados = miastenia, hipotireoidismo, lúpus, deficiência de cortisol, distúrbio eletrolítico; nota de que 'a mialgia é o principal' na polimiosite; anotação de que o que a professora não falou não precisa estudar. EVIDÊNCIA DE PROVA 2021 Q8: homem 46 anos com fraqueza facial, disartria, diplopia, fraqueza 3/5 que PIORA COM O ESFORÇO e alteração da mirada conjugada → junção neuromuscular. LACUNA: sem material didático — apenas anotação manuscrita e prova."
"Tontura e vertigem — VPPB, Dix-Hallpike e diagnóstico diferencial",CASOS_CLINICOS,Casos Clínicos / Otorrinolaringologia-Neurologia,A_DEFINIR,alta,fraca,medio,True,2_Avaliac_a_o_Casos_Cli_nicos_TURMA_B_2021_1__7bf703af15|Casos_Cli_nicos_P7_1__4f3f459b20,"EVIDÊNCIA DE PROVA (2021, TURMA B): Q2 — mulher 55 anos com vertigem rotatória breve ao movimentar a cabeça, exames de imagem e EEG normais, Dix-Hallpike positivo à direita → VPPB. Q5 — 'a causa mais prevalente de vertigem é a VPPB, etiologia idiopática, diagnóstico clínico, tratamento não medicamentoso'. LACUNA: nenhum slide, resumo ou capítulo de vertigem no corpus da frente — o conteúdo terá de vir da frente EISA II (Otorrinolaringologia) ou de fonte externa validada."
"Abordagem à dispneia — causas, sinais de alerta e investigação",CASOS_CLINICOS,Casos Clínicos / Pneumologia-Cardiologia,A_DEFINIR,media,media,alto,False,CASOS_CL_NICOS_RESUMO__249c11a613|Casos_Cli_nicos_P7_1__4f3f459b20,"FATO: causas agudas (asma, corpo estranho, pneumotórax, TEP, IAM, ICC) versus crônicas (DPI, DPOC, derrame, restritiva, ICC, HAP, angina, anemia, descondicionamento). Sinais de alerta listados: dispneia em repouso durante o exame, ↓nível de consciência ou agitação/confusão, uso de musculatura acessória com excursão de ar reduzida, dor torácica, crepitações, perda ponderal, sudorese noturna, palpitações. Interpretação: sibilos = asma/DPOC; estridor = obstrução extratorácica; crepitação = IC esquerda, DPI ou consolidação. Exames: oximetria, RX de tórax, ECG, gasometria, angio-TC. LACUNA: nenhum "
Erisipela,EISA_II,Angiologia,III_UNIDADE,alta,fraca,alto,True,09_Erisipela_e_linfedema__89cace7b3b|APOSTILA_SA_II_P7___e43cc7bc21|Erisipela_III_unidade__1b91c3dec3|resumed_sa_de_do_adulto_2__f8fd0b8d31|resumo_edine_ERISIPELA__71ff949837,RESUmed cap. 24. ANGIOLOGIA não tem pastas de prova em EISA II — a unidade III vem só da árvore Resumos (banner interno 'ANGIOLOGIA – III UNIDADE' concorda). | FONTE DA AULA INACESSÍVEL: '09 - Erisipela e linfedema.pdf' (13 pg) é ESCANEADA com 0 chars — exige VISÃO. Doses lidas na apostila: simples = penicilina G benzatina 1.200.000 UI IM a cada 3 dias (4 doses); bolhosa/necrosante = penicilina cristalina 5.000.000 UI EV 6/6h; alergia = eritromicina 500 mg VO 12/12h ou clindamicina 600 mg EV 6/6h. | RECOMENDAÇÃO ao sintetizador: realocar para a frente de Angiologia. Registrado aqui apenas para que nenhum source_id do dossiê fique órfão.
Linfedema,EISA_II,Angiologia,III_UNIDADE,media,media,baixo,False,09_Erisipela_e_linfedema__89cace7b3b|APOSTILA_SA_II_P7___e43cc7bc21,Mesma fonte ESCANEADA (0 chars) da erisipela. Ciclo erisipela↔linfedema é o conceito central.
Pé diabético,EISA_II,Angiologia/Cirurgia Vascular,II_UNIDADE,alta,fraca,alto,False,15_PA_DiabA_tico__4ce9f782de|APOSTILA_SA_II_P7___e43cc7bc21|Pe_diabe_tico_vascular_II_unidade__f5f690b7e4|resumo_edine_PA_DIABA_TICO__4a12db1c24,"LACUNA: 14 de 65 provas não têm camada de texto, então o 'sem hit' é evidência FRACA de ausência, não prova. NOMENCLATURA: a pasta chama-se 'VASCULAR' na II unidade e 'Angiologia' na III — mesma especialidade, dois nomes. ANGIOLOGIA em EISA II não tem pastas de prova. | CONFLITO DE UNIDADE: sem pasta de prova na Angiologia; 'Pé diabético - vascular' rotulado 'II unidade' em outra pasta. Ponte forte com Endócrino (complicações crônicas do DM)."
Diabetes mellitus gestacional,EISA_II,Endocrinologia,A_DEFINIR,media,fraca,alto,False,APOSTILA_SA_II_P7___e43cc7bc21,LACUNA: fonte única (apostila).
"Diabetes mellitus: conceito, classificação e diagnóstico",EISA_II,Endocrinologia,I_UNIDADE,alta,forte,alto,True,APOSTILA_SA_II_P7___e43cc7bc21|Diabetes_1_diagno_stico_classificac_a_o_e_quadro_cli_nico_I___7985d6db11|Diabetes_5___828857ad38|Diabetes_mellitus_classificac_a_o_e_diagno_stico__df17fdabf7|Diabetes_pdf__16172942d8|Dm_conceito_diagno_stico_classificac_a_o_2019_FAMENE__5443174de5|Endocrino_DM_diag_class_quadro_clinico__16859b52cf|resumed_sa_de_do_adulto_2__f8fd0b8d31,"ATENÇÃO À PEGADINHA da devolutiva 2025.1: TOTG de 1 HORA ≥209 mg/dL não é critério clássico — a alternativa correta explorava a leitura de 2 horas. Referência oficial: Diretriz SBD 2024 + Lúcio Vilar 7ed. | Um dos poucos temas onde as duas árvores CONCORDAM. Cobre fisiopatologia, 5 categorias, autoanticorpos, estágios do DM1, octeto, DMG, critérios e fatores que interferem na HbA1c."
"Diabetes: complicações agudas e crônicas (CAD, EHH, hipoglicemia)",EISA_II,Endocrinologia,I_UNIDADE,alta,media,alto,True,APOSTILA_SA_II_P7___e43cc7bc21|Complicac_o_es_DM_pdf__d5ec47a8ee|Diabetes_complica_es_agudas_e_cr_nicas_docx__560f1efbc4|Diabetes_complicac_o_es_agudas_e_cronicas___e78f327c9d|Endocrino_DM_Complicac_o_es_da_DM__c729bbe6b1|resumed_sa_de_do_adulto_2__f8fd0b8d31,"LACUNA CRÍTICA DA MINHA FRENTE: NÃO há arquivo de complicações agudas do DM na árvore Resumos das Unidades, apesar de haver TRÊS arquivos de diabetes na I unidade. É o buraco mais perigoso do mapa — cobertura só pelo RESUmed cap. 30 (autoridade média). Unidade é INFERÊNCIA, não FATO da minha árvore. | O SLIDE da aula (Diabetes- complicações agudas e cronicas, 15 pg) é ESCANEADA com 2 chars — conteúdo inacessível, exige VISÃO. Sustentação atual é só resumo de terceiros + apostila (p.180+)."
Diabetes: metas de tratamento e terapia não insulínica,EISA_II,Endocrinologia,I_UNIDADE,alta,forte,alto,True,1_Farmacoterapia_para_Diabetes_Mellitus__caa50aba48|2025_1_Diabetes_metas_e_tto_n_o_insul_nico__083a9449f2|APOSTILA_SA_II_P7___e43cc7bc21|Diabetes_2_metas_de_tratamento_e_hipoglicemiantes_orais_I_un__6073fa6820|Endocrino_DM_tto_da_DM2__5a8d25ac57|Farmacoterapia_no_DM_1_parte_I_unidade__09d4d95fe9|Farmacoterapia_no_DM_2_parte_I_unidade__b7dabc93a3|Tratamento_de_DM_II_pdf__19261fd73c|resumed_sa_de_do_adulto_2__f8fd0b8d31,O slide 2025.1 (100 pg) está marcado ESCANEADA mas recuperou 10.912 chars legíveis — utilizável. Fronteira com FARMACOLOGIA: a apostila coloca 'Farmacoterapia do diabetes' em capítulo próprio (p.89). | EIXO DUPLO: os dois arquivos 'Farmacoterapia no DM' têm banner 'SAÚDE DO ADULTO II – FARMACOLOGIA – I UNIDADE' E correspondem à 1ª prova de FARMACOLOGIA (pasta FARMACOLOGIA/Slides Aulas/Slides Primeira Prova). Aqui os dois eixos coincidem — é o único caso de farmaco em que coincidem.
Doenças das paratireoides (hiperparatireoidismo) e osteoporose,EISA_II,Endocrinologia,III_UNIDADE,alta,forte,alto,True,2021_2_Doenc_as_das_Paratireoides_e_Osteoporose__532c60e94d|APOSTILA_SA_II_P7___e43cc7bc21|AULA_OSTEOPOROSE_E_HPTP_QUESTIONA_RIO__4dceb85a10|Doenc_as_das_Paratireoides_e_Osteoporose_2___3eaa869450,CONFLITO DE UNIDADE: há slide 2021.2 arquivado em 'Slides Primeira Prova' e slide (2) em 'Slides Terceira Prova' — o tema migrou de unidade entre semestres.
Hiperaldosteronismo primário e feocromocitoma,EISA_II,Endocrinologia,IV_UNIDADE,alta,media,alto,True,2025_1_Hiperaldosteronismo_prim_rio_e_feocromocitoma__d986fd0620|APOSTILA_SA_II_P7___e43cc7bc21|Endocrino_HIPERALDOSTERONISMO_E_FEOCROMOCITOMA__c676c30b7c|Hiperaldosteronismo_e_Feocromocitoma__e3dadc3b4b|resumed_sa_de_do_adulto_2__f8fd0b8d31,"LACUNA DE UNIDADE na minha frente. Evidência externa: EISA II/ENDOCRINOLOGIA/Slides Aulas/Slides QUARTA Prova/'2025.1_Hiperaldosteronismo primário e feocromocitoma.pdf' → tema de IV UNIDADE, que a árvore Resumos não cobre. RESUmed cap. 2. | Erro que mata: bloqueio alfa ANTES do beta no preparo pré-operatório do feocromocitoma. Referência oficial: Endocrine Society Guideline 2016 + Lúcio Vilar 7ed."
"Hiperandrogenismo: hiperplasia adrenal congênita, SOP e tumor virilizante",EISA_II,Endocrinologia,III_UNIDADE,alta,forte,alto,True,APOSTILA_SA_II_P7___e43cc7bc21|Endrocrino_HIPERANDROGENISMO_1___5d35fd472c|HIPERANDROGENISMO_20250415_152135_0000__4e65401348|Hiperandrogenismo_III_unidade__1a314ecc51|Hiperandrogenismo__87fcbd7d4c|resumed_sa_de_do_adulto_2__f8fd0b8d31,"Um dos poucos temas com unidade duplamente confirmada E slide de 2025. Alta confiança. | Consolidei aqui os itens da apostila 'Hiperandrogenismo' (p.208), 'SOP' (p.211) e 'Tumores virilizantes' (p.213) — são a mesma aula."
Hiperfunção hipofisária,EISA_II,Endocrinologia,IV_UNIDADE,alta,media,medio,False,APOSTILA_SA_II_P7___e43cc7bc21|HIPERFUN_O_HIPOFIS_RIA_PARTE_01__0c915df866,LACUNA: falta 'PARTE 02' do slide. Nenhum resumo dedicado.
Hiperplasia adrenal congênita,EISA_II,Endocrinologia,III_UNIDADE,alta,media,alto,True,APOSTILA_SA_II_P7___e43cc7bc21|HIPERANDROGENISMO_20250415_152135_0000__4e65401348,Erro que mata: forma clássica perdedora de sal com hipotensão grave por hipoaldosteronismo + hipocortisolismo no RN.
Hipertireoidismo e tireotoxicose,EISA_II,Endocrinologia,II_UNIDADE,alta,media,alto,True,ANOTAC_O_ES_hipertireoidismo__d7d2480ff0|APOSTILA_SA_II_P7___e43cc7bc21|Endocrino_HIPERTIREOIDISMO__35874c30b5|HIPERTIREOIDISMO__6e9927aae4|Hipertireoidismo_docx__d25177aacc|resumed_sa_de_do_adulto_2__f8fd0b8d31,"O slide da aula (HIPERTIREOIDISMO, 21 pg) é ESCANEADA de MANUSCRITO — os 2012 chars extraídos são OCR corrompido e NÃO devem ser citados como conteúdo. Exige VISÃO. | Arquivo sem banner interno de unidade (só 'ANOTAÇÕES – HIPERTIREOIDISMO'). Só 5 pgs — para dose de tionamida e conduta na crise tireotóxica a fonte é INSUFICIENTE; complementar pelo slide do professor (fora da minha frente)."
Hipoparatireoidismo e hipocalcemia,EISA_II,Endocrinologia,III_UNIDADE,media,media,alto,False,APOSTILA_SA_II_P7___e43cc7bc21|Doenc_as_das_Paratireoides_e_Osteoporose_2___3eaa869450,Não tem material dedicado; vive dentro do slide de paratireoides.
Hipopituitarismo (hipofunção hipofisária),EISA_II,Endocrinologia,IV_UNIDADE,alta,forte,alto,False,2025_1_HIPOPITUITARISMO__1f445bfa8d|APOSTILA_SA_II_P7___e43cc7bc21|Endocrino_HIPOPTUITARISMO__d315f39edb,Erro que mata: repor levotiroxina antes de glicocorticoide precipita crise adrenal.
"Hipotireoidismo (incluindo subclínico, gestação e idoso)",EISA_II,Endocrinologia,II_UNIDADE,alta,forte,alto,True,APOSTILA_SA_II_P7___e43cc7bc21|HIPOTIREOIDISMO_2025_1__82e83b6322|Hipotireoidismo_II_unidade__abb7fa5c58|Hipotireoidismo_pdf_1___af4adf55d6|Hipotireoidismo_pdf__d416805cb5|resumed_sa_de_do_adulto_2__f8fd0b8d31,"RESUmed cap. 21 acrescenta TIREOIDITES, que NÃO aparecem como tema próprio na árvore de unidades — lacuna parcial declarada. | Risco alto pela dose/titulação de levotiroxina e pelo coma mixedematoso."
Insulinoterapia no DM1 e DM2,EISA_II,Endocrinologia,I_UNIDADE,alta,forte,alto,True,APOSTILA_SA_II_P7___e43cc7bc21|Diabetes_3_insulinoterapia_I_unidade__6827ea5dfc|Diabetes_mellitus_insulinoterapia__b65899b766|Farmacoterapia_no_DM_2_parte_I_unidade__b7dabc93a3|Insulinoterapia_1___475cb4442b|Insulinoterapia_pdf__961c14c9a3|resumed_sa_de_do_adulto_2__f8fd0b8d31,"FATO: perfis de ação, 5 opções de lenta, 4 pré-misturas, etapas DM2 e DM1, basal-bolus, efeitos colaterais, hiperglicemia matinal, homogeneização das suspensões. RESUmed cap. 31 (INSULINIZAÇÃO DO DIABETES) reforça. | Camada de precisão obrigatória: dose, técnica de aplicação, armazenamento (2-8°C, não congelar) e correção de hipoglicemia."
"Manejo clínico ambulatorial do DM (avaliação inicial, seguimento, anamnese endócrina)",EISA_II,Endocrinologia,I_UNIDADE,media,media,medio,True,Casos_cli_nicos_Prof_Narriane_Chaves__f0a6616ad6|Oficina_Manejo_Cli_nico_do_DM__48bca328b6|ROTEIRO_DE_ANAMNESE_ENDO_CRINO__21b691b7d9,"Casos_cli_nicos_Prof_Narriane_Chaves é literalmente 'AVALIAÇÃO PRÁTICA/ENDOCRINOLOGIA' — tratar como evidência de prova prática/OSCE, não como material didático."
Nódulos tireoidianos e câncer de tireoide,EISA_II,Endocrinologia,II_UNIDADE,alta,media,medio,True,ANOTAC_O_ES_ca_ncer_e_no_dulo_da_tireoide__e5088007bc|APOSTILA_SA_II_P7___e43cc7bc21|Endocrino_NO_DULOS_BENIGNOS_E_MALIGNOS_DA_TIREOIDE__c839df0ce4|N_dulos_benignos_e_malignos_da_tireoide__b350e1cf3f|No_dulos_benignos_e_malignos_da_tireoide__0b509e98ff|Slides_N_dulos_CA_de_tireoide_sem_cuca_s_notes___bd502a2745|n_dulos_benignos_e_malignos_da_tireoide_1___904e9ae7fb|resumed_sa_de_do_adulto_2__f8fd0b8d31,O slide da aula (8 pg) é ESCANEADA com 0 chars — inacessível. Cobertura vem inteiramente de resumos e da apostila. | ATENÇÃO: um único arquivo contém DOIS temas (nódulos + câncer de tireoide) — desmembrei em dois temas canônicos com o mesmo source_id. O arquivo NÃO tem banner interno de unidade; a unidade vem só da pasta. RESUmed cap. 4. | RESUmed traz DUAS entradas: cap. 4 (nódulos benignos e malignos) e cap. 22 (ANATOMIA PATOLÓGICA DO CÂNCER DE TIREOIDE) — a segunda é de Patologia e não tem contraparte na árvore de unidades. LACUNA parcial.
Obesidade e síndrome metabólica,EISA_II,Endocrinologia,III_UNIDADE,alta,media,medio,True,APOSTILA_SA_II_P7___e43cc7bc21|Endocrino_OBESIDADE_E_SA_NDROME_METABA_LICA__79c20cd26e|Obesidade_e_Sind_Metabo_lica__bd2e4b03f6|Sd_metab_lica__8e5c3c8899|resumed_sa_de_do_adulto_2__f8fd0b8d31,"LACUNA DE UNIDADE. A fonte de diabetes (Diabetes 2) menciona que ~90% dos DM2 têm síndrome metabólica associada, mas não desenvolve o tema. | LACUNA: nenhum slide de aula na pasta ENDOCRINOLOGIA, apesar de ser tema com 3 questões numa única prova."
"Farmacologia das dislipidemias — estatinas, ezetimiba, fibratos, resinas, inibidores de PCSK9 e inclisiran",EISA_II,Farmacologia / Cardiologia-Endocrinologia,IV_UNIDADE,alta,forte,alto,True,Farmacoterapia_das_dislipidemias_III_unidade__cae4ec9561|P7_FAMENE_FARMACOLOGIA_DAS_DISLIPIDEMIAS_2025__766492937d|resumed_sa_de_do_adulto_2__f8fd0b8d31,"FATO: estatinas ↓LDL 20-55%, ↓TG 8-34%, ↑HDL 2-10%; adversos miopatia/rabdomiólise (monitorar CK) e ↑transaminases reversível. Ezetimiba ↓LDL 20%. Fibratos ↓TG 30-50% e são droga de escolha na hipertrigliceridemia grave >500 mg/dL (prevenção de pancreatite); genfibrozila ↓metabolismo das estatinas e ↑risco de miopatia — fenofibrato é o mais seguro em associação. iPCSK9 SC ↓60% LDL isolado, ↓73% com estatina, ↓30-40% Lp(a); inclisiran (siRNA) SC 1x/6 meses ↓52% LDL. Ácido bempedoico ↓30% (50% com ezetimiba), adversos gota/colelitíase/↑ácido úrico. Lomitapida (inibidor de MTP) só para HF homozig | MESMO CONFLITO DE EIXO: pasta/banner = III UNIDADE de EISA II; slide em FARMACOLOGIA/Slides QUARTA Prova/'P7 - FAMENE - FARMACOLOGIA DAS DISLIPIDEMIAS 2025.pdf'. RESUmed cap. 5."
"Farmacoterapia do diabetes mellitus I — antidiabéticos não secretagogos (biguanidas, glitazonas, iSGLT2, acarbose)",EISA_II,Farmacologia / Endocrinologia,I_UNIDADE,alta,forte,alto,False,Farmacoterapia_no_Diabetes__a25f0bdd34|P7_FAMENE_FARMACOTERAPIA_DO_DIABETES_2025_1_1a_aula__52271174b7,"FATO lido: metformina cp 500/850/1000 e XR; ↓GJ 20-30%, ↓HbA1c 1-2%; acidose láctica e contraindicações (IR, IC, sepse, contraste iodado, >65a, inibidores da anidrase carbônica/topiramato, álcool, hepatopatia); suspeitar com mal-estar, mialgia, taquipneia, lactato >5 mmol/L. Pioglitazona 15/30/45 mg: edema, ↑ICC, fraturas em mulheres, CA de bexiga, hepatotoxicidade, evitar TFG<15; CI em IC III/IV e gestação. iSGLT2 (dapa 10, empa 10-25, cana 100-300 mg): ↓HbA1c 0,7-1,0%, ↓morte CV 38%, ↓hospitalização por IC 35%, ITU/genital, cetoacidose, CI em IR grave. Acarbose 50/100 mg 3x/dia para hipergli"
"Farmacoterapia do diabetes mellitus II — secretagogos e incretinomiméticos (sulfonilureias, glinidas, iDPP-4, agonistas GLP-1, agonistas duais)",EISA_II,Farmacologia / Endocrinologia,I_UNIDADE,alta,forte,alto,False,Farmacoterapia_no_Diabetes__a25f0bdd34|P7_FAMENE_FARMACOTERAPIA_DO_DIABETES_2025_1_2a_aula__09f55ba2de,"FATO: glibenclamida cp 5 mg, dose inicial 2,5-5 mg/dia — evitar em IR e idoso, maior risco de hipoglicemia grave, ↑peso 1,7 kg; glimepirida 1-6 mg, baixo potencial de hipoglicemia mas ↑peso 4,0 kg; gliclazida 30/60/80 mg, maior seletividade β, não interfere no KATP cardíaco, mais indicada na IR, ↑peso 0,7 kg; clorpropamida (1ª ger) duração >48 h e risco de coma hipoglicêmico. Linagliptina é a única iDPP-4 sem ajuste na IR (excreção biliar); saxagliptina e alogliptina ↑internação por IC (SAVOR-TIMI). Tabela completa de aGLP-1 com via/dose/benefício CV comprovado (liraglutida, semaglutida SC, du"
"Insulinoterapia — classificação por tempo de ação, perfis farmacocinéticos e efeitos adversos",EISA_II,Farmacologia / Endocrinologia,I_UNIDADE,alta,forte,alto,False,Farmacoterapia_no_Diabetes__a25f0bdd34|P7_FAMENE_FARMACOTERAPIA_DO_DIABETES_2025_1_2a_aula__09f55ba2de,"FATO: ultrarrápidas (lispro, asparte, glulisina) início <15 min, pico 30-90 min, duração 3-4 h, aplicar 15 min antes/durante a refeição; regular início 30-60 min, pico 120-180 min, aplicar 30 min antes, variabilidade de absorção ~25%; NPH início 1-4 h, pico 4-10 h, variabilidade ~50%, maior risco de hipoglicemia noturna e hiperglicemia de jejum; detemir/glargina sem pico 20-24 h (detemir 2x/dia, glargina e degludeca 1x/dia); degludeca início 30-90 min, duração 36-42 h. CONFLITO INTRA-FONTE: o texto corrido diz NPH duração 12-18 h e a tabela da mesma aula diz 10-16 h. Terapia intensiva ↓76% ret"
Farmacoterapia das convulsões — anticonvulsivantes por mecanismo e escolha por tipo de crise,EISA_II,Farmacologia / Neurologia,IV_UNIDADE,alta,forte,alto,True,Anticonvulsivantes_III_unidade__33c7d91e0b|FAMENE_FARMACOTERAPIA_DAS_CONVULSO_ES_2024_2__f60caaf147|resumed_sa_de_do_adulto_2__f8fd0b8d31,"FATO: classificação por mecanismo (canal de Na+: fenitoína, carbamazepina, lamotrigina, oxcarbazepina, topiramato, valproato; canal de Ca2+: lamotrigina, valproato, gabapentina, etossuximida; moduladores GABAA: BZD, fenobarbital, primidona, topiramato; inibidores de captação/GABA-T: tiagabina, vigabatrina, valproato; anti-NMDA: felbamato). Fenitoína tem cinética NÃO LINEAR — hiperplasia gengival, hirsutismo, nistagmo/diplopia/ataxia, arritmia se EV; carbamazepina tem relação linear, risco de anemia aplásica e hepatotoxicidade. Valproato: insuficiência hepática fatal (risco maior em <2 anos e e | CONFLITO DE EIXO: banner interno 'SAÚDE DO ADULTO II – FARMACOLOGIA – III UNIDADE' e pasta III UNIDADE/Farmacologia; MAS o slide correspondente está em FARMACOLOGIA/Slides Aulas/Slides QUARTA Prova"
Estado de mal epiléptico — sequência terapêutica e doses,EISA_II,Farmacologia / Neurologia (emergência),IV_UNIDADE,alta,forte,alto,False,FAMENE_FARMACOTERAPIA_DAS_CONVULSO_ES_2024_2__f60caaf147,"FATO (literal da fonte): definição = crise tônico-clônica com duração >5 min. Escada: (1) diazepam 10 mg em adultos e 0,3 mg/kg em crianças, em bolus, pode repetir após 10 min; (2) fenitoína 15-20 mg/kg em 100 mL de SF, infusão contínua 50 mg/min — atenção a cardiopatas; (3) fenobarbital 10-20 mg/kg em 100 mL de SF, infusão contínua 100 mg/min; (4) tiopental 3 mg/kg ou propofol 2 mg/kg. ATENÇÃO DO VALIDADOR: essas doses/velocidades devem ser conferidas contra diretriz atual antes de virar cápsula — a fonte é slide de 2024.2 e a skill não pode propagar dose errada."
Anticonvulsivantes na gestação — teratogenicidade e escolha,EISA_II,Farmacologia / Neurologia-Obstetrícia,IV_UNIDADE,media,media,alto,False,FAMENE_FARMACOTERAPIA_DAS_CONVULSO_ES_2024_2__f60caaf147,"FATO: valproato, fenobarbital, topiramato e BZD têm maior potencial teratogênico; 2-3% de malformações com carbamazepina, fenitoína, lamotrigina e levetiracetam. Fenda palatina com topiramato/fenobarbital/valproato; defeitos cardíacos com fenobarbital/valproato; APENAS o valproato causou hipospádia, defeitos do tubo neural, déficit cognitivo e TEA. Opções na gestante segundo a fonte: levetiracetam, carbamazepina, lamotrigina, fenitoína."
"Avaliação laboratorial em nefrologia (urinálise, TFG, proteinúria)",EISA_II,Nefrologia,I_UNIDADE,alta,forte,medio,True,3_DiagnA_stico_laboratorial_em_nefrologia_1___356124c454|3_DiagnA_stico_laboratorial_em_nefrologia__5f2f478f29|APOSTILA_SA_II_P7___e43cc7bc21|AVALIAC_A_O_LABORATORIAL_EM_NEFROLOGIA__4419b29eb0|DIAG_SIND_DIAG_LAB_2024_2__048561d4fc,3_DiagnA_stico_laboratorial_em_nefrologia e _1 são DUPLICATA EXATA (13656 chars). Referência oficial da prova = Riella.
Avaliação por imagem em nefrologia,EISA_II,Nefrologia,I_UNIDADE,alta,media,medio,True,2_Exames_de_imagem_na_Nefrologia__d17a2c74cb|APOSTILA_SA_II_P7___e43cc7bc21|Avaliac_a_o_por_imagem_em_nefrologia__e68258f0dd|Diagno_stico_radiolo_gico_I_unidade__c66744abff|resumed_sa_de_do_adulto_2__f8fd0b8d31,"O slide da aula é ESCANEADA (28 pg) e só recuperou títulos. Diagno_stico_radiolo_gico_I_unidade é NATIVA e FORA do meu dossiê (pasta 'Resumos das Unidades'). | RESUmed cap. 38 (DIAGNÓSTICO POR IMAGEM EM NEFROLOGIA) cobre o mesmo. FATO: TFG normal 100–120, perda fisiológica de 1 ml/min/ano após os 40."
Como e quando encaminhar para o nefrologista,EISA_II,Nefrologia,A_DEFINIR,media,forte,medio,False,APOSTILA_SA_II_P7___e43cc7bc21|PDF_Como_e_quando_encaminhar_para_o_nefrologista__6bcd9a270c,"23 pg NATIVA, integralmente legível."
Diagnóstico sindrômico em nefrologia,EISA_II,Nefrologia,I_UNIDADE,alta,media,medio,True,1_DiagnA_stico_das_sA_ndromes_nefrolA_gicas__542c6a898f|APOSTILA_SA_II_P7___e43cc7bc21|DIAG_SIND_DIAG_LAB_2024_2__048561d4fc|Diagnostico_Sindro_mico_pdf__738877900c|resumed_sa_de_do_adulto_2__f8fd0b8d31,"APOSTILA p.3-6 é a espinha dorsal. Slide DIAG SIND + DIAG LAB 2024.2 (87 pg, MISTA) é a aula da Profa. Cecília Neta. | Consolidei dois capítulos do RESUmed em um tema porque o slide do professor os ensina juntos. LACUNA: sem arquivo na árvore Resumos das Unidades — o único tema de nefro da I unidade lá é 'Diagnóstico radiológico'."
Doença renal crônica (DRC),EISA_II,Nefrologia,II_UNIDADE,alta,media,alto,True,APOSTILA_SA_II_P7___e43cc7bc21|DRC_2024_1_1___ca05068d36|DRC_Doen_a_renal_cr_nica__2da7fa9f7a|Nefro_DOENC_A_RENAL_CRO_NICA__3429dee493|Nefrologia_DoenA_a_renal_crA_nica_I__3be337baf2|resumed_sa_de_do_adulto_2__f8fd0b8d31,"LACUNA DA MINHA FRENTE: nenhum arquivo de DRC na árvore Resumos das Unidades, embora 'Terapia renal substitutiva' (II unidade) dependa dela. Cobertura só por RESUmed cap. 17 ('DOENÇA RENAL CRÔNICA - Parte I' — o compilado tem apenas a PARTE I; a parte II não consta no sumário). Unidade é INFERÊNCIA. | Erro que mata: hipercalemia e acidose refratárias como indicação de diálise de urgência."
Doença renal na gestação / rim e gravidez,EISA_II,Nefrologia,A_DEFINIR,media,media,alto,False,Rim_e_Gravidez_2021_2__8e028aff9d|resumed_sa_de_do_adulto_2__f8fd0b8d31,"LACUNA DE UNIDADE. RESUmed cap. 6. Há sobreposição com o cap. 37 (LESÃO RENAL AGUDA), cujo corpo também trata da grávida — possível conflito de organização interna do compilado. | Ausência no sumário da apostila é o sinal mais forte de que saiu do programa — não decidir sozinho."
Doenças císticas renais,EISA_II,Nefrologia,A_DEFINIR,media,fraca,medio,False,APOSTILA_SA_II_P7___e43cc7bc21,LACUNA: única fonte é a apostila.
Glomerulopatias primárias,EISA_II,Nefrologia,III_UNIDADE,alta,forte,alto,True,APOSTILA_SA_II_P7___e43cc7bc21|PDF_Glomerulopatias_1_s_2024_2__fe8a341554|glomerulopatias_em_ped_GNDA_e_SN__8da6c78621,glomerulopatias_em_ped_GNDA_e_SN é conteúdo PEDIÁTRICO cross-filed em NEFROLOGIA/Resumos (aula da prof. Liane Carvalho) — pertence a EISCA.
Glomerulopatias primárias e secundárias,EISA_II,Nefrologia,III_UNIDADE,alta,media,medio,False,resumed_sa_de_do_adulto_2__f8fd0b8d31,LACUNA GRAVE DA MINHA FRENTE: nenhum arquivo de glomerulopatias na árvore Resumos das Unidades. Note que as SECUNDÁRIAS têm slide fora de pasta de prova ('Glomerulopatias Secundarias - SAII-1.pdf') — a unidade das secundárias fica indeterminada mesmo com inferência.
Glomerulopatias secundárias,EISA_II,Nefrologia,III_UNIDADE,alta,forte,alto,True,APOSTILA_SA_II_P7___e43cc7bc21|Glomerulopatia_Secunda_ria__e2c6bd4d58|Glomerulopatias_Secund_rias__9af4f064dd|Glomerulopatias_Secundarias_SAII_1__1e7727c4b1,"Glomerulopatias_Secundarias_SAII_1 (MISTA, 20 pg) traz anotações de aula com as classes lúpicas — fonte de mais alto valor prático."
Hipertensão arterial nefrógena e renovascular,EISA_II,Nefrologia,III_UNIDADE,alta,media,alto,True,APOSTILA_SA_II_P7___e43cc7bc21|DBHA_2020__deed973a25|resumed_sa_de_do_adulto_2__f8fd0b8d31,"Não há slide de aula. DBHA 2020 (143 pg, 713k chars) é diretriz genérica de HAS, não aula da disciplina — cobre o tema mas exige recorte. | LACUNA DE UNIDADE na minha frente — a inferência vem de outra árvore, não da minha."
Lesão renal aguda (LRA/IRA),EISA_II,Nefrologia,I_UNIDADE,alta,media,alto,True,APOSTILA_SA_II_P7___e43cc7bc21|Inju_ria_renal_aguda_II_unidade__6a138171d7|LRA_Les_o_renal_aguda_docx__7e5ef43e9f|Lesa_o_renal_aguda__0a0674f8cb|Nefrologia_LesA_o_Renal_Aguda__47a54c6e95|resumed_sa_de_do_adulto_2__f8fd0b8d31,"LACUNA: não existe slide de aula de LRA em nenhuma pasta 'Slides Prova'. Sustentação vem de resumos de terceiros + apostila. Inju_ria_renal_aguda_II_unidade é NATIVA e está FORA do dossiê. | LACUNA DE CORROBORAÇÃO: EISA II/NEFROLOGIA não tem slide de LRA em pasta de prova (só em Resumos). RESUmed cap. 37 (LESÃO RENAL AGUDA) — atenção, o trecho localizado no corpo do RESUmed aborda LRA NA GRÁVIDA, sugerindo que o capítulo se sobrepõe a 'Doença renal na gestação' (cap. 6). CONFLITO menor de escopo a verificar."
Nefropatia diabética / doença renal do diabetes,EISA_II,Nefrologia,III_UNIDADE,alta,media,alto,True,APOSTILA_SA_II_P7___e43cc7bc21|Doenc_a_renal_do_diabetes_III_unidade__a682b8eb7b|Nefro_NEFROPATIA_DIABE_TICA__01f9e16a5f,"Sem slide de aula. Doenc_a_renal_do_diabetes_III_unidade (NATIVA, 9 pg) está FORA do meu dossiê. | FATO relevante para a skill: a fonte afirma DRD como 1ª causa de DRC nos EUA e 2ª no Brasil (aqui a 1ª é HAS). LACUNA DE CORROBORAÇÃO: sem slide em pasta de prova de EISA II/NEFROLOGIA."
"Terapia renal substitutiva (hemodiálise, diálise peritoneal, transplante)",EISA_II,Nefrologia,II_UNIDADE,alta,media,alto,True,ANOTAC_O_ES_terapia_renal_substitutiva__08a0ff9a53|APOSTILA_SA_II_P7___e43cc7bc21,"LACUNA DE CORROBORAÇÃO: não há slide de TRS em nenhuma pasta de prova de EISA II/NEFROLOGIA. A unidade II vem SÓ da anotação da Karen (banner interno 'NEFROLOGIA – II UNIDADE' concorda com a pasta, mas é a mesma autora — não é fonte independente). | A única fonte boa (ANOTAÇÕES - terapia renal substitutiva, NATIVA, 4 pg) está FORA do meu dossiê. Li: indicação em DRC estágio 5 com sintomas refratários; anemia isolada NÃO indica diálise."
AVC hemorrágico,EISA_II,Neurologia,I_UNIDADE,alta,media,alto,True,APOSTILA_SA_II_P7___e43cc7bc21|AVCH__6cde4df7bd|AVCH_pdf__e10bced55a|AVC_Hemorra_gico_pdf__d5089758a7|Neurologia_AVCH_1___9f26db1751|Neurologia_AVCH__111b013ac1|resumed_sa_de_do_adulto_2__f8fd0b8d31,"LACUNA DA MINHA FRENTE: a árvore Resumos das Unidades tem DOIS arquivos de AVC isquêmico e NENHUM de AVC hemorrágico, embora EISA II/NEUROLOGIA/Resumos tenha 4 arquivos de AVCH. Sem slide em pasta de prova → unidade indeterminada. RESUmed cap. 14. Parte do conteúdo aparece dentro do arquivo de TCE (hemorragia subaracnóidea, hematomas). | LACUNA: nenhum slide de aula. Neurologia_AVCH e Neurologia_AVCH_1 são DUPLICATA EXATA (21472 chars)."
AVC isquêmico — investigação etiológica e prevenção secundária,EISA_II,Neurologia,II_UNIDADE,alta,media,alto,True,APOSTILA_SA_II_P7___e43cc7bc21|AVCI_investigac_a_o_etiolo_gica_II_unidade__314b910aaf|P7_AVC_Investigacao__3e99087656|resumed_sa_de_do_adulto_2__f8fd0b8d31,"MESMO CONFLITO do AVCI urgência: pasta diz II UNIDADE, slide 'P7 AVC Investigacao.pdf' está em Slides Primeira Prova. Fonte curta (4 pgs). | Slide ESCANEADA (23 pg) recuperou 2.668 chars com a classificação TOAST e os cortes de estenose (leve <50%, moderada 50-69%, grave >70%) — parcialmente aproveitável, mas exige VISÃO para o resto."
"AVC isquêmico: urgência, trombólise e trombectomia",EISA_II,Neurologia,I_UNIDADE,alta,media,alto,True,APOSTILA_SA_II_P7___e43cc7bc21|AVCI_urge_ncia_neurolo_gica_II_unidade__bec5d0b3b8|P7_avc_1__5ccf1d6c11|resumed_sa_de_do_adulto_2__f8fd0b8d31,"LACUNA: não existe resumo dedicado de AVCi dentro do dossiê EISA II — todos os resumos de NEUROLOGIA/Resumos são de AVC HEMORRÁGICO. A melhor fonte textual (AVCI urgência neurológica, NATIVA) está FORA do dossiê. Referência oficial: guideline AHA + Nitrini 3ed. | CONFLITO DE UNIDADE (grave): a árvore Resumos põe em II UNIDADE (banner interno concorda), mas EISA II/NEUROLOGIA/Slides Aulas/Slides PRIMEIRA Prova contém 'P7 avc 1.pdf' e 'P7 AVC Investigacao.pdf'. II vs I — o sintetizador precisa arbitrar antes de usar isso em Plano de Guerra."
Cefaleias primárias e secundárias,EISA_II,Neurologia,I_UNIDADE,alta,forte,alto,True,3_Cefaleias__8e6ef3de3b|APOSTILA_SA_II_P7___e43cc7bc21|Cefaleia_I_unidade__9cd7639c6e|Cefaleia__44bc1a66d8|Cefaleias__ecf14a1a72|cefaleia_2023_ppt__42073aa2f8|resumed_sa_de_do_adulto_2__f8fd0b8d31,"RESUmed cap. 26 (CEFALEIAS) traz o conteúdo em formato de CASOS CLÍNICOS — útil para o modo Resolver Questão. | Risco alto pelos red flags (cefaleia em trovoada → HSA). Slide da Profa. Cláudia Barros (40 pg, MISTA)."
Coma e rebaixamento do nível de consciência,EISA_II,Neurologia,A_DEFINIR,alta,media,alto,False,APOSTILA_SA_II_P7___e43cc7bc21|Neuro_COMA__3d9a975464,LACUNA: nenhum slide de aula.
Demências,EISA_II,Neurologia,III_UNIDADE,alta,media,medio,True,APOSTILA_SA_II_P7___e43cc7bc21|Del_rium_e_dem_ncia_docx__14314da2e4|Deme_ncias_III_unidade__b4f6343c43|Deme_ncias__7cd0ec2067|Deme_ncias__be616163ac|Mariah_Carvalho_Mo_dulo_Sau_de_Mental__2b7d072985|Psiquiatria_TRANSTORNOS_MENTAIS_ORGA_NICOS_1___cafd7e9f74|Psiquiatria_TRANSTORNOS_MENTAIS_ORGA_NICOS__408a0a6c55|Transtornos_Org_nicos__65db2d2b7d|continuum_dementia_2024_1___06d08e6d0f|continuum_dementia_2024__b06e8198b8|resumed_sa_de_do_adulto_2__f8fd0b8d31,"Um dos poucos temas de Neurologia com unidade confirmada. RESUmed cap. 27. Keyword bate também em EISM 2ª prova — diferencial demência x depressão (pseudodemência) atravessa as duas disciplinas. | SOBREPOSIÇÃO DE FRENTE: o slide 'Demências.pdf' é de NEUROLOGIA, da profa. Cláudia Barros, e está solto na raiz de 'Slides Aulas' sem pasta de prova — pode pertencer a EISA II/Neurologia e não a EISM. O sintetizador deve decidir de que lado do currículo este tema mora; há risco de duplicação com a frente EISA II. Unidade indeterminada. PONTO DE RISCO ALTO PONTUAL dentro de tema de risco médio: SENSIB"
Distúrbios do movimento,EISA_II,Neurologia,A_DEFINIR,media,media,medio,False,APOSTILA_SA_II_P7___e43cc7bc21|Neuro_DISTA_RBIOS_DO_MOVIMENTO__5a0889bf9a|resumed_sa_de_do_adulto_2__f8fd0b8d31,LACUNA DE UNIDADE. Ponto de contato com Psiquiatria: parkinsonismo medicamentoso por antipsicóticos (tema mapeado na II unidade de EISM). | LACUNA: nenhum slide de aula na pasta NEUROLOGIA.
"Doenças neuromusculares (miastenia, Guillain-Barré, ELA, miopatias)",EISA_II,Neurologia,III_UNIDADE,alta,media,alto,True,APOSTILA_SA_II_P7___e43cc7bc21|Doenc_as_Neuromusculares_1___1f93a37c3e|Doenc_as_Neuromusculares_2___c1f6234f28|Doenc_as_neuromusculares_III_unidade__ea38d8f852|Doenc_as_neuromusculares__63e55fa0f2|doen_as_neuromusculares__68f8cae128,CONFLITO DE UNIDADE: pasta/banner = III UNIDADE/Neurologia; EISA II/NEUROLOGIA/Slides SEGUNDA Prova/'Doenças neuromusculares.pdf'. III vs II. | Slide ESCANEADA (32 pg) recuperou apenas 549 chars — praticamente só o roteiro de tópicos; exige VISÃO. Doenc_as_Neuromusculares_1 e _2 são DUPLICATA EXATA (6752 chars).
Epilepsia e crises epilépticas,EISA_II,Neurologia,II_UNIDADE,alta,media,alto,True,APOSTILA_SA_II_P7___e43cc7bc21|Epilepsia__c07e537396|P7_Epilepsia_pdff__4b408f8a34|resumed_sa_de_do_adulto_2__f8fd0b8d31,"Fronteira com FARMACOLOGIA: 'Anticonvulsivantes - III unidade' e a apostila p.107 tratam a farmacoterapia separadamente. | LACUNA DA MINHA FRENTE: não há arquivo de Epilepsia na árvore Resumos das Unidades — só o de Anticonvulsivantes (farmacologia, III unidade). Ou seja, a droga está mapeada e a doença não. RESUmed cap. 8."
Esclerose múltipla e doenças desmielinizantes,EISA_II,Neurologia,A_DEFINIR,media,media,medio,False,APOSTILA_SA_II_P7___e43cc7bc21|DOENC_AS_DESMIELINIZANTES_2020__d29f785e2b,Slide ESCANEADA (76 pg) recuperou 8.783 chars com estrutura da aula — parcialmente aproveitável. Ponte forte com Neuroftalmologia (neurite óptica).
Hipertensão intracraniana,EISA_II,Neurologia,A_DEFINIR,alta,media,alto,True,APOSTILA_SA_II_P7___e43cc7bc21|TRAUMATISMO_CRANIO_ENCEFALICO__a11286e20c|resumed_sa_de_do_adulto_2__f8fd0b8d31,LACUNA DE UNIDADE. RESUmed cap. 16. Conteúdo parcialmente absorvido pelos arquivos de TCE (brain swelling) e Neuroinfecção (edema). | Item próprio no sumário (p.70) mas sem material dedicado — vive dentro do slide de TCE e da apostila.
"Neuroinfecções (neurocisticercose, TB meningoencefálica, encefalite viral, neurotoxoplasmose, neuroesquistossomose, abscesso)",EISA_II,Neurologia/Infectologia,II_UNIDADE,alta,media,alto,False,APOSTILA_SA_II_P7___e43cc7bc21|NEUROINFECOES2021__6f14ede5b5|NeuroinfecA_A_o__aa487fc832|Neuroinfecc_a_o_II_unidade__1dd0d1591e,"CONFLITO DE UNIDADE (grave): pasta Resumos = II UNIDADE; EISA II/NEUROLOGIA/Slides Aulas/Slides QUARTA Prova/NEUROINFECOES2021.pdf. II vs IV. Como a árvore Resumos não tem IV UNIDADE, este é o indício mais forte de que a árvore da Karen é de um semestre com estrutura de 3 unidades e o curso atual tem 4. | ALERTA: o arquivo NEUROLOGIA/Resumos/'Neuroinfecção .docx' (source_id Neuroinfecc_a_o___d1056693b9) NÃO contém conteúdo médico — abri e é receita de bolo de limão, fofoca e BBB. Descartar. Não confundir com Neuroinfecc_a_o_II_unidade (NATIVA, legítimo, FORA do dossiê)."
Traumatismo cranioencefálico (TCE),EISA_II,Neurologia/Neurocirurgia,III_UNIDADE,alta,forte,alto,True,ANOTAC_O_ES_TCE__acecbecc79|APOSTILA_SA_II_P7___e43cc7bc21|TRAUMATISMO_CRANIO_ENCEFALICO__a11286e20c,"CONFLITO DE UNIDADE (grave): pasta/banner = III UNIDADE/Neurologia; MAS EISA II/NEUROLOGIA/Slides Aulas/Slides PRIMEIRA Prova/'TRAUMATISMO CRANIO-ENCEFALICO.pptx'. III vs I. | Slide MISTA (46 pg) com classificação por ECG (leve 14-15, moderado 9-13, grave ≤8). ANOTAÇÕES-TCE (NATIVA, 10 pg) está FORA do dossiê. Referência oficial: Nitrini 3ed."
Doenças oculares em endocrinologia (oftalmopatia de Graves e retinopatia diabética),EISA_II,Oftalmologia,II_UNIDADE,alta,fraca,alto,True,ANOTAC_O_ES_doenc_as_oculares_em_endocrinologia__4d2c534b12|APOSTILA_SA_II_P7___e43cc7bc21|Doen_as_oculares_na_endocrinologia__e1d3a14087|altera_oes_oculares_na_endocrinologia_2025__35d861290b,"CONFLITO DE UNIDADE: pasta Resumos = II UNIDADE/OFTALMOLOGIA; EISA II/OFTALMOLOGIA/Slides Aulas/Slides PRIMEIRA Prova/'alteraçoes oculares na endocrinologia 2025.pptx'. II vs I — e o slide é de 2025, mais recente que a anotação. Arquivo sem banner interno de unidade. | Slide 2025 da Dra. Daniela Toscano (46 pg). Referência oficial das provas: Kanski, Oftalmologia Clínica."
Glaucoma e catarata,EISA_II,Oftalmologia,A_DEFINIR,media,media,alto,False,resumed_sa_de_do_adulto_2__f8fd0b8d31,"LACUNA DE UNIDADE. As pastas de prova de EISA II/OFTALMOLOGIA cobrem 'alterações oculares na endocrinologia' (1ª), 'doença ocular na infância' (2ª) e 'neuroftalmologia' (3ª) — nenhuma menciona glaucoma/catarata, o que sugere que este capítulo do RESUmed pode ser de OUTRO período/currículo. CONFLITO potencial de escopo."
"Neuroftalmologia (neuropatias ópticas, papiledema, pupilas)",EISA_II,Oftalmologia,III_UNIDADE,alta,forte,alto,True,APOSTILA_SA_II_P7___e43cc7bc21|Doen_a_oculares_em_neurologia__3c0062fa7b|Doenc_as_oculares_em_neurologia_docx_pdf__841a3e749f|No_es_de_Neuroftalmologia__73862bfddf,Slide da Dra. Daniela Toscano 2024 (46 pg). O resumo Doen_a_oculares_em_neurologia é tabela comparativa — excelente para revisão rápida.
Sarcoma de partes moles,EISA_II,Oncologia,A_DEFINIR,media,media,medio,False,APOSTILA_SA_II_P7___e43cc7bc21|Sarcoma_de_Partes_Moles__1620b750e0|resumed_sa_de_do_adulto_2__f8fd0b8d31|sarcoma_de_partes_moles_onco_geral__60ed920345,LACUNA DE UNIDADE. Registrado apenas para o sintetizador saber que existe e que está fora do mapa de unidades. | LACUNA: a pasta ONCOLOGIA não tem NENHUMA subpasta de slides — só 7 resumos.
Tumores do sistema nervoso central,EISA_II,Oncologia,A_DEFINIR,media,media,medio,True,APOSTILA_SA_II_P7___e43cc7bc21|Neuro_TUMOR_DO_SNC__5de63a625b|Patololgia_TUMORES_DE_SNC__9db263f597|Patololgia_TUMORES_DE_SNC__dae7582db7|Tumores_do_SNC_1___85b753e170|Tumores_do_SNC_Oncologia_docx__489dde748a|Tumores_do_SNC__f8f8838eb0|tumores_do_SNC_onco_geral__4d5d871f65,"LACUNA: nenhum slide. Patololgia_TUMORES_DE_SNC aparece DUPLICADO em NEUROLOGIA/Resumos e PATOLOGIA/Resumos (mesmo conteúdo, 10.702 chars) — 1 fonte, não 2. Referência oficial: Tratado de Oncologia (Hoff)."
Neoplasias urológicas (neoplasia vesical e tumores uroteliais),EISA_II,Oncologia/Urologia,A_DEFINIR,media,media,medio,False,resumed_sa_de_do_adulto_2__f8fd0b8d31,LACUNA ESTRUTURAL: a especialidade ONCOLOGIA não aparece NENHUMA vez na árvore Resumos das Unidades e não tem pastas de prova em EISA II. Unidade completamente indeterminada para toda a Oncologia.
Anatomia do osso temporal e anatomofisiologia da audição,EISA_II,Otorrinolaringologia,A_DEFINIR,alta,forte,baixo,True,Anato_fisiologia_da_Audic_a_o_pdf__d6c2a10b5e|Anatomia_e_Fisiologia_da_AudiA_A_o_Surdez_e_Vertigem__62cabda0e6|Anatomofisiologia_da_audi_o__1a48a52fc9|Questo_es_otorrino_P7_pdf__253a0ca7f1|anatomia_osso_temporal__6f71ef392c,"Fontes NATIVAS de altíssima densidade (51.521 e 41.306 chars — são capítulos, não slides). Mas ver CONFLITO: Otorrino está AUSENTE do sumário da apostila."
Doenças da orelha externa,EISA_II,Otorrinolaringologia,A_DEFINIR,media,forte,medio,True,Otorrino_OTITES__abf617dabb|donec_a_da_orelha_externa__bce942b498,É a fonte de maior densidade textual da Otorrino.
"Otites (aguda, média crônica e externa)",EISA_II,Otorrinolaringologia,A_DEFINIR,alta,forte,alto,True,Otorrino_OTITES__abf617dabb|Questo_es_otorrino_P7_pdf__253a0ca7f1|donec_a_da_orelha_externa__bce942b498|otite_media_cronica__8dea16ba12,Do arquivo de questões: otite externa → ciprofloxacino/levofloxacino ou cefuroxima (criança); otite média → cefuroxima ou amoxicilina+clavulanato; agente da síndrome de Ramsay Hunt = varicela-zóster. Risco alto por complicações intracranianas (a caixa timpânica comunica com a fossa média).
Surdez e vertigem,EISA_II,Otorrinolaringologia,A_DEFINIR,media,media,medio,True,Anatomia_e_Fisiologia_da_AudiA_A_o_Surdez_e_Vertigem__62cabda0e6|Questo_es_otorrino_P7_pdf__253a0ca7f1|Surdez_e_Vertigem__21211b898b,O recorte 'não vai cair' vale para o semestre daquele arquivo — o sintetizador deve decidir se ainda se aplica. Surdez pós-meningite continua sendo pergunta registrada.
Patologia do câncer de tireoide,EISA_II,Patologia,A_DEFINIR,media,fraca,medio,False,APOSTILA_SA_II_P7___e43cc7bc21,LACUNA: fonte única (apostila). Não há slide de patologia de tireoide na pasta PATOLOGIA.
Uropatologia: HPB e câncer de próstata (anatomia patológica),EISA_II,Patologia,II_UNIDADE,alta,forte,medio,True,APOSTILA_SA_II_P7___e43cc7bc21|HPB_e_ca_ncer_de_pro_stata_anatomia_patolo_gica_II_unidade__120e76f18e|Patololgia_PATOLOGIA_DA_HPB_E_CA_DE_PRO_STATA__196593d772|UROPATOLOGIA_2022__01de88df4a|resumed_sa_de_do_adulto_2__f8fd0b8d31,"A pasta PATOLOGIA tem uma única pasta 'Slides aulas' com 1 arquivo. Os demais 'resumos de Patologia' são duplicatas de Urologia/Oncologia. | LACUNA DE EIXO: a especialidade PATOLOGIA em EISA II NÃO tem pastas de prova (só 'Resumos' e 'Slides aulas /UROPATOLOGIA 2022.pdf'), então a unidade II vem exclusivamente da árvore Resumos das Unidades, sem corroboração independente."
Bexiga neurogênica,EISA_II,Urologia,A_DEFINIR,media,media,alto,False,APOSTILA_SA_II_P7___e43cc7bc21|BEXIGA_NEUROGA_NICA_ATUALIZADA_Luiz_Luna__00b75194d2|Bexiga_neuroge_nica__d255c01ebc|Uro_BEXIGA_NEUROGA_NICA__6bd4d01ade,Slide do Dr. Luiz Luna (38 pg) ESCANEADA — só títulos. Risco alto por hidronefrose/DRC secundária e por retenção.
Câncer de testículo,EISA_II,Urologia,A_DEFINIR,media,media,alto,False,C_ncer_de_Test_culo_docx__67d4fd1f6c|C_ncer_urol_gico_Onco_docx__bedb200d2e|Onco_NEOPLASIAS_UROLO_GICAS__66462ee210|Urologia_CA_NCER_DE_TESTI_CULO__2d3b7d9fc1|resumed_sa_de_do_adulto_2__f8fd0b8d31,"Ausência no sumário da apostila é um sinal a investigar, não a ignorar. Risco alto: é o tumor sólido mais frequente dos 15-35 anos e curável (98% em T1). | LACUNA DE UNIDADE. É o tumor sólido mais comum do homem jovem — a ausência do mapeamento de unidade é relevante para o Plano de Guerra."
Hiperplasia prostática benigna (clínica e tratamento),EISA_II,Urologia,I_UNIDADE,alta,forte,alto,True,APOSTILA_SA_II_P7___e43cc7bc21|AULA_HPB_ATUALIZADA_POWER_POINT__1770a91b62|HPB__e82ef1bb0e|HPB_pdf__fbcd79437f|Hiperplasia_Prosta_tica_pdf__9fc1d2150c|Hiperplasia_prost_tica__ed530b4de1|Hiperplasia_prosta_tica_benigna_I_unidade__241c087b80|Hiperplasia_prosta_tica_benigna__622ecccb66|resumed_sa_de_do_adulto_2__f8fd0b8d31,"Distinguir do tema de Patologia (uropatologia da HPB), que a árvore põe na II UNIDADE — ver conflito registrado. | O slide do Dr. Luiz Luna (71 pg) é ESCANEADA e só recuperou títulos — exige VISÃO. Compensado por 6 resumos NATIVOS. Referência oficial: guideline EAU."
Litíase urinária,EISA_II,Urologia,II_UNIDADE,alta,media,alto,True,1_LitA_ase_urinA_ria__aaca8de431|APOSTILA_SA_II_P7___e43cc7bc21|Liti_ase_Urina_ria_pdf__54fab59ea6|Liti_ase_urina_ria_II_unidade__6a41fd7eef|Uro_Liti_ase_Urina_ria__f6b2b3a7f8,"LACUNA DE CORROBORAÇÃO: não há slide de litíase em nenhuma pasta de prova de EISA II/UROLOGIA (só em Resumos). Unidade II sustentada apenas pela árvore Resumos + banner interno. | LACUNA: nenhum slide de aula em nenhuma pasta de prova, apesar de 2 questões numa única avaliação. Liti_ase_Urina_ria_pdf está cross-filed em NEFROLOGIA/Resumos mas o cabeçalho diz 'Urologia'. Sepse obstrutiva é a emergência associada."
Neoplasia vesical,EISA_II,Urologia,III_UNIDADE,alta,media,alto,True,APOSTILA_SA_II_P7___e43cc7bc21|NEOPLASIA_VESICAL_URO_Larissa_Pinheiro__2de53fcf0a|NEOPLASIA_VESICAL_WILMAVIVIANE__ac2bfe689a|Neoplasia_Vesical__5c4780f6ad|Uro_NEOPLASIA_VESICAL__accd237294|Urologia_Neoplasia_vesical__28a519202e|Urologia_Neoplasia_vesical__d000d7d497,LACUNA: nenhum slide de aula. Urologia_Neoplasia_vesical aparece 2x (.docx e .pdf) com o mesmo texto. Referência oficial: guideline EAU.
Patologias penianas e escrotais,EISA_II,Urologia,III_UNIDADE,alta,fraca,alto,True,APOSTILA_SA_II_P7___e43cc7bc21|resumed_sa_de_do_adulto_2__f8fd0b8d31,"LACUNA CRÍTICA. Cinco questões identificadas em duas devolutivas e uma única fonte (apostila p.140). Torção testicular é emergência de janela de 6h. Referência oficial: Nelson Rodrigues + diretrizes MS de IST. | LACUNA DE UNIDADE + LACUNA DE CONTEÚDO (só a parte I existe no compilado). Se este capítulo cobrir torção testicular, o risco clínico é ALTO (janela de 6h) — não pude confirmar sem ler o capítulo inteiro."
Trauma urogenital,EISA_II,Urologia,III_UNIDADE,alta,media,alto,True,4_Trauma_Urogenital___2ef81514cc|ANOTAC_O_ES_trauma_urogenital__1289c8c631|APOSTILA_SA_II_P7___e43cc7bc21|Trauma_Genitourin_rio_Ficha_Resumo__b2e7a9ef06|Trauma_urogenital__b07166e041|Uro_TRAUMA_UROGENITAL__e578876e7e|resumed_sa_de_do_adulto_2__f8fd0b8d31,CONFLITO DE UNIDADE: pasta/banner = III UNIDADE/Urologia; EISA II/UROLOGIA/Slides PRIMEIRA Prova/'4. Trauma Urogenital .pdf'. III vs I. RESUmed cap. 13. | O slide (40 pg) é ESCANEADA de MANUSCRITO — os 4.107 chars são OCR corrompido e NÃO devem ser citados. Referência oficial: Nelson Rodrigues.
Tumores renais e carcinoma de células renais (CCR),EISA_II,Urologia,II_UNIDADE,alta,media,medio,True,ANOTAC_O_ES_carcinoma_de_ce_lulas_renais__f59012752a|APOSTILA_SA_II_P7___e43cc7bc21|C_ncer_urol_gico_Onco_docx__bedb200d2e|Onco_NEOPLASIAS_UROLO_GICAS__66462ee210|resumed_sa_de_do_adulto_2__f8fd0b8d31,"Nenhum slide de aula. A melhor fonte (ANOTAÇÕES - carcinoma de células renais, NATIVA) está FORA do dossiê. Li: 90% das neoplasias renais, deleção do braço curto do cromossomo 3, 60% achado incidental, mais letal dos tumores urológicos. | Arquivo sem banner interno de unidade — unidade vem só da pasta II UNIDADE/UROLOGIA. RESUmed cap. 23 (CÂNCER RENAL) reforça. Sem slide em pasta de prova de EISA II/UROLOGIA para corroborar."
Urologia feminina: infecção urinária e incontinência,EISA_II,Urologia,III_UNIDADE,alta,media,alto,False,UROLOGIA_FEMININA_INFECC_A_O_E_INCONTINE_NCIA_URINA_RIAS__bbdee85aaf|UROLOGIA_FEMININA__592da80b07,"Slide (68 pg) ESCANEADA — só títulos, exige VISÃO. O resumo dá durações de tratamento (3-5 dias cistite, 10-14 dias pielonefrite). Ausência na apostila é um dado a explicar, não a ignorar."
Infecções sexualmente transmissíveis (IST),EISA_II,Urologia/Infectologia,II_UNIDADE,alta,media,alto,True,ANOTAC_O_ES_IST__a05a9c13fa|APOSTILA_SA_II_P7___e43cc7bc21|DST_pdf__9fcaa44f60|IST_ATUALIZADA_POWER_POINT_Luiz_Luna__8331d211b3|Uro_DOENA_A_SEXUALMENTE_TRANSMISSA_VEL__077fa8ae91|resumed_sa_de_do_adulto_2__f8fd0b8d31,"CONFLITO DE UNIDADE: pasta Resumos = II UNIDADE/UROLOGIA (banner interno concorda); EISA II/UROLOGIA/Slides Aulas /Slides TERCEIRA Prova/'IST-ATUALIZADA POWER POINT'. II vs III. | Erro que mata (declarado na devolutiva 2023.1): lesão ulcerada peniana persistente NÃO pode ser tratada como IST antes de excluir câncer de pênis por biópsia. CONFLITO DE UNIDADE: slide em 'Terceira Prova' vs ANOTAÇÕES rotuladas 'II unidade'. | FATO: conteúdo é uretrite gonocócica/não gonocócica em perspectiva urológica adulta ('urologista não trata a parceira'). Possui interface tangencial com 'IST na adolescência', mas não é aula de pediatria. RECOMENDAÇÃO ao sintetizador: realocar este source_id para a frente de Urologia."
Câncer de próstata,EISA_II,Urologia/Oncologia,III_UNIDADE,alta,forte,medio,True,ANOTAC_O_ES_ca_ncer_de_pro_stata__6614a32c87|APOSTILA_SA_II_P7___e43cc7bc21|CA_pr_stata_Ficha_Resumo__7b487917b2|C_NCER_DE_PR_STATA_WILMA_VIVIANE__d002cb4f86|C_ncer_de_pr_stata_docx_1___65bad8b9a8|C_ncer_de_pr_stata_docx__6daea1f774|C_ncer_urol_gico_Onco_docx__bedb200d2e|NEOPLASIA_DE_PROSTATA_RESUMIDA__58cfadd4e2|Onco_NEOPLASIAS_UROLO_GICAS__66462ee210|Urologia_CA_NCER_DE_PRO_STATA__ec4ee2ece9|resumed_sa_de_do_adulto_2__f8fd0b8d31,"CONFLITO DE UNIDADE: pasta/banner = III UNIDADE/Urologia; EISA II/UROLOGIA/Slides SEGUNDA Prova/'NEOPLASIA DE PROSTATA RESUMIDA.pptx'. III vs II. RESUmed cap. 11. Este tema aparece em TRÊS pastas distintas da árvore de disciplinas (UROLOGIA, ONCOLOGIA e PATOLOGIA) — é o tema mais duplicado do P7. | C_ncer_de_pr_stata_docx (UROLOGIA) e C_ncer_de_pr_stata_docx_1 (PATOLOGIA) são DUPLICATA EXATA (4.322 chars) — não contar como 2 coberturas."
"Atopias na infância (hipersensibilidade tipo I, rinite alérgica, dermatite atópica, urticária/angioedema, alergia alimentar, anafilaxia)",EISCA,Alergia e imunologia pediátrica,II_UNIDADE,alta,media,alto,True,ATOPIAS_WILMA_VIVIANE__307e0bc84f|ATOPIAS_na_infancia_1__db787ace52|Atopias_II_unidade__d605add965|Atopias_na_InfA_ncia__ebd46e16a7,"FATO: fases da reação tipo I (precoce até 10min / tardia 6-24h / remodelamento dias-anos); eosinofilia >450/mL; RAST/ImmunoCAP; padrão-ouro = provocação duplo-cego placebo-controlado. RISCO ALTO: ADRENALINA 1:1000, 0,01 mL/kg na anafilaxia — dose citada explicitamente no slide. A mesma professora dá Asma (III unidade), então há continuidade conceitual TH2 entre as duas aulas. | CONFLITO DE UNIDADE: o arquivo está em II UNIDADE/PEDIATRIA e o banner interno confirma 'SAÚDE DA CRIANÇA – PEDIATRIA – II UNIDADE', mas o keyword 'atopia/urticária' só bateu em prova da TERCEIRA prova de EISCA. Evidênc"
Cardiopatias congênitas,EISCA,Cardiologia pediátrica / Neonatologia,A_DEFINIR,media,media,alto,False,AtualizeA5N6__cd97472180,"FATO: três textos — (1) bases do diagnóstico na consulta pediátrica, (2) quando encaminhar ao cardiologista pediátrico, (3) cardiopatia congênita em pós-operatório. Menciona teste do coraçãozinho (saturação no berçário), sopros e cianose, e que alguns RN são assintomáticos na fase inicial. RISCO ALTO: cardiopatia ducto-dependente descompensa no fechamento do canal arterial — tempo-dependente. LACUNA: não há aula dedicada de cardiopatias congênitas em nenhuma pasta de prova."
Febre reumática,EISCA,Cardiologia pediátrica / Reumatologia pediátrica,III_UNIDADE,alta,forte,alto,False,Cardio_GUIA_DE_BOLSO_Diretrizes_Febre_Reumatica__4226a18dd2|Febre_ReumA_tica__0d0b6f3c26|Febre_Reuma_tica__2ada2e3cf7|Febre_Reuma_tica__57c88ce896|febre_reum_tica__4f900af65e,"FATO: o capítulo do Tratado traz o Quadro 2 comparando Jones 1992 x Jones 2015 (baixo risco x ALTO RISCO). Brasil é população de ALTO RISCO: monoartrite/poliartralgia conta como critério MAIOR, febre >=38 °C e VHS >=30 mm/h como menores. ASO normal em até 20% dos casos de FR (pesquisar anti-DNase B). RISCO ALTO: profilaxia secundária prolongada com penicilina benzatina — duração depende de haver cardite/sequela. Ver CONFLITO sobre versões dos critérios de Jones."
Obstrução de via aérea alta: laringite viral (crupe) versus epiglotite,EISCA,Emergência pediátrica / Otorrinolaringologia pediátrica,II_UNIDADE,alta,forte,alto,False,IVAS__c9c0ca127f,"FATO: Crupe = parainfluenza I e II/VSR, início insidioso, tosse rouca, estridor, Rx com estreitamento subglótico ('sinal da torre da igreja'); tratamento dexametasona 0,15 mg/kg VO ou IM DU + inalação com adrenalina. Epiglotite = H. influenzae, início abrupto, febre alta, disfagia, sialorreia, voz abafada, Rx 'sinal do polegar'; conduta = INTUBAÇÃO IMEDIATA + ceftriaxona 100 mg/kg/dia (o slide também cita cloranfenicol). RISCO MÁXIMO: adiar exame de laringe na epiglotite até haver recurso cardiorrespiratório; examinar orofaringe pode precipitar obstrução total."
Obesidade na infância e adolescência (exógena e endógena),EISCA,Endocrinologia pediátrica / Nutrologia pediátrica,II_UNIDADE,alta,forte,medio,False,OBESIDADE_EXO_GENA_ALUNOS_Tratado_de_pediatria_2022__de111f3e83|Slides_Obesidade_Infantil__56efb4ca33|obesidade_endo_gena_p_alunos_Tratado_Pediatria_5a_ed_2022__4e14c0dd9f,"FATO: cap. 7 (exógena) cobre prevenção, comorbidades, mudança de estilo de vida, acompanhamento multidisciplinar; cap. 6 (endógena) cobre tecido adiposo como órgão endócrino, sinais que sugerem etiologia endógena vs exógena, obesidade monogênica. O eixo de prova é o DIFERENCIAL: baixa estatura + obesidade sugere causa endógena/hormonal; alta estatura + obesidade sugere exógena. Slides_Obesidade_Infantil é OCR de anotação manuscrita (2258 chars de ruído) — inutilizável, ver conflitos."
"Diarreia aguda, desidratação e terapia de reidratação (Planos A, B e C)",EISCA,Gastroenterologia pediátrica,I_UNIDADE,alta,forte,alto,True,DIARRA_IAS_material_para_estudo_AVA_docx__1485e3fd8d|FACILITA_OSCE_1___6c6a714b3e|OSCE_PEDIATRIA__13530307b6|OSCE___42cf2d83f0|diarreia_e_DHE__35f8e57446|manejo_do_paciente_com_diarreia_avaliacao_do_estad_240912_14__d02d8d34b1,"FATO (li integralmente): Plano A (zinco <6m 10mg/dia, >=6m 20mg/dia por 14 dias; SRO 50-100mL <1a, 100-200mL 1-10a), Plano B (SRO 50-100 mL/kg em 4-6h; ondansetrona 0,2 mg/kg), Plano C expansão (<1 ano: SF/RL 30 mL/kg em 1h + 70 mL/kg em 5h; >1 ano: 30 mL/kg em 30min + 70 mL/kg em 2h30; RN e cardiopata grave 10 mL/kg em 30min). ATB só em cólera/disenteria/mau estado geral. RISCO MÁXIMO: volumes e tempos de expansão são exatamente o tipo de item onde errar mata. | FATO (protocolo MS): tabela OBSERVE/EXPLORE/DECIDA com estado geral, olhos, sede, lágrimas, boca/língua, sinal da prega, pulso e perda de peso; dois ou mais sinais = desidratação, dois ou mais com pelo menos um asterisco (comatoso/incapaz de beber/pulso fraco ou ausente) = desidratação grave → PLANO C. Disenteria com comprometimen"
"Adolescência, puberdade e semiologia do adolescente",EISCA,Hebiatria / Pediatria geral,I_UNIDADE,media,fraca,baixo,True,Anotac_o_es_semiologia_do_adolescente__bcd52a9267|Pediatria_ADOLESCA_NCIA__4300471fc6|Pediatria_ADOLESCE_NCIA__b3f42bd43e|Semiologia_do_adolescente_pdf__39a1dbc603,"FATO: OMS 10-19 anos; ECA (Lei 8069/90) 12-18 anos; internação pediátrica até 13a 11m 29d; hebiatria regulamentada pela SBP em 1998. Etapas inicial (10-14), média (15-17), tardia (18-20). Primeiros indícios da puberdade: protrusão do mamilo e aumento testicular. LACUNA: nenhuma das fontes legíveis traz as tabelas de estadiamento de Tanner com as 5 etapas descritas — isso é conteúdo classicamente cobrado e está ausente. | FATO: OMS 10–20a vs ECA 12–18a; puberdade menina 8–13, menino 9–14; primeiros indícios (protrusão de mamilo, aumento testicular); Tanner MP feminino e GP masculino; limite da confidencialidade. LACUNA: fonte fina demais para um tema com alto rendimento em prova."
Diagnóstico diferencial das anemias na infância,EISCA,Hematologia pediátrica,IV_UNIDADE,alta,forte,medio,False,Anemias_Tratado_de_ped_5_ed_2022__f301d00853|Anemias_na_infA_ncia__48379b722b,"FATO: anemia fisiológica do RN é normocrômica e normocítica; carência de ferro é a mais prevalente na infância; classificação fisiológica (produção diminuída / destruição / perdas) usada em conjunto com a morfológica (micro/normo/macrocítica). O resumo reforça: 'anemia NÃO é doença, é sinal — sempre investigar'."
Hemoglobinopatias (talassemias e doença falciforme),EISCA,Hematologia pediátrica,IV_UNIDADE,alta,forte,alto,False,Hemoglobinopatias_Tratado_de_ped_5_ed_2022__d2c3943546,"FATO: talassemias = deficiências seletivas na síntese de cadeias de globina; betatalassemia maior e hidropsia fetal (alfatalassemia) são o grau máximo; expressão fenotípica heterogênea. RISCO ALTO: as emergências da doença falciforme (crise vaso-oclusiva, sequestro esplênico agudo, síndrome torácica aguda, AVC, priapismo) e a profilaxia com penicilina são tempo-dependentes. LACUNA PARCIAL: não confirmei por leitura direta se este capítulo detalha as emergências falciformes ou se foca em talassemia — verificar antes de gerar cápsula."
Interpretação do hemograma e das provas de coagulação,EISCA,Hematologia pediátrica,IV_UNIDADE,alta,forte,medio,False,Interpretac_a_o_de_HMG_Tratado_de_ped_5_ed_2022__4dd5a3daa7,FATO: variação das três séries por faixa etária e fatores biológicos; alterações qualitativas e quantitativas; provas de coagulação. A IV unidade é claramente um bloco hematológico coeso (4 dos 9 arquivos são de hematologia) — a prova provavelmente integra hemograma + hipótese diagnóstica.
Anemia ferropriva,EISCA,Hematologia pediátrica / Nutrologia pediátrica,IV_UNIDADE,alta,forte,alto,False,Anemias_na_infA_ncia__48379b722b|SBP_Consenso_sobre_anemia_ferropriva__d93171e967,"RISCO ALTO por dose e por janela: doses profiláticas e terapêuticas de ferro elementar por kg diferem por faixa etária e por peso ao nascer (RNPT/BP têm esquema próprio); faixa de maior risco 6-24 meses; consequência de erro é dano cognitivo irreversível, não morte imediata. Estágios da depleção (ferritina -> ferro sérico/saturação -> Hb) são o esqueleto das questões de interpretação laboratorial."
Faringoamigdalite estreptocócica e escarlatina,EISCA,Infectologia pediátrica,II_UNIDADE,alta,forte,alto,False,IVAS__c9c0ca127f|Pediatria_DOENC_AS_EXANTEMA_TICAS__a3b8a89a0f,"FATO: tabela de diferenciação viral x estreptocócica (idade, início, tosse/rinorreia, exsudato, adenomegalia anterior dolorosa x posterior indolor). Penicilina benzatina <27kg 600.000 UI DU / >=27kg 1.200.000 UI DU; penicilina V oral 10 dias; amoxicilina 50 mg/kg/dia 10 dias. Escarlatina: sinal de Pastia (flexuras), sinal de Filatov (palidez perioral), língua em framboesa, descamação em dedos de luva. RISCO ALTO: tratar erradamente = febre reumática e GNDA."
Doenças exantemáticas,EISCA,Infectologia pediátrica / Dermatologia pediátrica,IV_UNIDADE,alta,media,alto,False,DOENCAS_EXANTEMATICAS__9adcf74177|Pediatria_DOENC_AS_EXANTEMA_TICAS__a3b8a89a0f,"FATO (resumo verificado): febres eruptivas numeradas (1ª sarampo, 2ª escarlatina, 3ª rubéola, 4ª Filatov-Dukes, 5ª eritema infeccioso, 6ª exantema súbito). Sarampo: Koplik precede o exantema, morbiliforme, início retroauricular, centrífugo, poupa palmas e plantas, descamação furfurácea; transmissibilidade 7 dias antes a 5 dias após; vacina de bloqueio até 72h do contato; complicações (encefalite 1/1000, PEES). Rubéola: linfadenopatia retroauricular e occipital, sem descamação. RISCO ALTO: sarampo é doença de notificação com bloqueio vacinal em 72h — janela temporal. PENDENTE VISÃO do deck de 7"
Parasitoses intestinais,EISCA,Infectologia pediátrica / Gastroenterologia pediátrica,III_UNIDADE,alta,forte,medio,False,Parasitose_intestinal_Tratado_SBP__acc38cf1bc|Parasitoses__1f90f057b1|parasitose_SBP__9bc72a9616,"FATO: o Guia SBP organiza epidemiologia, métodos diagnósticos e medicamentos de primeira e segunda escolha por parasita. RISCO MÉDIO-ALTO na prescrição: doses de albendazol/mebendazol/metronidazol/ivermectina por peso e faixa etária; contraindicações em <2 anos e gestantes. O slide do professor (Parasitoses__1f90f057b1, 24p) está ESCANEADA com 0 chars — a ênfase pessoal dele é desconhecida."
Meningites na criança,EISCA,Infectologia pediátrica / Neurologia pediátrica,IV_UNIDADE,alta,fraca,alto,False,Meningites__8f71393752,"Fontes adjacentes que tocam o tema sem cobri-lo: Pediatria_CONVULSA_O_FEBRIL__c54cea60f1 (indicações e CONTRAINDICAÇÕES de punção lombar), semio_PED__c241597932 (Kernig/Brudzinski/rigidez de nuca), Sepse_e_meningite_neonatal (só neonatal). PENDENTE VISÃO obrigatória e prioritária."
"Rinofaringite aguda, resfriado comum e gripe (influenza, COVID-19)",EISCA,Infectologia pediátrica / Pneumologia pediátrica,II_UNIDADE,alta,forte,alto,False,IVAS__c9c0ca127f,"FATO: AAS PROIBIDO (síndrome de Reye); descongestionante nasal tópico só >2 anos, nunca em lactentes, máx 5 dias; oseltamivir (inibidor da neuraminidase) VO iniciar em até 48h; antibiótico não indicado. RISCO ALTO por contraindicação (AAS, descongestionante em lactente) e janela terapêutica (48h do oseltamivir)."
Infecção do trato urinário na infância,EISCA,Nefrologia pediátrica / Infectologia pediátrica,III_UNIDADE,alta,forte,alto,False,ITU__aa10c88150|InfecA_A_o_do_trato_UrinA_rio__db7c831f2f,"FATO: E. coli 80-90%; lactente com febre >=38,5 °C sem foco = suspeitar de ITU. TEMPO-DEPENDENTE: tratamento iniciado em <72h reduz dano renal; atraso >72h é fator de risco para cicatriz. Urocultura padrão-ouro por método: jato médio >100.000 UFC/mL, cateterismo 1.000-50.000, punção suprapúbica qualquer crescimento. USG em TODOS após 1º episódio; DMSA em todo lactente com ITU febril, 3 meses após a cura; UCM só após término do tratamento. Internar <3 meses/toxemiado. Profilaxia: nitrofurantoína 1-2 mg/kg/dia ou SMZ-TMP 20+4 mg/kg/dia à noite (>6 semanas); cefalexina 20 mg/kg/dia se <6 semanas."
Assistência ao recém-nascido em sala de parto e reanimação neonatal,EISCA,Neonatologia,I_UNIDADE,alta,media,alto,True,2_AssistA_ncia_ao_recA_m_nascido_na_sala_de_parto__dfb24bd2f9|Anotac_o_es_assiste_ncia_ao_RN_doc__9ec202f090|Assiste_ncia_ao_RN_pdf__bc4a064524,"FATO (li integralmente o resumo de Bianca Santos): 3 perguntas iniciais (termo? respirando/chorando? tônus bom?); passos iniciais em 30s; VPP no primeiro minuto ('minuto de ouro'); VPP inicial com ar ambiente 21% se >=34 semanas, 30% se <34 semanas; oxímetro sempre em MSD (pré-ductal); PEEP 4-6, PInsp 20-25, fluxo 5-15 L/min; 40-60 mov/min; MC no terço inferior do esterno, 3:1 (90 compressões / 30 ventilações); adrenalina diluída 1:10 — 1ª dose 0,1-0,3 mL/kg IV ou 0,5-1 mL/kg ET (só a primeira pode ser ET), subsequentes 0,3 mL/kg IV a cada 3-5 min; expansor SF 0,9% 10 mL/kg. Apgar NÃO determin"
Icterícia neonatal e hiperbilirrubinemia indireta,EISCA,Neonatologia,III_UNIDADE,alta,forte,alto,False,Icteri_cia_Neonatal__7310cb4e44|Icteri_cianeonatal2021_Joa_o_Medeiros__e4f2f5101b,"FATO: icterícia <24h de vida é SEMPRE patológica (investigar tipagem+Rh, Coombs direto, HMG+reticulócitos, morfologia, bilirrubinas). Critérios de exclusão de fisiológica: incremento >5 mg/dL/dia; BT >12,9 (RNT) ou >15 (RNPT); BD >1,5-2; duração >7d (RNT) ou >15d (RNPT). Zonas de Kramer com faixas de BT. Encefalopatia em 4 fases. Colestática: BD >2 mg/dL ou >20% da BT — atresia de vias biliares exige diagnóstico ANTES de 8 semanas para Kasai oportuna. Tabela de fototerapia/EXT por peso em RNPT (Martin & Cloherty 2004 — fonte antiga, ver conflitos)."
Semiologia e classificação do recém-nascido,EISCA,Neonatologia,I_UNIDADE,alta,media,medio,True,Anotac_o_es_semiologia_do_RN__c853869a1c|Pediatria_SEMIOLOGIA_DO_RECEe_M__816c7efb84|Semiologia_do_RN_pdf__1c3f4c12c9|Semiologia_em_Neo_pdf__30250c5805,"FATO: classificação por peso (BP <2500, MBP <1500, EBP <1000, macrossômico >4000g) e por peso/IG (PIG <P10, AIG P10-P90, GIG >P90) é IDÊNTICA nas três fontes. CONFLITO na definição de 'a termo' entre as fontes — ver conflitos. Semiologia_em_Neo traz peculiaridades fisiológicas (75% do peso do RNT é água). | FATO: cobre 0–28 dias, pré/a/pós-termo, curvas de crescimento intrauterino (P10/P90), peso, peculiaridades fisiológicas, anamnese, exame físico segmentar (crânio, face, tórax), reflexos arcaicos."
Doença hemolítica perinatal (incompatibilidade Rh e ABO),EISCA,Neonatologia / Hematologia pediátrica,III_UNIDADE,alta,media,alto,False,Doenc_a_Hemoli_tica_do_Rece_m_nascido__ee5bcbbd06|Icteri_cianeonatal2021_Joa_o_Medeiros__e4f2f5101b,"FATO: antígenos ABO e Rh respondem por 98%, atípicos 2%. DH-ABO: icterícia precoce, esferocitose, Coombs direto FRACAMENTE positivo no cordão, hepatoesplenomegalia pouco comum, sem hydrops. DHPN-Rh: formas anêmica, ictérica e hidrópica; investigar sangue do cordão (tipagem, Ht/Hb, reticulócitos, Coombs direto, bilirrubinas). Objetivos da EXT: corrigir anemia, remover anticorpos circulantes, remover BI em excesso."
Humanização em UTI neonatal,EISCA,Neonatologia / Humanidades médicas,A_DEFINIR,baixa,media,baixo,False,HUMANIZAC_A_O_NA_UTI__0ffaa0c1aa,"FATO: aborda o luto do 'filho idealizado' vs nascimento de bebê de risco, distanciamento pais-filho na internação. Não traz Método Canguru estruturado por etapas — se o professor cobrar as três etapas do Método Canguru (portaria MS), é LACUNA."
Sepse neonatal e meningite neonatal,EISCA,Neonatologia / Infectologia pediátrica,A_DEFINIR,alta,media,alto,False,Sepse_e_meningite_neonatal_1___3f944eba57|Sepse_e_meningite_neonatal__1057d8e64e,"FATO: precoce <72h (fatores gestação/parto; 62% Gram+ dos quais 43% GBS; 37% Gram- dos quais 29% E. coli); tardia >72h (hospitalar; 79% Gram+ Staph. epidermidis/aureus, 12% Gram- multirresistentes, 6% fungos). Fatores de risco da precoce: mãe colonizada por GBS (>25% de risco), corioamnionite, RPM >=18h (4x mais chance). GBS: mortalidade 20-30%, 15-30% de sequela neurológica nos sobreviventes com meningite. Os dois resumos são versões diferentes da mesma aula (5758 e 7527 chars), não duplicata exata."
Convulsão febril,EISCA,Neurologia pediátrica / Emergência pediátrica,A_DEFINIR,media,media,alto,False,Pediatria_CONVULSA_O_FEBRIL__c54cea60f1,"FATO: 6 meses a 5 anos, pico 14-18 meses; simples = generalizada E <15min E não recorre em 24h E neuro prévio normal (80% dos casos); complexa = QUALQUER UM de focal OU >15min OU recorre em 24h OU alteração focal pós-ictal (20%). Indicações de PUNÇÃO LOMBAR: sinais meníngeos, <12 meses, 12-18 meses a critério, crise complicada, distúrbio de consciência, uso prévio de ATB, toxemia. CONTRAINDICAÇÕES DE PL (item de risco máximo): Glasgow <12, choque séptico, suspeita de meningococcemia com sinais hemorrágicos, sinais de HIC (risco de herniação), distúrbio de coagulação. Diazepam 0,3 mg/kg IV ou 0"
Saúde ocular na infância,EISCA,Oftalmologia,II_UNIDADE,alta,forte,alto,False,APOSTILA_SA_II_P7___e43cc7bc21|Doen_a_Ocular_na_Inf_ncia__f839704b20|Doen_as_oculares_na_inf_ncia__29f506fffa|Doenc_a_Ocular_na_infa_ncia_pdf__26696f6e19|Slide_Doen_a_Ocular_na_inf_ncia___e681e43aa9,Erro que mata: leucocoria = retinoblastoma até prova em contrário. Ponte com EISCA (pediatria).
Neuroblastoma,EISCA,Oncologia pediátrica,II_UNIDADE,alta,fraca,medio,False,Neuroblastoma__97ea516ab3|Neuroblastoma__c984597fac,"O .txt tem 2302 chars mas é OCR de anotação MANUSCRITA, ininteligível ('Sensec tuna sólido', 'veroblem'). NÃO usar como fonte sob nenhuma hipótese. PENDENTE VISÃO obrigatória. Só é possível inferir do ruído que a aula compara neuroblastoma x Wilms e menciona catecolaminas — inferência frágil, não fato. | Provavelmente pertence a EISCA (o próprio cabeçalho diz 'MD VII – Oncologia (SC)' = Saúde da Criança). Sugiro realocar."
Tumor de Wilms (nefroblastoma),EISCA,Oncologia pediátrica,II_UNIDADE,media,media,medio,False,Tumor_de_Wilms__96192b5d5a|Tumor_de_Wilms__bf002c7f4a|Tumor_de_Wilms_pdf__b59a97843e,"FATO (resumos): tumor renal maligno mais comum da infância; 90% abaixo de 7 anos, pico 2-3 anos; 90-95% unilateral; 10% associado a anomalias congênitas (aniridia, hemi-hipertrofia, hipospádia). Diferencial-chave com neuroblastoma (massa que NÃO cruza a linha média x que cruza) — mas essa comparação só aparece de forma legível de um lado, ver lacunas."
Leucemias agudas na infância,EISCA,Oncologia pediátrica / Hematologia pediátrica,IV_UNIDADE,alta,media,alto,False,Leucemia__ef884f25da|Leucemias_Agudas_pdf_1___0541508acd|Leucemias_Agudas_pdf__0287d58f79,"FATO (resumo): LLA é a mais comum; fatores de risco incluem síndrome de Down (risco ~20x), anemia de Fanconi, EBV, benzeno, agentes alquilantes e epipodofilotoxinas (para LMA), tabagismo parental. ATENÇÃO: os dois resumos Leucemias_Agudas são DUPLICATA EXATA (8692 chars cada) — contam como UMA fonte, não duas. O deck do professor está ESCANEADA com 0 chars — PENDENTE VISÃO. LACUNA: emergências oncológicas (síndrome de lise tumoral, neutropenia febril, hiperleucocitose) não confirmadas em nenhuma fonte legível."
Tumores do sistema nervoso central na infância,EISCA,Oncologia pediátrica / Neurologia pediátrica,II_UNIDADE,media,fraca,alto,False,Tumores_SNC__bca562a8a2,0 chars extraídos — PENDENTE VISÃO integral. Não afirmo nada sobre o conteúdo. LACUNA: cefaleia + vômito matinal + ataxia na criança não tem fonte legível em toda a frente EISCA.
Osteossarcoma,EISCA,Oncologia pediátrica / Ortopedia,A_DEFINIR,baixa,media,medio,False,1_Osteossarcoma__da1747531d|Osteossarcoma_pdf__9b8b531f7c|osteossarcoma__ad984b30b6,"FATO: tumor ósseo primário do esqueleto apendicular com formação de tecido osteoide; pico 13-16 anos (estirão), mais em meninos; fêmur distal (~80%), tíbia proximal, úmero proximal; metáfise de ossos longos; associação com RB1/TP53/RECQL4/WRN. Os 3 resumos são independentes (6989, 4839 e 6067 chars), não duplicatas."
Otite média aguda e rinossinusite na infância,EISCA,Otorrinolaringologia pediátrica / Infectologia pediátrica,II_UNIDADE,alta,forte,alto,False,IVAS__c9c0ca127f,"FATO: tríade etiológica pneumococo / H. influenzae / M. catarrhalis nas duas. OMA: amoxicilina 90 mg/kg/dia em lactente sintomático; amoxi+clavulanato se usou amoxa nos últimos 2 meses ou sem melhora em 72h; criança maior 45-50 mg/kg/dia; descongestionante e anti-histamínico NÃO indicados. Sinusite: amoxicilina 60-80 mg/kg/dia por 14-21 dias; complicações (celulite periorbitária = sinal de etmoidite, abscesso orbitário, trombose de seio cavernoso). CONFLITO INTERNO NA MESMA FONTE: a dose de amoxicilina para OMA (90) e para sinusite (60-80) diverge — o sintetizador deve tratar como dose-alvo po"
"Crescimento e desenvolvimento (curvas OMS, escore z, marcos do DNPM, idade corrigida)",EISCA,Pediatria geral,A_DEFINIR,media,media,medio,False,Crescimento_e_desenvolvimento__03a4aa93bc|semio_PED__c241597932,"FATO: resumo traz ganho ponderal por trimestre (750/600/500/400 g/mês; total 6.750g no 1º ano), interpretação por escore z (peso, estatura, PC, IMC), idade corrigida do pré-termo, ordem do catch-up (PC > estatura > peso), sinais de alarme do DNPM aos 3/6/9/12 meses. LACUNA: sem fonte do professor, não sei qual curva/versão ele cobra."
"Semiologia pediátrica (antropometria, sinais vitais por faixa etária, exame segmentar, sinais meníngeos)",EISCA,Pediatria geral,I_UNIDADE,alta,media,medio,False,semio_PED__c241597932,"FATO (li o .txt): traz cortes de taquipneia por idade (<2m >60; 2-12m >50; 1-5a >40; 6-8a >30; >8a >20 ipm), FC normal por faixa, definição de HAS na infância (P95 em 3 ocasiões), micro/macrocefalia por DP, teste do olhinho/reflexo vermelho -> leucocoria/retinoblastoma, Brudzinski/Kernig. CONFLITO DE METADADO: manifesto classifica como ESCANEADA, mas o .txt tem 6024 chars legíveis e coerentes — é MISTA. Muitos slides são só imagem (tabelas de percentil de PA não extraídas)."
"Imunizações (calendário vacinal, imunização ativa e passiva)",EISCA,Pediatria geral / Infectologia pediátrica,IV_UNIDADE,alta,forte,alto,False,Imunizac_a_o_ativa_e_Passiva_2021_Joa_o_Medeiros__830d00b9a4|Imunizac_o_es__530d7bac20,"FATO: eventos adversos da DTP com janelas temporais que definem a conduta — convulsão (72h) e síndrome hipotônico-hiporresponsiva (48h) -> trocar para DTPa; encefalopatia (7 dias) -> DT/dT; choque anafilático (2h) -> contraindica TODAS. Tabela de profilaxia do tétano (limpo x suspeito, <3 doses x >=3, uso de SAT/IGHAT). Imunoglobulina anti-hepatite B 0,06 mL/kg IM em sítio diferente da vacina, nas primeiras 8-12h na transmissão vertical. CUIDADO DE VIGÊNCIA: deck de 2021 — o calendário do PNI mudou desde então (ex.: esquemas de VIP/VOP, meningo ACWY, dengue). Ver conflitos."
Aleitamento materno,EISCA,Pediatria geral / Neonatologia,II_UNIDADE,alta,media,medio,True,ANOTAC_O_ES_aleitamento_materno_III_unidade__e207af597b|Aleitamento_materno__f3ee0f71ef|Aleitamento_materno_docx__abd28fa2ef|pediatria_ALEITAMENTO_MATERNO__202c07d31a,"FATO (resumos): LME até 6 meses sem água/chá/suco; complementado até 2 anos; leite de vaca tem 3x mais proteína; 10 passos e portarias (GM/MS 18/83, 1016/93, MS 1113/94). PENDENTE VISÃO: Aleitamento_materno__f3ee0f71ef precisa ser lido por visão — é a única fonte que reflete o que o professor cobra (composição do leite, técnica de pega, contraindicações, mastite/fissura). | FATO: histórico, dez passos, mortalidade infantil, anatomia da mama, pega/sucção, colostro, composição, fatores de proteção celulares e humorais, vantagens (mulher/criança/família), uso de fármacos, recomendações atuais. Risco médio pela seção de fármacos compatíveis com lactação."
Bronquiolite viral aguda (BVA),EISCA,Pneumologia pediátrica,I_UNIDADE,alta,forte,alto,False,1_Bronquiolite__a456a0d201|BVA_Tratado_de_pediatria_5_ed_1___06c0891908|BVA__de95b25ca5|BVA_revista_Resid_Pedia_trica__a485e1f22f|pediatria_BRONQUIOLITE__88788efbd3,"FATO: VSR 50-80%; pico 2-3 meses; primeiro episódio de sibilância em <12 meses; sem tratamento efetivo (só suporte); palivizumabe é a única profilaxia; fatores de gravidade (displasia broncopulmonar, <12m, RNPT <32sem, cardiopatia, imunodeficiência). RISCO ALTO: critérios de gravidade/indicação de O2, cânula de alto fluxo e alta hospitalar; erro aqui = alta indevida de lactente hipoxêmico."
Asma em pediatria (incluindo crise asmática e lactente sibilante),EISCA,Pneumologia pediátrica / Alergia pediátrica,III_UNIDADE,alta,forte,alto,False,Asma_em_Pediatria__3def9bfd99,"FATO: critérios maiores/menores do índice preditivo (hospitalização por bronquiolite, >=3 episódios de sibilância em 6 meses, asma parental, dermatite atópica); FeNO >35 ppb; algoritmo de exacerbação em <=5 anos. DOSES: salbutamol 4-10 jatos por MDI + espaçador, repetir a cada 20 min por 1h (1 gota/2-3 kg se nebulização); prednisolona 1-2 mg/kg (máx 40 mg); sulfato de magnésio IV em infusão lenta 15-30 min com monitorização de FC e PA; alvo SpO2 94-98%. GINA 2024 no slide: fenoterol SUSPENSO, nebulização de SABA e broncodilatador oral NÃO recomendados, montelucaste com alerta neuropsiquiátrico"
Pneumonia adquirida na comunidade na infância,EISCA,Pneumologia pediátrica / Infectologia pediátrica,IV_UNIDADE,alta,forte,alto,False,PNEUMONIA_COMUNITA_RIA___69a37644cb|Pneumonia_docx__11c947a032,"FATO: cortes de taquipnéia AIDPI/OMS (<2m: 60; 2-12m: 50; >12m: 40 ipm). Ambulatorial: amoxicilina 50 mg/kg/dia 3x ou 90 mg/kg/dia 2x. Internação se SpO2 <92%, cianose, FR >=50-70, gemido, desidratação. UTI se SpO2 <92% com FiO2 >60%, hipotensão, apneia recorrente. <2 meses: TODA pneumonia é grave -> internar; penicilina cristalina ou ampicilina + amicacina/gentamicina, ou ampicilina + cefalosporina de 3ª geração. RISCO ALTO ESPECÍFICO: em RN <28 dias PREFERIR CEFOTAXIMA a ceftriaxona — ceftriaxona desloca a bilirrubina da albumina e aumenta risco de kernicterus. Esse é um item de precisão méd"
"Farmacoterapia da insônia — hipnóticos, compostos Z e agentes melatoninérgicos",EISM,Farmacologia / Psiquiatria,III_UNIDADE,media,media,medio,True,FAMENE_FARMACOTERAPIA_DA_INSO_NIA_E_ANSIEDADE_2024_2__f4edb4a564|Hipno_ticos_III_unidade__c1b545089c,"FATO: critérios de escolha = início de ação, duração de ação, efeitos indesejáveis. Compostos Z com duração declarada: zolpidem 2-4 h, zolpidem SL 2-4 h, zolpidem CR 6-8 h, zopiclona 6-8 h, eszopiclona 6-8 h. BZD classificados por duração (midazolam ultracurta; lorazepam/clonazepam/bromazepam curta; diazepam/flurazepam/nitrazepam/flunitrazepam longa). Doses hipnóticas: doxepina 1-6 mg (manipulado), trazodona 25-50 mg, mirtazapina 7,5-15 mg. Anti-H1 (difenidramina, prometazina) com efeitos anticolinérgicos. Quetiapina hipnótica 25-50 mg — o próprio slide diz 'desaconselhável como hipnótico'. In | CONFLITO DE ESCOPO: o slide do professor é UM só — 'FAMENE - FARMACOTERAPIA DA INSÔNIA E ANSIEDADE - 2024.2.pdf' (em FARMACOLOGIA/Slides Aulas, SEM pasta de prova) — enquanto a árvore Resumos SEPAR"
"Ansiolíticos e Hipnóticos (benzodiazepínicos, buspirona, compostos Z)",EISM,Psicofarmacologia,II_UNIDADE,alta,media,alto,True,ANOTAC_O_ES_ansioli_ticos__c32028b863|FAMENE_FARMACOTERAPIA_DA_INSO_NIA_E_ANSIEDADE_2024_2__f4edb4a564|Mariah_Carvalho_Mo_dulo_Sau_de_Mental__2b7d072985|ansiol_ticos_e_hipn_ticos__03bc57e119,"ITENS DE RISCO ALTO (apostila Mariah, seção BZD): DIAZEPAM EV não dilui em água, dilui em sangue; infundir em 4 MINUTOS cronometrados; só administrar EV com material de intubação disponível (depressão respiratória). Diazepam IM tem absorção lenta e errática (cristalização) — usar LORAZEPAM ou MIDAZOLAM se IM. VO sempre que o paciente conseguir engolir. FLUMAZENIL 0,1mg/ml (0,4-2mg): reverte, mas tem meia-vida MENOR que os BZD → ressedação em 1-2h, exige doses repetidas ou infusão contínua. BZD isolados raramente são fatais em overdose, mas são fatais com álcool ou ADT. Uso máximo 6 semanas; re | CONFLITO DE ESCOPO com 'Hipnóticos': o slide único do professor cobre INSÔNIA E ANSIEDADE juntos e está em FARMACOLOGIA/Slides Aulas SEM pasta de prova; a árvore Resumos separa em Saúde Mental II u"
"Antidepressivos (farmacologia: IMAO, ADT, ISRS, IRSN, moduladores 5-HT, IRND)",EISM,Psicofarmacologia,I_UNIDADE,alta,forte,alto,True,Antidepressivos_pdf__bdadd3d15a|Depressa_o_e_Antidepressivos_pdf__100d0878e0|Depressa_o_e_antidepressivos_I_unidade__68b07e464c|Depressa_o_e_antidepressivos_pdf__970fb9ba98|Mariah_Carvalho_Mo_dulo_Sau_de_Mental__2b7d072985|P7_FAMENE_FARMACOTERAPIA_DA_DEPRESSA_O_2025_1__9a72b4fec2,"RISCO ALTO — itens tempo/dose-dependentes: (1) latência terapêutica 3-4 semanas (ADT 15-30 dias) — trocar antes disso é erro; (2) IMAO+ISRS = SÍNDROME SEROTONINÉRGICA (tremor, mioclonia, alucinações, hipertermia); (3) IMAO+tiramina = crise hipertensiva (dieta restrita: queijos, embutidos, vinho); (4) ADT são LETAIS em overdose (cardiotoxicidade) — prescrever quantidade mínima ao paciente com risco suicida; (5) bupropiona é epileptogênica, CI em distúrbio convulsivo; (6) síndrome de retirada pior com paroxetina; (7) ISRS+antipsicótico = ↑QT. ATENÇÃO ARQUITETURAL: o cabeçalho deste PDF diz 'Farm | FATO: resposta terapêutica em 3-4 semanas; manutenção 6-12 meses e depois desmame; depressão >2 anos = tratamento vitalício; 1/3 remite completamente, 2/3 melhoram. Perfis por fármaco: fluoxetina e"
"Antipsicóticos, Sintomas Extrapiramidais e Síndrome Neuroléptica Maligna",EISM,Psicofarmacologia,II_UNIDADE,alta,forte,alto,True,Antipsico_ticos_II_unidade__bea4c8f456|Antipsico_ticos_Tabela__1d16c62d2d|Esquizofrenia_e_antipsic_ticos__4b3ccca107|FAMENE_FARMACOTERAPIA_DAS_PSICOSES_2025_1__e5e9511748|Mariah_Carvalho_Mo_dulo_Sau_de_Mental__2b7d072985,"PONTO CEGO CRÍTICO: a apostila-mestra Mariah (109p, a fonte que o aluno mais tende a usar) NÃO menciona Síndrome Neuroléptica Maligna em lugar nenhum — zero ocorrências de 'maligna'. A SNM só existe em Antipsico_ticos_Tabela (rigidez extrema, febre, instabilidade de PA, mioglobinemia; tto = interromper + dantroleno) e em Antipsico_ticos_II_unidade, e ESTA SEGUNDA CONTÉM ERRO MÉDICO (ver conflitos). CONDUTAS por efeito: distonia aguda (espasmo de língua/face/pescoço, horas após início) → BIPERIDENO IM/EV; acatisia (dose-dependente) → reduzir dose, ou propranolol ou clonazepam; parkinsonismo → r | CONFLITO DE EIXO: pasta/banner = SAÚDE MENTAL / FARMACOLOGIA / II UNIDADE; slide em FARMACOLOGIA/Slides Aulas/Slides QUARTA Prova/'FAMENE - FARMACOTERAPIA DAS PSICOSES - 2025.1.pdf'. II unidade de "
Depressão (Transtorno Depressivo Maior / Depressão Unipolar),EISM,Psiquiatria,I_UNIDADE,alta,forte,alto,True,1_Depressa_o__fc3aafa4e4|DEPRESSA_O_1___3e2302e5ae|Depress_o___728395147b|Depressa_o__b18d58c2a5|Depressa_o_e_Antidepressivos_pdf__100d0878e0|Depressa_o_e_antidepressivos_I_unidade__68b07e464c|Depressa_o_e_antidepressivos_pdf__970fb9ba98|Mariah_Carvalho_Mo_dulo_Sau_de_Mental__2b7d072985,"FATO: 8 fontes, 6 delas redundantes entre si (Aline Maia, Vitória Melo, Edine Medeiros, Bianca Santos, Mariah). Consolidar em uma cápsula. Critérios DSM-5 (≥2 semanas, ≥5 critérios, obrigatoriamente humor deprimido OU anedonia) estão explícitos em Aula_1_2021_1_Transtorno_Bipolar e na apostila. Risco ALTO por: potencialmente letal (ideação suicida), depressão psicótica (alucinações de comando), e virada maníaca induzida por antidepressivo. Pontos de prova já confirmados: hipersonia+hiperfagia = sintomas atípicos (NÃO fecham bipolar sozinhos); perguntar sobre ideação suicida NÃO induz o suicídi | CONFLITO DE EIXO: é I unidade de SAÚDE MENTAL mas 2ª prova de FARMACOLOGIA (FARMACOLOGIA/Slides Aulas/Slides Segunda Prova/'P7 - FAMENE - FARMACOTERAPIA DA DEPRESSÃO - 2025.1.pdf'). Um mesmo conteú"
Eletroconvulsoterapia (ECT),EISM,Psiquiatria,A_DEFINIR,media,fraca,medio,True,Depressa_o_e_antidepressivos_I_unidade__68b07e464c|Mariah_Carvalho_Mo_dulo_Sau_de_Mental__2b7d072985,"FONTE FRACA E CONFIRMADA COMO ITEM DE PROVA — combinação que merece atenção do sintetizador. O que existe (apostila, 5 linhas): indicações = ausência de resposta à farmacoterapia, intolerabilidade aos medicamentos, casos graves com necessidade de melhora rápida; pode ser PRIMEIRA ESCOLHA em idosos e gestantes deprimidos; custo ~R$1500/sessão, mínimo 10 sessões. A Devolutiva II acrescenta: em depressão com sintomas psicóticos o tratamento mais apropriado é ECT ou antidepressivo+antipsicótico, e o tratamento com maior chance de beneficiar em episódios recorrentes é o que já funcionou no passado."
"Emergências Psiquiátricas e Manejo da Agitação Psicomotora (tranquilização rápida, contenção física)",EISM,Psiquiatria,I_UNIDADE,alta,media,alto,True,4_Emerge_ncias_Psiquia_tricas__705566fda7|Diretriz_Para_O_Manejo_Da_Agitac_a_o_Psicomotora__0b56263bde|Emerge_ncias_psiquia_tricas__ae601e5bab|Mariah_Carvalho_Mo_dulo_Sau_de_Mental__2b7d072985,"FORÇA REBAIXADA PARA MÉDIA APESAR DA IMPORTÂNCIA: o slide do professor (50p) é ESCANEADO (65 chars/pág de rabisco) e a Diretriz de Agitação (6p) tem 5 CARACTERES de texto. Só sobram o resumo nativo de 4p (Jéssyca Seixas, prof. Roberto Mendes) e a apostila. FATOS confirmados em fonte nativa: objetivos = estabilizar sintoma-alvo, hipótese diagnóstica, EXCLUIR CAUSA ORGÂNICA, encaminhar; exame físico obrigatório com sinais vitais completos (T, PA, FC, FR, HGT, SpO2); vias — VO ~1h, IM <30min, EV ação imediata (potencializa efeitos colaterais); haloperidol IM + BZD ou prometazina, mas NÃO INDICADO"
Esquizofrenia e Transtornos Psicóticos,EISM,Psiquiatria,II_UNIDADE,alta,forte,alto,True,Antipsico_ticos_II_unidade__bea4c8f456|Esquizofrenia_1___54285f3ef4|Esquizofrenia_II_unidade__41783f009c|Esquizofrenia__5d54b28c4d|Esquizofrenia_e_antipsic_ticos__4b3ccca107|Esquizofrenia_pdf__bc5e01ca56|Mariah_Carvalho_Mo_dulo_Sau_de_Mental__2b7d072985|Psiquiatria_ESQUIZOFRENIA_pdf__50f75805f1,"Risco ALTO não pelo tratamento crônico, mas porque o primeiro surto psicótico exige EXCLUSÃO DE CAUSA ORGÂNICA (delirium, intoxicação, encefalite) — rotular como esquizofrenia um delirium mata. Expectativa de vida 20-30 anos menor (suicídio + risco cardiovascular). CONFLITO DE PREVALÊNCIA: apostila Mariah diz 0,7%; três resumos independentes dizem 1%. O slide do professor (39p) é ESCANEADO. Antipsico_ticos_II_unidade traz o espectro psicótico completo (psicótico breve, delirante, esquizoafetivo) que os resumos de esquizofrenia isolados não cobrem — é a única fonte para transtorno esquizoafetiv | FATO: descreve as 4 vias dopaminérgicas e as tabelas BOM/MAU PROGNÓSTICO — formato de questão pronta. Tema-âncora da II unidade de EISM."
Introdução à Psiquiatria e Psicopatologia (funções psíquicas e suas alterações),EISM,Psiquiatria,A_DEFINIR,alta,media,medio,True,Introduc_a_o_a_psquiatria__905c8170fe|Mariah_Carvalho_Mo_dulo_Sau_de_Mental__2b7d072985,"FONTE ÚNICA E DE TERCEIROS: resumo de 5p (Aline Maia, baseado em MedCurso). NÃO EXISTE slide do professor sobre psicopatologia em nenhuma pasta — é lacuna estrutural. Cobre as 11 funções: consciência, atenção (vigilância vs tenacidade), orientação (auto/alopsíquica), sensopercepção (ilusão/alucinação/pseudoalucinação), memória (imediata/recente/remota), afetividade (humor vs afeto), pensamento (curso/forma/conteúdo, bradipsiquismo, roubo e bloqueio do pensamento), linguagem, vontade, psicomotricidade, inteligência. Esta é a fonte que permite a distinção delirium (alteração do NÍVEL de consciên"
"Psiquiatria da Infância e Adolescência (ansiedade de separação, transtornos de aprendizagem, deficiência intelectual, Tourette)",EISM,Psiquiatria,A_DEFINIR,media,ausente,medio,True,DEVOLUTIVA_I_SM_2015_2__5a5a6af2ac,"forca_fonte = AUSENTE. O único source_id listado é a própria devolutiva (evidência de prova, não material didático). RESSALVA HONESTA: essa devolutiva é de 2015.2 e está rotulada 'P8', não P7 — a disciplina pode ter mudado de período, e psiquiatria infantil pode hoje viver na frente EISCA (pediatria), não em EISM. O SINTETIZADOR DEVE CRUZAR COM O DOSSIÊ EISCA antes de tratar isto como lacuna real de EISM. Conteúdo cobrado que ficou registrado na devolutiva: transtorno de ansiedade de separação (medo de separação de figuras de apego, sintomas somáticos; tto psicoterápico ou antidepressivo); TDA"
Risco de Suicídio e Comportamento Suicida,EISM,Psiquiatria,I_UNIDADE,alta,forte,alto,True,4_Emerge_ncias_Psiquia_tricas__705566fda7|Aula_1_2021_1_Transtorno_Bipolar__c902ef25a4|Emerge_ncias_psiquia_tricas__ae601e5bab|Mariah_Carvalho_Mo_dulo_Sau_de_Mental__2b7d072985,"REGRA DE OURO CONFIRMADA EM FONTE: perguntar diretamente sobre ideação suicida NÃO induz o ato — o resumo traz anotação manuscrita literal 'pode perguntar diretamente'. Rastreio dos '4 Ds': Depressão, Desesperança, Desamparo, Desespero. Fatores de risco: história de tentativa prévia (o maior), transtorno mental, comorbidade (depressão+alcoolismo potencializa), condições clínicas incapacitantes (dor crônica, epilepsia, AVC, neoplasia, SIDA, trauma medular). Protetores: suporte familiar, religiosidade, emprego, crianças em casa. 50-60% dos que se suicidaram NUNCA consultaram saúde mental. Intern"
Saúde Mental — conteúdo integral do compilado RESUmed (não lido),EISM,Psiquiatria,A_DEFINIR,media,fraca,medio,False,resumed_saude_mental__32ff294692,"PENDENTE DE LEITURA VISUAL. Não inventei sumário nem temas. Se lido, provavelmente cobre os 9 temas já mapeados de EISM e possivelmente os buracos da III unidade (dependência química, transtornos de personalidade, emergências psiquiátricas, psicopatologia/exame do estado mental) — isso é INFERÊNCIA por analogia com o RESUmed de adulto, NÃO fato. Autoridade máxima: média (compilado de terceiros)."
Sexualidade Humana e Disfunções Sexuais,EISM,Psiquiatria,A_DEFINIR,baixa,media,baixo,False,Mariah_Carvalho_Mo_dulo_Sau_de_Mental__2b7d072985|SM_Psiquiatria_SEXUALIDADE_HUMANA__1afb6498a4,"Unidade indeterminada. Quatro fatores psicossexuais bem estruturados na fonte: sexo biológico, identidade de gênero, orientação sexual, expressão de gênero. Nota conceitual explícita: pela CID-10 a orientação sexual por si só NÃO é transtorno. Ponto de contato clínico relevante: disfunção sexual como efeito adverso de ISRS (50-80%, pior com paroxetina) e a bupropiona como o antidepressivo com menos efeitos sexuais — esse cruzamento com farmacologia é o que tem chance real de cair."
TDAH — Transtorno de Déficit de Atenção e Hiperatividade,EISM,Psiquiatria,A_DEFINIR,media,media,medio,True,Antidepressivos_pdf__bdadd3d15a|Mariah_Carvalho_Mo_dulo_Sau_de_Mental__2b7d072985|Transtorno_Deficit_de_Atenc_a_o__1792c773b9,"Fonte apenas média: um resumo de 3p + 6p na apostila (que junta TDAH e TOC), sem slide dedicado do professor. Unidade indeterminada — a apostila coloca TDAH e TOC juntos, e TOC é III unidade, o que sugere (INFERÊNCIA, não fato) III unidade também. Prevalência: 5,29% em crianças/adolescentes, 2,5% em adultos. Tratamento: metilfenidato é 1ª opção, BUPROPIONA é 2ª opção (fonte: Antidepressivos_pdf). O slide MISTA de ansiedade traz anotação manuscrita 'Ritalina piora' no contexto de ansiedade/insônia — pista de que o professor discute a interação TDAH-ansiedade, mas o conteúdo impresso é ilegível."
TEPT e TEA (Transtorno de Estresse Pós-Traumático e Transtorno do Espectro Autista),EISM,Psiquiatria,A_DEFINIR,media,media,medio,True,Antidepressivos_pdf__bdadd3d15a|Mariah_Carvalho_Mo_dulo_Sau_de_Mental__2b7d072985,"FONTE ÚNICA: só a apostila Mariah (p.24-27, 4 páginas). NÃO existe resumo nem slide dedicado a TEPT ou TEA em toda a frente EISM. Marcado como forca 'media' e não 'fraca' porque o capítulo da apostila é substancial e nativo, mas é cobertura de uma perna só. Os 4 agrupamentos do TEPT estão explícitos: re-experimentação (pesadelos, flashbacks, lembranças intrusivas — o mais discriminante), esquiva, alterações negativas em cognição e humor, hiperexcitabilidade. Farmacologia: sertralina e paroxetina são os ISRS com indicação para TEPT (fonte Antidepressivos_pdf). OBSERVAÇÃO CONCEITUAL: a apostila "
"Transtorno Bipolar e Estabilizadores do Humor (lítio, valproato, carbamazepina, lamotrigina)",EISM,Psiquiatria,II_UNIDADE,alta,media,alto,True,ANOTAC_O_ES_bipolaridade__a1c9d4465d|Antidepressivos_pdf__bdadd3d15a|Aula_1_2021_1_Transtorno_Bipolar__c902ef25a4|Mariah_Carvalho_Mo_dulo_Sau_de_Mental__2b7d072985|P7_FAMENE_FARMACOTERAPIA_DA_DEPRESSA_O_2025_1__9a72b4fec2|Transtorno_Bipolar_1___75fbe3e4d0|Transtorno_bipolar__6d1cddef8b|Transtorno_bipolar_pdf__dc69aa8c73,"Keyword também bate em EISM 1ª prova — o conceito de humor/episódios pode ser introduzido na I unidade junto com depressão. Ambiguidade menor, não conflito. | CONFLITO DE UNIDADE (ver conflitos): slide está em 'Slides Primeira Prova', resumo P7A está em 'II UNIDADE'. Adotei II_UNIDADE por ser a fonte P7A mais recente, mas isto NÃO está resolvido. NÚMEROS DE RISCO ALTO extraídos do slide: litemia fase aguda 0,8-1,2 mEq/L, manutenção a partir de 0,6; CI do lítio = IAM recente, arritmias graves, psoríase, insuficiência renal; intoxicação = vômitos, disartria, tremor grosseiro, ataxia, ↓consciênci | FATO: lítio é base do tratamento, baixo IT, exige dosagem sérica periódica, início lento (1-3 semanas), mais eficaz na mania que na depressão. Adversos: náusea, diarreia, poliúria, ↑peso, alopecia,"
Transtorno obsessivo-compulsivo (TOC),EISM,Psiquiatria,III_UNIDADE,media,media,medio,False,ANOTAC_O_ES_TOC__61f6501286|Mariah_Carvalho_Mo_dulo_Sau_de_Mental__2b7d072985|SLIDES_TOC__5705990d4c|Transtorno_Obsessivo_Compulsivo__696f85266c,"ATENÇÃO: das 9 provas de Saúde Mental, 5 não têm camada de texto (4 da Segunda Prova + 1 da Terceira). O 'sem evidência' do TOC pode ser falso-negativo — a III unidade de EISM é justamente a menos legível no corpus de provas. | O slide do professor (SLIDES TOC.pdf, 14p) tem ZERO caracteres extraídos — totalmente escaneado, conteúdo inacessível. Sobram o resumo nativo de 4p, as anotações P7A e o capítulo da apostila (TDAH e TOC juntos). Marcas conceituais: dúvida patológica + PRESERVAÇÃO DA CRÍTICA (diferencia de delírio); início na infância; associação com Síndrome de Tourette; ISRS em doses a"
"Transtornos Alimentares (anorexia nervosa, bulimia nervosa, TCAP)",EISM,Psiquiatria,III_UNIDADE,alta,forte,alto,True,9_Transtornos_alimentares__cd91c009ec|Mariah_Carvalho_Mo_dulo_Sau_de_Mental__2b7d072985|SM_Psiquiatria_TRANSTORNOS_ALIMENTARES__033d08ff0c|Transtornos_Alimentares__f20cd7390a|Transtornos_alimentares_III_unidade__3fc0ee59f0,"Tema atravessa EISCA (adolescente) e EISM — o sintetizador deve tratá-lo como interdisciplinar. A tabela final 'anorexia x bulimia' é questão pronta. | CONFLITO DE UNIDADE (ver conflitos): slide está em 'Slides Segunda Prova', resumo P7A está em 'III UNIDADE'. Adotei III_UNIDADE pela fonte P7A mais recente — NÃO resolvido. CONFLITO DE PREVALÊNCIA de bulimia: apostila Mariah diz 1-10%; dois resumos independentes dizem 1-5%. Anorexia 0,5-1% em todas as fontes. Slide do professor (37p) ESCANEADO — o fragmento legível menciona fluoxetina/olanzapina/quetiapina/risperidona no tratamento e ressalta a"
Transtornos Dissociativos,EISM,Psiquiatria,A_DEFINIR,baixa,media,baixo,False,Mariah_Carvalho_Mo_dulo_Sau_de_Mental__2b7d072985,"FONTE ÚNICA. Conteúdo verificado: amnésia dissociativa, fuga dissociativa (jornada organizada para longe de casa com preservação dos cuidados pessoais, nova identidade não muito diferente da original), transtorno dissociativo de identidade, despersonalização/desrealização. O valor clínico está no DIAGNÓSTICO DIFERENCIAL, que a apostila explicita: demência (comprometimento de outros campos cognitivos), epilepsia (anormalidades motoras + EEG + aura + incontinência), simulação (ganho secundário). Esse dd é o que pode virar questão."
Transtornos Mentais Orgânicos — Delirium,EISM,Psiquiatria,A_DEFINIR,alta,forte,alto,True,Del_rium_e_dem_ncia_docx__14314da2e4|Mariah_Carvalho_Mo_dulo_Sau_de_Mental__2b7d072985|Psiquiatria_TRANSTORNOS_MENTAIS_ORGA_NICOS_1___cafd7e9f74|Psiquiatria_TRANSTORNOS_MENTAIS_ORGA_NICOS__408a0a6c55|Transtornos_Org_nicos__65db2d2b7d,"UNIDADE NÃO DETERMINADA: não há slide em pasta de prova nem resumo em 'Resumos das Unidades' para este tema. Só a apostila (que o coloca após ansiedade, p.43) e 4 resumos sem rótulo de unidade. FATOS: delirium = alteração do NÍVEL de consciência (delírio = alteração do CONTEÚDO do pensamento) — distinção explicitamente ensinada em Del_rium_e_dem_ncia_docx; início súbito (horas a dias), curso breve e FLUTUANTE, piora ao entardecer (sundowning); neurotransmissor principal = ACETILCOLINA; fatores de risco = idade avançada, lesão cerebral preexistente (demência, tumor, DCV); presença de delirium é"
"Transtornos Mentais na Gravidez e no Puerpério (blues, depressão pós-parto, psicose puerperal, psicofármacos na gestação/lactação)",EISM,Psiquiatria,I_UNIDADE,alta,forte,alto,True,2_Transtornos_Mentais_na_Gravidez_e_No_Puerpe_rio__0efe14a107|Mariah_Carvalho_Mo_dulo_Sau_de_Mental__2b7d072985|Transtornos_mentais_e_comportamentais_relacionados_ao_puerpe__d60fdbc256,"CORREÇÃO IMPORTANTE PARA O SINTETIZADOR: no DOSSIE_EISM esta aula aparece como fonte ÚNICA e ESCANEADA (24p, ilegível) — parecia a maior lacuna da frente. Ela NÃO é: existe fonte NATIVA forte de 7p FORA do dossiê EISM, em 'Resumos das Unidades\SAÚDE MENTAL\I UNIDADE' (Karen Franca, P7A). O tema NÃO está no sumário da apostila Mariah. CONDUTAS DE RISCO ALTO (todas da fonte nativa): psicose puerperal instala-se nas 3 primeiras semanas, em geral 48-72h; incidência 2/1000 partos; é emergência, internação quase sempre necessária; 50% das puérperas com quadro psicótico maniforme evoluem para TAB. Am | Keyword 'puerperal/pós-parto' bateu em prova de EISCA (2ª prova), NÃO em EISM — o tema é interdisciplinar e pode ser cobrado fora de Saúde Mental. A tabela comparativa BLUES x DEPRESSÃO PÓS-PARTO é"
"Transtornos de Ansiedade (TAG, Transtorno de Pânico, fobias, agorafobia)",EISM,Psiquiatria,II_UNIDADE,alta,forte,medio,True,Ansiedade__886bbbe8f5|Mariah_Carvalho_Mo_dulo_Sau_de_Mental__2b7d072985|Transtorno_de_Ansiedade_e_de_P_nico__58a2231d19|Transtorno_de_ansiedade_II_unidade__d822ab75a3|Transtorno_de_ansiedade_docx__39af1dd7f3|Transtorno_de_ansiedade_docx_pdf_pdf__09bee4c93d,"Risco MÉDIO e não alto: o erro típico é diagnóstico, não letal — EXCETO o diagnóstico diferencial ataque de pânico x IAM/TEP/hipoglicemia/hipertireoidismo, que é conduta de emergência e não está bem desenvolvido em nenhuma fonte nativa (LACUNA). Neurotransmissores: NA, 5-HT, GABA (glutamato é o principal excitatório, em equilíbrio com GABA). TAG = ansiedade cotidiana aumentada, ≥6 meses; Pânico = ataques paroxísticos, mais medo que ansiedade. DUPLICATA EXATA: Transtorno_de_ansiedade_docx__39af1dd7f3 e Transtorno_de_ansiedade_docx_pdf_pdf__09bee4c93d são byte-idênticos (7670 chars, 387115 bytes | Ponto de alto rendimento clínico registrado na fonte: sintomas físicos de ansiedade só se confirmam como tal se precedidos de preocupação antecipatória catastrófica — o resto é diferencial orgânico"
Transtornos de Personalidade,EISM,Psiquiatria,A_DEFINIR,media,forte,medio,False,Mariah_Carvalho_Mo_dulo_Sau_de_Mental__2b7d072985|TP__e87eacc7da|Transtorno_de_personalidade_docx__4a8370a909,"Unidade indeterminada — nenhum slide e nenhum resumo em 'Resumos das Unidades'. Estrutura: Grupo A (paranoide, esquizoide, esquizotípico — estranhos/excêntricos), Grupo B (antissocial, borderline, histriônico, narcisista — dramáticos/erráticos), Grupo C (evitativo, dependente, obsessivo-compulsivo — ansiosos/temerosos). PONTO DE RISCO: 'o suicídio é a maior causa de morte de pacientes com TP, principalmente os borderlines' (fonte TP.pdf) — conecta com o tema de risco de suicídio. Manejo do borderline inclui manejo de crises. Prioridade média, não baixa, porque o TP é comorbidade frequente de b"
Transtornos por Uso de Substâncias (álcool e outras drogas),EISM,Psiquiatria,III_UNIDADE,alta,forte,alto,True,A_lcool_e_Outras_Drogas__ebaba69a52|Mariah_Carvalho_Mo_dulo_Sau_de_Mental__2b7d072985|Psiquiatria_DEPENDE_NCIA_QUI_MICA__e854a68d79|Transtornos_por_abuso_de_substancias___136c015a4a|transtornos_por_uso_de_subst_ncias__554a1a793f,"ERRO FACTUAL NA FONTE (ver conflitos): o slide MISTA afirma 'Opiáceo - substâncias naturais derivadas do ópio (morfina, cocaína)' — COCAÍNA NÃO É OPIÁCEO, é estimulante. Provável anotação equivocada do aluno; não propagar. Estrutura conceitual sólida: classificação depressoras (álcool, BZD, inalantes, opiáceos/opioides) / estimulantes / perturbadoras; tríade droga-sociedade-indivíduo; fatores de proteção são individuais e o que protege um pode vulnerabilizar outro; nicotina tem maior chance de dependência (início rápido, efeito curto); CID-10 separa uso nocivo de síndrome de dependência (12 cr"
"Síndrome de Abstinência Alcoólica, Delirium Tremens e Encefalopatia de Wernicke-Korsakoff",EISM,Psiquiatria / Emergência,III_UNIDADE,alta,forte,alto,False,A_lcool_e_Outras_Drogas__ebaba69a52|Mariah_Carvalho_Mo_dulo_Sau_de_Mental__2b7d072985|Psiquiatria_DEPENDE_NCIA_QUI_MICA__e854a68d79|Transtornos_por_abuso_de_substancias___136c015a4a|transtornos_por_uso_de_subst_ncias__554a1a793f,"CONFLITO DE DOSE DE TIAMINA ENTRE AS TRÊS FONTES (ver conflitos) — item de risco alto não resolvido. FATOS convergentes: tiamina SEMPRE antes ou junto da glicose (glicose sem tiamina precipita Wernicke); tríade de Wernicke = confusão mental + nistagmo/alteração oculomotora + ataxia; SAA inicia horas após a interrupção, pico em 24-36h, autolimitada em 7-10 dias em 90% (leve a moderada); convulsão é o único sintoma grave PRECOCE (~24h); DT ocorre em 72-96h (24-150h) em ~5% das SAA; tríade do DT = confusão mental + rebaixamento da consciência + alucinações vívidas (visuais zoopsias/filamentares e"
Banco de estações OSCE modeladas com comandos e gabarito,OSCE,OSCE (banco de casos),A_DEFINIR,alta,forte,alto,False,OSCE___42cf2d83f0,"FATO — as 5 estações: (1) NEUROLOGIA — homem 67 anos, diabético, hemiparesia esquerda + disartria há 1 dia; comandos: hipótese, realizar exame físico, interpretar TC, conduta (resposta: AVE, Cincinnati sorria/abrace/fale, lesão hipodensa à esquerda = isquêmico, >24 h logo conduta conservadora com controle pressórico se PA >220/120, controle glicêmico e antiagregante). (2) UROLOGIA — homem 60 anos, LUTS, próstata 55 g, PSA 4, relação livre/total >10%; comandos: hipótese, descrever o toque retal esperado, orientar tratamento (HPB; próstata aumentada, consistência adenomatosa, sem nódulos; terapi"
Formato e roteiro geral da estação OSCE do P7,OSCE,OSCE (metodologia),A_DEFINIR,alta,media,baixo,False,FACILITA_OSCE_1___6c6a714b3e|OSCE___42cf2d83f0,"FATO (roteiro reconstruído das duas fontes, convergentes): cumprimentar e se apresentar como médico responsável → lavar/higienizar as mãos → ler o prontuário/caso e os COMANDOS → avisar o paciente que vai examiná-lo, pedir licença e retirar o pano que cobre o boneco → procurar FIGURAS COLADAS NO MANEQUIM começando pela cabeça, depois tronco, MMSS, MMII (levantar e olhar calcanhares) e virar o boneco para dorso e região sacral, mencionando qualquer úlcera → ler os exames laboratoriais e de imagem disponíveis (o FACILITA avisa: 'eles não estão ali à toa') → formular e ANUNCIAR a hipótese conform"
"OSCE Endocrinologia — diabetes, tireoidopatias, Cushing e hiperfunção hipofisária",OSCE,OSCE / Endocrinologia,A_DEFINIR,alta,forte,alto,False,FACILITA_OSCE_1___6c6a714b3e|OSCE_ENDOCRINOLOGIA__4796d07aed|OSCE___42cf2d83f0,"FATO: a tabela de OSCE-Endocrino organiza cada doença em DOENÇA / SINAIS-SINTOMAS / EXAME FÍSICO / DIAGNÓSTICO / TRATAMENTO / OUTROS — formato que a skill deve espelhar. Para DM o exame físico cobrado é concreto: circunferência abdominal, peso, IMC, inspeção dos pés em busca de lesões, PA, temperatura perna versus pé, pulsos tibiais, fundo de olho e albuminúria. Corte diagnóstico: glicemia 100-125 = pré-diabetes, HbA1c 5,7-6,4%, pós-prandial 140-200; regra de dois testes; verificar TFG antes de prescrever (contraindicação em TFG abaixo do limiar citado); ajuste de unidades de insulina pré-pran"
"OSCE Nefrologia — síndromes glomerulares, glomerulopatias, DRC e injúria renal aguda",OSCE,OSCE / Nefrologia,A_DEFINIR,alta,forte,alto,False,FACILITA_OSCE_1___6c6a714b3e|OSCE_NEFROLOGIA__c1940d57ac|OSCE___42cf2d83f0,"FATO: nefrótica = início progressivo, edema generalizado, proteinúria 24 h >3,5 g, hipoalbuminemia, hiperlipidemia com ↑LDL, HAS; investigar esquistossomose, estrongiloidíase, hepatites B/C e HIV; tratar com IECA (captopril), diurético de alça e estatina. Nefrítica = hematúria súbita, proteinúria <3,5 g, oligúria <400 mL/dia, edema periorbitário. Diferenciação por complemento e sorologia (lúpica com anti-DNA+ e complemento consumido versus IgA com FAN e anti-DNA negativos). FACILITA cobre também lesão mínima, GESF, membranoproliferativa, membranosa, GNRP, Goodpasture, Henoch-Schönlein, amiloid"
"OSCE Neurologia — AVC isquêmico, AVC hemorrágico, AIT, coma e TCE",OSCE,OSCE / Neurologia,A_DEFINIR,alta,forte,alto,False,FACILITA_OSCE_1___6c6a714b3e|OSCE_NEUROLOGIA__2cfa60427a|OSCE___42cf2d83f0,"FATO: janela de trombólise até 4,5 h com NIHSS ≥4 — alteplase 0,9 mg/kg, 10% em bolus e 90% em bomba de infusão em 1 h, em UTI, aguardar 24 h; controle pressórico com nitroprussiato se PA >185/110 mmHg antes da trombólise e >220/120 mmHg quando não trombolisa. Trombectomia mecânica até 6 h com NIHSS ≥6, sobretudo em grandes vasos (a. cerebral média). Antiagregação AAS 75-300 mg/dia ou clopidogrel 75 mg/dia. TC: isquêmico hipodenso e visível só após ~24 h; hemorrágico hiperdenso imediato. CI de trombólise citadas: AVC recente, TCE <3 meses, coagulopatias. OSCE_NEUROLOGIA acrescenta trombose de "
"OSCE Pediatria — pneumonia, asma, diarreia com desidratação, aleitamento materno e assistência ao recém-nascido",OSCE,OSCE / Pediatria,A_DEFINIR,alta,forte,alto,False,FACILITA_OSCE_1___6c6a714b3e|OSCE_PEDIATRIA__13530307b6|OSCE___42cf2d83f0,"FATO: cortes de taquipneia por faixa etária — <2 meses >60, 2-11 meses >50, 12-59 meses >40, 5-8 anos >35, >8 anos >20 irpm. Pneumonia: leucócitos 15.000-40.000 ou <5.000 (mau prognóstico); lobar com opacificação homogênea, broncograma aéreo, pneumococo; intersticial distinta. Plano C pediátrico (fonte Giulianna): expansão em <5 anos com 20 mL/kg de SF a cada 30 min, repetindo até melhora; se desnutrição grave 10 mL/kg a cada 30 min; manutenção SG 5% + SF 4:1 pelo volume de Holliday-Segar + KCl 10% 2 mL a cada 100 mL em 24 h; reavaliar até duas diureses e desaparecimento dos sinais. SOBREPOSIÇ"
"OSCE Urologia — litíase, hiperplasia prostática benigna, câncer de próstata, câncer renal e trauma urogenital",OSCE,OSCE / Urologia,A_DEFINIR,alta,forte,alto,False,FACILITA_OSCE_1___6c6a714b3e|OSCE_UROLOGIA__ed33b549c4|OSCE___42cf2d83f0,"FATO: litíase — dor lombar em cólica unilateral irradiando para a pelve, náusea e vômito; cálculo parado no rim NÃO dói, só ao migrar; febre indica pielonefrite obstrutiva com risco de sepse; Giordano positivo se obstrução completa com acometimento capsular; RED FLAGS explícitas na fonte: taquipneia, rebaixamento de consciência, hipotensão, febre, taquicardia; USG de vias urinárias. HPB: próstata >40 g e sintomático → tratamento medicamentoso (terapia tripla tansulosina + dutasterida + tadalafila, contraindicada com nitrato); <40 g conduta distinta; biópsia se velocidade de PSA >0,75 ng/dL/ano"
