capsule_path,section_row,claim_text,source_ids
capsules/CASOS_CLINICOS/abordagem_a_dispneia.md,4,Causas de dispneia aguda | asma brônquica; inalação de corpo estranho; pneumotórax; embolia pulmonar; isquemia/IAM; ICC descompensada; TAG (crise de ansiedade); paralisia diafragmática | CASOS_CL_NICOS_RESUMO p.1 | CONFIRMADO,
capsules/CASOS_CLINICOS/abordagem_a_dispneia.md,5,Causas de dispneia crônica | doença pulmonar intersticial; doença pulmonar obstrutiva; derrame pleural; doença pulmonar restritiva; ICC; hipertensão pulmonar; angina; anemia; descondicionamento físico | CASOS_CL_NICOS_RESUMO p.1 | CONFIRMADO,
capsules/CASOS_CLINICOS/abordagem_a_dispneia.md,6,"Sinais de alerta (""sinais de alarme"") | dispneia em repouso durante o exame; diminuição do nível de consciência ou agitação/confusão mental; uso de musculatura acessória e excursão do ar reduzida; dor torácica; crepitações; perda ponderal; sudorese noturna; palpitações | CASOS_CL_NICOS_RESUMO p.1 | CONFIRMADO",
capsules/CASOS_CLINICOS/abordagem_a_dispneia.md,7,"Interpretação de achados de ausculta | sibilos: asma/DPOC; estridor: obstrução extratorácica de vias respiratórias; crepitação: IC esquerda, doença pulmonar intersticial, ou pneumonia (se acompanhada de sinais de consolidação) | CASOS_CL_NICOS_RESUMO p.1 | CONFIRMADO",
capsules/CASOS_CLINICOS/abordagem_a_dispneia.md,8,Achados de exame físico direcionadores | turgência jugular e edema pré-sacral/de MMII sugerem IC; bulhas extras/abafadas/sopros; palidez conjuntival (anemia); linfadenopatia cervical/supraclavicular/inguinal | CASOS_CL_NICOS_RESUMO p.1 | CONFIRMADO,
capsules/CASOS_CLINICOS/abordagem_a_dispneia.md,9,"Fatores de risco a investigar na HDA | imobilização/cirurgia recente, viagem longa, câncer, história pessoal/familiar de coagulopatia, gestação, ACO, dor em panturrilha, edema de MMII e TVP conhecida — todos apontando para TEP | CASOS_CL_NICOS_RESUMO p.1 | CONFIRMADO",
capsules/CASOS_CLINICOS/abordagem_a_dispneia.md,10,Exames de primeira linha | oximetria de pulso; RX de tórax; ECG; gasometria arterial; angioTC (se suspeita de TEP) | CASOS_CL_NICOS_RESUMO p.1 | CONFIRMADO,
capsules/CASOS_CLINICOS/abordagem_diarreia_aguda_cronica.md,4,"Definição de diarreia | frequência aumentada ou fezes amolecidas, massa >200g/dia | CASOS_CLINICOS_RESUMO; Casos_Clinicos_P7_1 p.5; Abordagem_a_s_diarreias p.1 | CONFIRMADO",
capsules/CASOS_CLINICOS/abordagem_diarreia_aguda_cronica.md,5,Diarreia aguda | duração <14 dias | CASOS_CLINICOS_RESUMO; Casos_Clinicos_P7_1 p.5 | CONFIRMADO,
capsules/CASOS_CLINICOS/abordagem_diarreia_aguda_cronica.md,6,Diarreia persistente | 2 a 4 semanas | Casos_Clinicos_P7_1 p.5 | CONFIRMADO,
capsules/CASOS_CLINICOS/abordagem_diarreia_aguda_cronica.md,7,"Diarreia crônica | >4 semanas (Abordagem às diarreias usa >30 dias) | Casos_Clinicos_P7_1 p.5; Abordagem_a_s_diarreias p.1 | CORRIGIDO — pequena divergência entre fontes (>4 semanas vs >30 dias); ambas equivalem a ~1 mês, sem contradição prática",
capsules/CASOS_CLINICOS/abordagem_diarreia_aguda_cronica.md,8,"Mecanismos de diarreia crônica | secretora, osmótica, esteatorreica, inflamatória, distúrbio de motilidade, factícia, iatrogênica | Casos_Clinicos_P7_1 p.6 | CONFIRMADO",
capsules/CASOS_CLINICOS/abordagem_diarreia_aguda_cronica.md,9,"Diarreia osmótica — comportamento | cessa com jejum ou suspensão do agente causador (laxantes osmóticos, intolerância a glúten/lactose) | Casos_Clinicos_P7_1 p.6 | CONFIRMADO",
capsules/CASOS_CLINICOS/abordagem_diarreia_aguda_cronica.md,10,"Diarreia secretora — comportamento | persiste com o jejum, fezes aquosas volumosas e indolores | Casos_Clinicos_P7_1 p.6 | CONFIRMADO",
capsules/CASOS_CLINICOS/abordagem_diarreia_aguda_cronica.md,11,"Anticorpos para doença celíaca | anti-gliadina IgA, anti-endomísio IgA, anti-transglutaminase IgA — todos podem vir normais/negativos sem excluir o diagnóstico | Casos_Clinicos_P7_1 p.5 | CONFIRMADO",
capsules/CASOS_CLINICOS/abordagem_diarreia_aguda_cronica.md,12,Confirmação de doença celíaca | EDA com biópsia duodenal: atrofia de vilosidades + hiperplasia de criptas + aumento de linfócitos | Casos_Clinicos_P7_1 p.5; Abordagem_a_s_diarreias p.257 (linha) | CONFIRMADO,
capsules/CASOS_CLINICOS/abordagem_diarreia_aguda_cronica.md,13,"Esteatorreia e doença celíaca | doença celíaca não é comumente associada a esteatorreia franca (nota do professor no caso) | Casos_Clinicos_P7_1 p.5 | CONFIRMADO_COM_RESSALVA — anotação do aluno no slide; tratado como pegadinha pedagógica, não como regra absoluta de livro-texto",
capsules/CASOS_CLINICOS/abordagem_diarreia_aguda_cronica.md,14,Sinais de alarme em diarreia crônica | idade de início >50 anos; sangramento retal/melena; dor noturna ou que acorda o paciente; dor abdominal progressiva; perda de peso inexplicável/febre; anemia ferropriva; PCR ou calprotectina fecal elevadas; história familiar de DII ou câncer colorretal | Casos_Clinicos_P7_1 p.6 | CONFIRMADO,
capsules/CASOS_CLINICOS/abordagem_diarreia_aguda_cronica.md,15,"Indicação de exames na diarreia aguda | diarreia sanguinolenta, febre>38,5°C, >6 dejeções/dia, duração>48h, dor abdominal severa, idosos/imunodeprimidos | CASOS_CLINICOS_RESUMO | CONFIRMADO",
capsules/CASOS_CLINICOS/abordagem_diarreia_aguda_cronica.md,16,"ATB empírico na diarreia aguda | quinolona oral (ciprofloxacino 500mg 12/12h ou levofloxacino 500mg/dia) 3-5 dias, só nos casos graves | CASOS_CLINICOS_RESUMO | CONFIRMADO",
capsules/CASOS_CLINICOS/abordagem_diarreia_aguda_cronica.md,17,ATB na diarreia com sangue + comprometimento sistêmico (protocolo MS) | azitromicina (crianças) ou ciprofloxacino/ceftriaxona (>10 anos/adultos) | manejo_do_paciente_com_diarreia p.1 | CONFIRMADO,
capsules/CASOS_CLINICOS/cefaleias_classificacao_sinais_alarme.md,4,"Mnemônico de sinais de alarme | SNOOP4 — Sistêmico, Neurológico (déficit focal/papiledema/convulsão), Older (>50a), Onset súbito/1ª cefaleia, Pattern (mudança de padrão/refratária), + Positional/Prior history/Pregnancy/Precipitated by Valsalva | FACILITA_OSCE l.80-93; Cópia faculdade l.171-183 | CONFIRMADO",
capsules/CASOS_CLINICOS/cefaleias_classificacao_sinais_alarme.md,5,"Critérios de enxaqueca | ≥5 crises, 4-72h, ≥2 de (unilateral/pulsátil/moderada-severa/piora esforço) + ≥1 de (náusea/vômito ou foto/fonofobia) | FACILITA_OSCE l.96-119; Cópia faculdade l.112-121 | CONFIRMADO",
capsules/CASOS_CLINICOS/cefaleias_classificacao_sinais_alarme.md,6,"Critérios de cefaleia tensional | ≥10 crises, 30min-7dias, bilateral, aperto/pressão, leve-moderada, não piora com esforço | FACILITA_OSCE l.132-146 | CONFIRMADO",
capsules/CASOS_CLINICOS/cefaleias_classificacao_sinais_alarme.md,7,"Critérios de cefaleia em salvas | ≥5 crises, 15-180min, orbitária/supraorbitária/temporal unilateral, 1-8 crises/dia, ≥1 sinal autonômico ipsilateral (lacrimejamento, congestão nasal, edema palpebral, miose/ptose) | FACILITA_OSCE l.148-163; Cópia faculdade l.144-151 | CONFIRMADO",
capsules/CASOS_CLINICOS/cefaleias_classificacao_sinais_alarme.md,8,Tratamento agudo da enxaqueca | analgésicos comuns/AINE (leve) → triptano (sumatriptano+cetorolaco); antiemético; refratária: dexametasona+clorpromazina | FACILITA_OSCE l.102-107 | CONFIRMADO,
capsules/CASOS_CLINICOS/cefaleias_classificacao_sinais_alarme.md,9,Profilaxia da enxaqueca — critério de início | ≥3 crises/mês sem resposta a abortivo OU ≥6 crises/mês com resposta a abortivo | FACILITA_OSCE l.121-122 | CONFIRMADO,
capsules/CASOS_CLINICOS/cefaleias_classificacao_sinais_alarme.md,10,"Drogas de profilaxia de enxaqueca | amitriptilina/venlafaxina; valproato/topiramato; betabloqueador (metoprolol/propranolol/timolol); anti-CGRP (erenumabe, fremanezumabe, galcanezumabe) | FACILITA_OSCE l.125-128 | CONFIRMADO",
capsules/CASOS_CLINICOS/cefaleias_classificacao_sinais_alarme.md,11,Tratamento da crise de cefaleia em salvas | oxigênio 100% >12L/min por 15min OU triptano (SC/spray nasal); profilaxia com verapamil (ou lítio) | FACILITA_OSCE l.188-193; Cópia faculdade l.156-158 | CONFIRMADO,
capsules/CASOS_CLINICOS/cefaleias_classificacao_sinais_alarme.md,12,Cefaleia thunderclap — conduta | TC crânio sem contraste; se normal e suspeita mantida → punção lombar; achado positivo → arteriografia (angioTC/angioRM) | FACILITA_OSCE l.176-228 | CONFIRMADO,
capsules/CASOS_CLINICOS/cefaleias_classificacao_sinais_alarme.md,13,"Achado de líquor em HSA | xantocrômico (amarelado) ou eritrocrômico; hemácias presentes | FACILITA_OSCE l.201-227; Casos_Clinicos_P7_1 p.10 (Hb, proteína 45, xantocromia) | CONFIRMADO",
capsules/CASOS_CLINICOS/cefaleias_classificacao_sinais_alarme.md,14,"Tabela de cefaleias secundárias (meningite/HSA/tumor/arterite temporal/glaucoma) | meningite: leucocitose+LCR glicose↓lactato↑→ATB; HSA: LCR hemácias+/proteína↑, TC normal ou sangramento→controle PA/DVE; tumor: TC tumor→cirurgia/QT/RT; arterite temporal: leucocitose/VHS↑→biópsia/AAS-prednisona; glaucoma: PIO↑→controle PA e PIO | Casos_Clinicos_P7_1 p.12 | CONFIRMADO",
capsules/CASOS_CLINICOS/cefaleias_classificacao_sinais_alarme.md,15,Arterite de células temporais | idade>50a; cefaleia+amaurose fugaz+claudicação mandibular+polimialgia; VHS/PCR/biópsia artéria temporal; tratamento corticoide alta dose | FACILITA_OSCE l.249-260 | CONFIRMADO,
capsules/CASOS_CLINICOS/cirrose_hepatica_ascite_pbe.md,4,"GASA transudato (hipertensão porta) | ≥1,1 g/dL | Casos_Clinicos_P7_1 p.3; CASOS_CLINICOS_RESUMO | CONFIRMADO",
capsules/CASOS_CLINICOS/cirrose_hepatica_ascite_pbe.md,5,"GASA exsudato (doença peritoneal) | <1,1 g/dL | Casos_Clinicos_P7_1 p.3 | CONFIRMADO",
capsules/CASOS_CLINICOS/cirrose_hepatica_ascite_pbe.md,6,"Refinamento por proteína do líquido ascítico | ≥2,5 g/dL + GASA≥1,1 = cardiogênica; <2,5 + GASA≥1,1 = cirrose; ≥2,5 + GASA<1,1 = neoplasia/TB/pancreática; <2,5 + GASA<1,1 = síndrome nefrótica | Casos_Clinicos_P7_1 p.18 | CONFIRMADO",
capsules/CASOS_CLINICOS/cirrose_hepatica_ascite_pbe.md,7,"PBE — critério diagnóstico | PMN ≥250/mm³ no líquido ascítico, cultura monobacteriana | Casos_Clinicos_P7_1 p.3, p.18; CASOS_CLINICOS_RESUMO | CONFIRMADO",
capsules/CASOS_CLINICOS/cirrose_hepatica_ascite_pbe.md,8,"Bacterascite (variante) | PMN <250/mm³ + cultura positiva; costuma resolver espontaneamente, sem ATB se assintomático | Casos_Clinicos_P7_1 p.19 | CONFIRMADO",
capsules/CASOS_CLINICOS/cirrose_hepatica_ascite_pbe.md,9,Ascite neutrofílica (variante) | PMN >250/mm³ + cultura negativa; tratar como PBE (culturas negativas não isentam o tratamento) | Casos_Clinicos_P7_1 p.19 | CONFIRMADO,
capsules/CASOS_CLINICOS/cirrose_hepatica_ascite_pbe.md,10,Tratamento da PBE | cefalosporina de 3ª geração (ceftriaxona) ou amoxicilina+clavulanato | Casos_Clinicos_P7_1 p.18 | CONFIRMADO,
capsules/CASOS_CLINICOS/cirrose_hepatica_ascite_pbe.md,11,"Profilaxia primária da PBE | Cr≥1,2 mg/dL (ou ureia>53,5) ou Na≤130 mEq/L; OU Child-Pugh≥9 pontos + bilirrubina total≥3 mg/dL; droga de escolha norfloxacino | Casos_Clinicos_P7_1 p.18 | CONFIRMADO",
capsules/CASOS_CLINICOS/cirrose_hepatica_ascite_pbe.md,12,Profilaxia secundária da PBE | indicada após todo episódio de PBE | Casos_Clinicos_P7_1 p.18 | CONFIRMADO,
capsules/CASOS_CLINICOS/cirrose_hepatica_ascite_pbe.md,13,Local de escolha da paracentese | quadrante inferior esquerdo (QIE) — menor risco por sigmoide mais móvel que ceco | Casos_Clinicos_P7_1 p.18 | CONFIRMADO,
capsules/CASOS_CLINICOS/cirrose_hepatica_ascite_pbe.md,14,Reposição de albumina em paracentese de alto volume | 6–8g de albumina por litro de ascite retirado quando volume >5L | Casos_Clinicos_P7_1 p.18 | CONFIRMADO,
capsules/CASOS_CLINICOS/cirrose_hepatica_ascite_pbe.md,15,"Esquema diurético clássico | espironolactona 100mg + furosemida 40mg dose única matinal, escalonar a cada 3-5 dias mantendo proporção 100:40, dose máx 400mg/160mg | Casos_Clinicos_P7_1 p.3, p.18 | CONFIRMADO",
capsules/CASOS_CLINICOS/cirrose_hepatica_ascite_pbe.md,16,"Meta de perda de peso com diurético | 0,5 a 1 kg/dia | Casos_Clinicos_P7_1 p.3, p.18 | CONFIRMADO",
capsules/CASOS_CLINICOS/cirrose_hepatica_ascite_pbe.md,17,"Estadiamento de gravidade da cirrose (compensada/descompensada, mortalidade por estágio) | conteúdo do slide riscado pelo aluno, com nota ""ver no material"" | Casos_Clinicos_P7_1 p.2 | confirmar no slide (professor indicou não decorar dessa tela; conferir material complementar)",
capsules/CASOS_CLINICOS/colite_pseudomembranosa.md,4,"Definição e agente etiológico | diarreia causada por toxinas bacterianas; agente = *Clostridium difficile* ou *Clostridioides difficile* | `Abordagem às diarreias.pdf`, p.24 (imagem) | CONFIRMADO",
capsules/CASOS_CLINICOS/colite_pseudomembranosa.md,5,"Quadro clínico | diarreia, febre, dor abdominal, colite | `Abordagem às diarreias.pdf`, p.25 (imagem) | CONFIRMADO",
capsules/CASOS_CLINICOS/colite_pseudomembranosa.md,6,"Paciente clássico | idoso, uso recente de antibiótico, cirurgia abdominal prévia, uso de sonda nasoenteral (SNE) | `Abordagem às diarreias.pdf`, p.25 (imagem) | CONFIRMADO",
capsules/CASOS_CLINICOS/colite_pseudomembranosa.md,7,"Antibióticos classicamente gatilho (""CFC"") | clindamicina (principal), fluoroquinolonas e cefalosporinas — qualquer antibiótico pode desencadear o quadro, mas esses três são os classicamente mais associados | `Abordagem às diarreias.pdf`, p.25 (imagem) | CONFIRMADO",
capsules/CASOS_CLINICOS/colite_pseudomembranosa.md,8,"Diagnóstico laboratorial/endoscópico | pesquisa de toxina A e B (ELISA e PCR); coprocultura; colonoscopia mostrando pseudomembranas amarelo-esbranquiçadas | `Abordagem às diarreias.pdf`, p.26 (imagem, inclui foto de colonoscopia) | CONFIRMADO",
capsules/CASOS_CLINICOS/colite_pseudomembranosa.md,9,GDH (glutamato desidrogenase) | usado como teste de triagem em algoritmo diagnóstico de 2 etapas (GDH de alta sensibilidade + toxina/NAAT confirmatório de alta especificidade) — não citado na fonte B disponível | conhecimento geral (ausente da fonte) | conhecimento geral,
capsules/CASOS_CLINICOS/colite_pseudomembranosa.md,10,"Janela de risco pós-antibiótico | o quadro pode surgir até 8-10 semanas após a suspensão do antibiótico gatilho, mesmo sem uso atual | conhecimento geral (ausente da fonte) | conhecimento geral",
capsules/CASOS_CLINICOS/colite_pseudomembranosa.md,11,"Tratamento conforme a fonte B (desatualizado) | vancomicina VO 125mg 6/6h; metronidazol VO 500mg 8/8h listado como opção equivalente; fidaxomicina se recorrência; se grave/septicemia: vancomicina VO + metronidazol EV; transplante de microbiota fecal para casos recorrentes | `Abordagem às diarreias.pdf`, p.27 (imagem) | CORRIGIDO — ver linha abaixo",
capsules/CASOS_CLINICOS/colite_pseudomembranosa.md,12,"Tratamento atualizado (1ª linha atual, conhecimento geral equivalente a A') | vancomicina VO 125mg 6/6h por 10 dias OU fidaxomicina 200mg 12/12h por 10 dias para episódio inicial (não-grave e grave); metronidazol reservado a casos não-graves quando as duas opções acima estão indisponíveis, ou associado por via EV à vancomicina VO em quadro fulminante/complicado; recorrência: fidaxomicina preferencial ou vancomicina em esquema prolongado/pulsado; recorrências múltiplas: transplante de microbiota fecal | conhecimento geral (diretriz IDSA/SHEA 2021) — diverge da fonte B, que trata metronidazol como 1ª linha equivalente | CORRIGIDO",
capsules/CASOS_CLINICOS/colite_pseudomembranosa.md,13,"Antiperistáltico | contraindicado — risco de precipitar megacólon tóxico; não citado explicitamente na fonte B disponível, incluído por ser ponto de altíssima cobrança e de segurança clínica | conhecimento geral (ausente da fonte) | conhecimento geral",
capsules/CASOS_CLINICOS/doenca_celiaca.md,4,"Definição | enteropatia induzida pelo glúten; doença autoimune permanente (evitar glúten para sempre) | Abordagem às diarreias, linha 223-226 | CONFIRMADO",
capsules/CASOS_CLINICOS/doenca_celiaca.md,5,"Marcadores genéticos | HLA-DQ2 em 95% dos casos; HLA-DQ8 em 5% | Abordagem às diarreias, linha 227 | CONFIRMADO",
capsules/CASOS_CLINICOS/doenca_celiaca.md,6,"Paciente típico | <10% dos casos; criança <5 anos, com anemia ferropriva refratária | Abordagem às diarreias, linha 233-234 | CONFIRMADO",
capsules/CASOS_CLINICOS/doenca_celiaca.md,7,"Quadro clássico | diarreia crônica com esteatorreia; síndrome de má absorção (perda de crescimento pondero-estatural, deficiência de ferro, B12 e cálcio) | Abordagem às diarreias, linha 235-237 | CONFIRMADO",
capsules/CASOS_CLINICOS/doenca_celiaca.md,8,"Apresentação predominante | oligossintomática em 90% dos casos | Abordagem às diarreias, linha 238 | CONFIRMADO",
capsules/CASOS_CLINICOS/doenca_celiaca.md,9,"Manifestações extraintestinais | depressão, fadiga, infertilidade; dermatite herpetiforme (patognomônica, lesões em faces extensoras de membros) | Abordagem às diarreias, linha 242-247 | CONFIRMADO",
capsules/CASOS_CLINICOS/doenca_celiaca.md,10,"Diagnóstico sorológico | anti-transglutaminase tecidual IgA (sensível) + IgA sérica total; anti-endomísio (específico) | Abordagem às diarreias, linha 250-255 | CONFIRMADO",
capsules/CASOS_CLINICOS/doenca_celiaca.md,11,"Diagnóstico definitivo | EDA com biópsia — atrofia de vilosidades + hiperplasia de criptas | Abordagem às diarreias, linha 256-257 | CONFIRMADO",
capsules/CASOS_CLINICOS/doenca_celiaca.md,12,"Reversão após dieta | achados endoscópicos revertem após 3-12 meses sem glúten | Abordagem às diarreias, linha 258 | CONFIRMADO",
capsules/CASOS_CLINICOS/doenca_celiaca.md,13,"Manejo | dieta isenta de glúten e evitar contaminação cruzada; avaliar complicações/deficiências nutricionais; investigar doenças autoimunes associadas (Hashimoto, DM1, vitiligo); avaliar intolerância à lactose concomitante | Abordagem às diarreias, linha 262-266 | CONFIRMADO",
capsules/CASOS_CLINICOS/doenca_celiaca.md,14,"Risco oncológico | linfoma (18%) e câncer gastrointestinal | Abordagem às diarreias, linha 267 | CONFIRMADO",
capsules/CASOS_CLINICOS/doenca_inflamatoria_intestinal_crohn_versus_retocolite_ulcerativa.md,4,"Definição de DII | doenças com caráter inflamatório: sangue e/ou muco nas fezes, podendo haver febre, perda de peso e dor abdominal | Abordagem às diarreias, linha 108-111 | CONFIRMADO",
capsules/CASOS_CLINICOS/doenca_inflamatoria_intestinal_crohn_versus_retocolite_ulcerativa.md,5,"Epidemiologia | até 20% dos casos ficam como colite indeterminada; pico bimodal: 15-40 anos (1º pico) e 50-80 anos (2º pico); fator genético importante | Abordagem às diarreias, linha 112-116 | CONFIRMADO",
capsules/CASOS_CLINICOS/doenca_inflamatoria_intestinal_crohn_versus_retocolite_ulcerativa.md,6,"RCU — características | doença colônica (reto e sigmoide de início), padrão contínuo e ascendente, restrita à mucosa (não causa estenose/fístula), megacólon tóxico como complicação, pseudopólipos comuns, histologia com criptite | Abordagem às diarreias, linha 119-127 | CONFIRMADO",
capsules/CASOS_CLINICOS/doenca_inflamatoria_intestinal_crohn_versus_retocolite_ulcerativa.md,7,"DC — características | qualquer parte do TGI (boca ao ânus), mais comum em íleo terminal, padrão salteado, acometimento transmural (causa fístulas e estenoses), histologia com granulomas não caseosos | Abordagem às diarreias, linha 130-136 | CONFIRMADO",
capsules/CASOS_CLINICOS/doenca_inflamatoria_intestinal_crohn_versus_retocolite_ulcerativa.md,8,"Manifestações extraintestinais relacionadas à atividade da doença | episclerite; eritema nodoso | Abordagem às diarreias, linha 140-143 | CONFIRMADO",
capsules/CASOS_CLINICOS/doenca_inflamatoria_intestinal_crohn_versus_retocolite_ulcerativa.md,9,"Manifestações extraintestinais sem relação com atividade | pioderma gangrenoso; colangite esclerosante primária; espondilite anquilosante/artralgias; uveíte | Abordagem às diarreias, linha 144-148 | CONFIRMADO",
capsules/CASOS_CLINICOS/doenca_inflamatoria_intestinal_crohn_versus_retocolite_ulcerativa.md,10,"Diagnóstico | PCR, VHS e calprotectina fecal aumentados (ambas); ASCA (DC); p-ANCA (RCU); colonoscopia como exame principal; EDA em pediatria e na DC | Abordagem às diarreias, linha 152-157 | CONFIRMADO",
capsules/CASOS_CLINICOS/doenca_inflamatoria_intestinal_crohn_versus_retocolite_ulcerativa.md,11,"Tratamento medicamentoso | 5-ASA (sulfassalazina, mesalazina); corticosteroides (prednisona, budesonida); tiopurinas (azatioprina); imunobiológicos (vedolizumabe, infliximabe) | Abordagem às diarreias, linha 162-165 | CONFIRMADO",
capsules/CASOS_CLINICOS/doenca_inflamatoria_intestinal_crohn_versus_retocolite_ulcerativa.md,12,"Indicação cirúrgica na RCU | refratária ao tratamento medicamentoso, câncer colorretal, megacólon tóxico | Abordagem às diarreias, linha 168-169 | CONFIRMADO",
capsules/CASOS_CLINICOS/doenca_inflamatoria_intestinal_crohn_versus_retocolite_ulcerativa.md,13,"Indicação cirúrgica na DC | complicações: fístulas, abscessos, estenose, câncer | Abordagem às diarreias, linha 170 | CONFIRMADO",
capsules/CASOS_CLINICOS/formato_avaliacao_discussao_casos_clinicos.md,4,Professor responsável | Nomário Pedrosa Lacerda | Cronograma p.1 | CONFIRMADO,
capsules/CASOS_CLINICOS/formato_avaliacao_discussao_casos_clinicos.md,5,Módulo / disciplina | Saúde do Adulto II / Discussão de Casos Clínicos | Cronograma p.1 | CONFIRMADO,
capsules/CASOS_CLINICOS/formato_avaliacao_discussao_casos_clinicos.md,6,"Período/turmas | P7A e P7B, semestre 2025.1 | Cronograma p.1 | CONFIRMADO",
capsules/CASOS_CLINICOS/formato_avaliacao_discussao_casos_clinicos.md,7,Número de grupos por turma | 4 grupos | Cronograma p.1 | CONFIRMADO,
capsules/CASOS_CLINICOS/formato_avaliacao_discussao_casos_clinicos.md,8,Etapa 1 | Apresentação da disciplina + divisão de grupos (4) + apresentação do tema e divisão das etiologias por grupo | Cronograma p.1 | CONFIRMADO,
capsules/CASOS_CLINICOS/formato_avaliacao_discussao_casos_clinicos.md,9,Etapa 2 | Correção e ajustes dos casos clínicos elaborados pelos grupos 1 e 2 (depois repetida para grupos 3 e 4) | Cronograma p.1 | CONFIRMADO,
capsules/CASOS_CLINICOS/formato_avaliacao_discussao_casos_clinicos.md,10,"Etapa 3 | Apresentação da simulação dos grupos 1 e 2 (depois 3 e 4), com presença obrigatória de todos os grupos para assistir | Cronograma p.1 | CONFIRMADO",
capsules/CASOS_CLINICOS/formato_avaliacao_discussao_casos_clinicos.md,11,Etapa 4 | Feedback da atividade | Cronograma p.1 | CONFIRMADO,
capsules/CASOS_CLINICOS/formato_avaliacao_discussao_casos_clinicos.md,12,"Estrutura por turma | ciclo de 2 semanas (correção → apresentação) repetido duas vezes (grupos 1-2, depois grupos 3-4) + feedback ao final, intercalado com semanas de prova de outras disciplinas | Cronograma p.1 | CONFIRMADO",
capsules/CASOS_CLINICOS/formato_avaliacao_discussao_casos_clinicos.md,13,"Calendário Turma A (2025.1) | fevereiro-março: início 03/02, correção 10/02, simulação 17/02, prova 24/02, correção grupos 3-4 em 10/03, simulação em 17/03, feedback em 24/03 | Cronograma p.1 | CONFIRMADO (específico do semestre 2025.1 — datas não se repetem, estrutura sim)",
capsules/CASOS_CLINICOS/formato_avaliacao_discussao_casos_clinicos.md,14,"Calendário Turma B (2025.1) | abril-maio: início 07/04, correção 14/04, simulação 28/04 (feriado de Tiradentes intercalado), correção grupos 3-4 em 12/05, simulação em 19/05, feedback em 26/05 | Cronograma p.1 | CONFIRMADO (específico do semestre 2025.1)",
capsules/CASOS_CLINICOS/fraqueza_muscular_miastenia_polimiosite.md,4,"4 níveis anatômicos da fraqueza muscular | neurônio motor superior, neurônio motor inferior, junção neuromuscular, músculo | Casos_Clinicos_P7_1 p.16 | CONFIRMADO",
capsules/CASOS_CLINICOS/fraqueza_muscular_miastenia_polimiosite.md,5,"Ordem do diagnóstico diferencial de fraqueza muscular progressiva | 1) miastenia gravis/Sd. Lambert-Eaton; 2) deficiência de B12; 3) distúrbios hidroeletrolíticos; 4) miopatias; 5) endocrinopatias (DM, tireoide, adrenal); 6) fármacos (corticoide, hidroxicloroquina, estatina) | Casos_Clinicos_P7_1 p.16-17 | CONFIRMADO",
capsules/CASOS_CLINICOS/fraqueza_muscular_miastenia_polimiosite.md,6,Sinais de alerta em fraqueza muscular | fraqueza que se torna grave em dias/semanas; dispneia; incapacidade de levantar a cabeça (contra gravidade); sintomas bulbares (mastigar/falar/engolir); perda de deambulação | Casos_Clinicos_P7_1 p.16 | CONFIRMADO,
capsules/CASOS_CLINICOS/fraqueza_muscular_miastenia_polimiosite.md,7,CPK no caso-fonte (polimiosite) | 2525 U/L (referência 33-211) | Casos_Clinicos_P7_1 p.15 | CONFIRMADO,
capsules/CASOS_CLINICOS/fraqueza_muscular_miastenia_polimiosite.md,8,"Aldolase no caso-fonte | 8,2 (referência até 7,6) — discretamente elevada | Casos_Clinicos_P7_1 p.15 | CONFIRMADO",
capsules/CASOS_CLINICOS/fraqueza_muscular_miastenia_polimiosite.md,9,"Anti-AChR no caso-fonte | 0,2 (referência <0,4) — negativo, afasta miastenia | Casos_Clinicos_P7_1 p.15 | CONFIRMADO",
capsules/CASOS_CLINICOS/fraqueza_muscular_miastenia_polimiosite.md,10,Anti-Jo1 e anti-SRP no caso-fonte | anti-Jo1 negativo; anti-SRP não detectável | Casos_Clinicos_P7_1 p.15 | CONFIRMADO,
capsules/CASOS_CLINICOS/fraqueza_muscular_miastenia_polimiosite.md,11,"Vitamina B12 e função tireoidiana no caso-fonte | vitamina B12 564 (>300, normal); TSH 2,3, T4L 1,02 (normais) — afastam B12 e tireoide como causa | Casos_Clinicos_P7_1 p.15 | CONFIRMADO",
capsules/CASOS_CLINICOS/fraqueza_muscular_miastenia_polimiosite.md,12,"Eletrólitos no caso-fonte | Na 138, K 4,0, Ca 9,2, Mg 2,1, P 3,1 — todos normais, afastam distúrbio hidroeletrolítico | Casos_Clinicos_P7_1 p.15 | CONFIRMADO",
capsules/CASOS_CLINICOS/fraqueza_muscular_miastenia_polimiosite.md,13,RM de coxas no caso-fonte | edema/inflamação do reto femoral | Casos_Clinicos_P7_1 p.15 | CONFIRMADO,
capsules/CASOS_CLINICOS/fraqueza_muscular_miastenia_polimiosite.md,14,"Achados de EMG em miopatia | aumento da atividade insercional, fibrilações e ondas pontiagudas positivas; descargas espontâneas bizarras de alta frequência; unidades motoras polifásicas de baixa amplitude e curta duração | Casos_Clinicos_P7_1 p.16 | CONFIRMADO",
capsules/CASOS_CLINICOS/fraqueza_muscular_miastenia_polimiosite.md,15,"Achados de biópsia muscular em polimiosite | necrose das miofibrilas, fagocitose, núcleo grande com nucléolo proeminente, atrofia perifascicular, variação no tamanho das fibras, infiltrado inflamatório | Casos_Clinicos_P7_1 p.16 | CONFIRMADO",
capsules/CASOS_CLINICOS/fraqueza_muscular_miastenia_polimiosite.md,16,"CPK elevado crônico ≠ rabdomiólise | rabdomiólise é um quadro agudo; CPK elevado com sintomas de evolução crônica (meses) representa lesão muscular inflamatória, não rabdomiólise | Casos_Clinicos_P7_1 p.15 (anotação do aluno) | CONFIRMADO_COM_RESSALVA — anotação de caderno, tratada como pegadinha pedagógica; princípio (rabdomiólise = quadro agudo) é consistente com a literatura geral",
capsules/CASOS_CLINICOS/fraqueza_muscular_miastenia_polimiosite.md,17,"Farmácos em uso no caso-fonte | metformina, losartana, carbonato de cálcio, espironolactona — nenhum classicamente miotóxico relevante ao quadro, ajudando a excluir causa iatrogênica | Casos_Clinicos_P7_1 p.15 | CONFIRMADO",
capsules/CASOS_CLINICOS/ganho_de_peso_obesidade_e_sindrome_metabolica.md,4,"Classificação por IMC | <18,5 abaixo do peso · 18,6–24,9 peso normal · 25–29,9 sobrepeso/pré-obesidade · 30–34,9 obesidade Grau 1 · 35–39,9 obesidade Grau 2 · ≥40 obesidade Grau 3 | Ganho_de_Peso slide p.10 | CONFIRMADO",
capsules/CASOS_CLINICOS/ganho_de_peso_obesidade_e_sindrome_metabolica.md,5,"Circunferência abdominal (nível 1 e 2) | Nível 1: mulheres 80,0–87,9 cm / homens 94,0–101,9 cm · Nível 2: mulheres >88,0 cm / homens >102,0 cm | Ganho_de_Peso slide p.11 | CONFIRMADO",
capsules/CASOS_CLINICOS/ganho_de_peso_obesidade_e_sindrome_metabolica.md,6,Percentual de gordura corporal (obesidade) | Homens >25% · Mulheres >32% | Ganho_de_Peso slide p.11 | CONFIRMADO,
capsules/CASOS_CLINICOS/ganho_de_peso_obesidade_e_sindrome_metabolica.md,7,Critérios NCEP-ATP III de síndrome metabólica | CA >102cm(H)/>88cm(M) · TG ≥150 mg/dL · HDL <40mg/dL(H)/<50mg/dL(M) · PAS ≥130 ou PAD ≥85 mmHg · glicemia de jejum ≥110 mg/dL | Ganho_de_Peso slide p.12 | CONFIRMADO,
capsules/CASOS_CLINICOS/ganho_de_peso_obesidade_e_sindrome_metabolica.md,8,Circunferência abdominal — critério IDF (América do Sul) | Homens >90cm · Mulheres >80cm (mais sensível que o corte NCEP) | FACILITA_OSCE p.541-542 (texto) | CONFIRMADO,
capsules/CASOS_CLINICOS/ganho_de_peso_obesidade_e_sindrome_metabolica.md,9,"Indicação de farmacoterapia | IMC ≥30 kg/m² OU IMC ≥27 kg/m² com comorbidade relacionada ao peso, após falha de MEV | Ganho_de_Peso slide p.19; FACILITA_OSCE p.587-589 | CONFIRMADO (concordância entre as duas fontes B)",
capsules/CASOS_CLINICOS/ganho_de_peso_obesidade_e_sindrome_metabolica.md,10,"Eficácia farmacológica esperada | FDA: perda de peso >5% vs placebo · EMEA: perda de peso >10% vs placebo, ambos avaliados em 3–6 meses de uso | Ganho_de_Peso slide p.19 | CONFIRMADO",
capsules/CASOS_CLINICOS/ganho_de_peso_obesidade_e_sindrome_metabolica.md,11,"Indicação de cirurgia bariátrica | IMC ≥40 kg/m² OU IMC ≥35 kg/m² com comorbidade; exige tratamento clínico prévio de ≥2 anos; idade >16 e ≤65 anos; sem transtorno de humor/psicótico não controlado, sem drogas ilícitas/alcoolismo ativo | Ganho_de_Peso slide p.22 | CONFIRMADO",
capsules/CASOS_CLINICOS/ganho_de_peso_obesidade_e_sindrome_metabolica.md,12,Critério de sucesso pós-bariátrica | Controlada: PPT (perda de peso total) >20% em 6 meses · Parcialmente controlada: PPT 10–20% · Não controlada: <10% | Ganho_de_Peso slide p.22 | CONFIRMADO,
capsules/CASOS_CLINICOS/ganho_de_peso_obesidade_e_sindrome_metabolica.md,13,"Reposição pós-bariátrica | Ferro, B12, cálcio e vitamina D | Ganho_de_Peso slide p.22 | CONFIRMADO",
capsules/CASOS_CLINICOS/ganho_de_peso_obesidade_e_sindrome_metabolica.md,14,"Causas de obesidade secundária | sedentarismo/dieta; genética (gene OB); hormonal (SOP, Cushing); transtornos alimentares; medicamentos (antidepressivos, anticonvulsivantes, corticoides) | Ganho_de_Peso slide p.13 | CONFIRMADO",
capsules/CASOS_CLINICOS/hemorragia_subaracnoide_hipertensao_intracraniana.md,4,Definição de HIC | PIC >20mmHg; valor normal até 15mmHg | Cópia faculdade l.199-208 | CONFIRMADO,
capsules/CASOS_CLINICOS/hemorragia_subaracnoide_hipertensao_intracraniana.md,5,Composição do compartimento craniano | 80% encéfalo / 10% LCR / 10% sangue | Cópia faculdade l.201 | CONFIRMADO,
capsules/CASOS_CLINICOS/hemorragia_subaracnoide_hipertensao_intracraniana.md,6,"Causas de HIC | tumores/abscessos, edema cerebral, aumento de produção/redução de absorção do LCR, redução do retorno venoso | Cópia faculdade l.202-206 | CONFIRMADO",
capsules/CASOS_CLINICOS/hemorragia_subaracnoide_hipertensao_intracraniana.md,7,Tríade de Cushing | hipertensão + bradicardia + depressão respiratória | Cópia faculdade l.217 | CONFIRMADO,
capsules/CASOS_CLINICOS/hemorragia_subaracnoide_hipertensao_intracraniana.md,8,"Apresentação clássica de HSA | cefaleia thunderclap (""pior dor da vida""), síncope, vômito ""em jato"", rigidez de nuca, ausência de febre, rebaixamento do nível de consciência | FACILITA_OSCE l.166-175; OSCE_NEUROLOGIA l.360-368 | CONFIRMADO",
capsules/CASOS_CLINICOS/hemorragia_subaracnoide_hipertensao_intracraniana.md,9,Rigidez de nuca na HSA — início | 12-24h após o início do sangramento (irritação química meníngea) | FACILITA_OSCE l.464-467 | CONFIRMADO,
capsules/CASOS_CLINICOS/hemorragia_subaracnoide_hipertensao_intracraniana.md,10,"Sequência diagnóstica de HSA | TC sem contraste → se normal, LCR (xantocrômico/eritrocrômico) → arteriografia (angioTC/angioRM) para localizar aneurisma | FACILITA_OSCE l.176-228; OSCE_NEUROLOGIA l.398-411 | CONFIRMADO",
capsules/CASOS_CLINICOS/hemorragia_subaracnoide_hipertensao_intracraniana.md,11,"Escala de Hunt-Hess | I: assintomático/cefaleia leve, GCS15; II: cefaleia/rigidez moderada-grave, par craniano, GCS13-14; III: confusão/letargia, déficit focal leve, GCS13-14; IV: torpor, hemiparesia mod-grave, GCS7-12; V: coma, GCS3-6 | OSCE_NEUROLOGIA l.377-394 | CONFIRMADO",
capsules/CASOS_CLINICOS/hemorragia_subaracnoide_hipertensao_intracraniana.md,12,Complicação — ressangramento | ~20% dos pacientes nos primeiros 7 dias; prevenção = intervenção cirúrgica precoce | FACILITA_OSCE l.485-487; OSCE_NEUROLOGIA l.449-453 | CONFIRMADO,
capsules/CASOS_CLINICOS/hemorragia_subaracnoide_hipertensao_intracraniana.md,13,"Complicação — vasoespasmo (pico) | FACILITA_OSCE descreve acompanhamento por doppler transcraniano do 3º ao 14º dia; OSCE_NEUROLOGIA descreve ocorrência ""de 3 a 14 dias após a HSA"" | FACILITA_OSCE l.492-493; OSCE_NEUROLOGIA l.454-456 | CONFIRMADO (concordância entre as duas fontes)",
capsules/CASOS_CLINICOS/hemorragia_subaracnoide_hipertensao_intracraniana.md,14,"Tratamento do vasoespasmo | hipertensão induzida; nimodipino como neuroproteção; acompanhamento por doppler transcraniano | FACILITA_OSCE l.218, 494; OSCE_NEUROLOGIA l.427-430 | CONFIRMADO",
capsules/CASOS_CLINICOS/hemorragia_subaracnoide_hipertensao_intracraniana.md,15,Complicação — hidrocefalia | bloqueio de drenagem liquórica por coágulo; tratamento com derivação ventricular externa (DVE) | FACILITA_OSCE l.495-499; OSCE_NEUROLOGIA l.466-467 | CONFIRMADO,
capsules/CASOS_CLINICOS/hemorragia_subaracnoide_hipertensao_intracraniana.md,16,"Janela cirúrgica de clipagem/coil | até o 3º dia OU após o 14º dia (evitar operar durante a janela de vasoespasmo) | FACILITA_OSCE l.221-222, 501-503; OSCE_NEUROLOGIA l.414-421 | CONFIRMADO",
capsules/CASOS_CLINICOS/hemorragia_subaracnoide_hipertensao_intracraniana.md,17,"PAS alvo com aneurisma não clipado | 140-150mmHg, com nitroprussiato de sódio se necessário | OSCE_NEUROLOGIA l.422-426 | CONFIRMADO",
capsules/CASOS_CLINICOS/hemorragia_subaracnoide_hipertensao_intracraniana.md,18,"Nimodipino — via e dose | 60mg VO a cada 4h, por até 3 semanas | OSCE_NEUROLOGIA l.427-430 | CONFIRMADO",
capsules/CASOS_CLINICOS/hemorragia_subaracnoide_hipertensao_intracraniana.md,19,"Hiponatremia pós-HSA | comum nas primeiras 2 semanas, por SIADH ou cerebropatia perdedora de sal | OSCE_NEUROLOGIA l.468-473 | CONFIRMADO",
capsules/CASOS_CLINICOS/hemorragia_subaracnoide_hipertensao_intracraniana.md,20,Hemorragia intraparenquimatosa — alvo pressórico | PAS alvo 140mmHg; cirurgia se hematoma cerebelar >3cm | FACILITA_OSCE l.421-423 | CONFIRMADO,
capsules/CASOS_CLINICOS/hemorragia_subaracnoide_hipertensao_intracraniana.md,21,Diferenciação etiológica AVCh | HAS mal controlada + má aderência → ruptura de microaneurisma (hemorragia intraparenquimatosa); idoso normotenso ± Alzheimer → angiopatia amiloide | FACILITA_OSCE l.432-449 | CONFIRMADO,
capsules/CASOS_CLINICOS/icetericia_e_interpretacao_das_provas_de_funcao_hepatica.md,4,Aminotransferases | elevação indica lesão hepatocelular | CASOS_CL_NICOS_RESUMO p.1 (seção Cirrose) | CONFIRMADO,
capsules/CASOS_CLINICOS/icetericia_e_interpretacao_das_provas_de_funcao_hepatica.md,5,Razão AST/ALT sugestiva de lesão alcoólica | AST/ALT >2 e AST <300 UI/L | CASOS_CL_NICOS_RESUMO p.1 | CONFIRMADO,
capsules/CASOS_CLINICOS/icetericia_e_interpretacao_das_provas_de_funcao_hepatica.md,6,"Transaminases em necrose severa | AST e ALT >1000 (hepatites virais, toxinas, isquemia) | CASOS_CL_NICOS_RESUMO p.1 | CONFIRMADO",
capsules/CASOS_CLINICOS/icetericia_e_interpretacao_das_provas_de_funcao_hepatica.md,7,Bilirrubina direta elevada | sugere colestase | CASOS_CL_NICOS_RESUMO p.1 | CONFIRMADO,
capsules/CASOS_CLINICOS/icetericia_e_interpretacao_das_provas_de_funcao_hepatica.md,8,Bilirrubina indireta isolada | sugere síndrome de Gilbert ou hemólise | CASOS_CL_NICOS_RESUMO p.1 | CONFIRMADO,
capsules/CASOS_CLINICOS/icetericia_e_interpretacao_das_provas_de_funcao_hepatica.md,9,Albumina | meia-vida de 28 dias; redução sustentada <3 mg/dL sugere hepatopatia | CASOS_CL_NICOS_RESUMO p.1 | CONFIRMADO,
capsules/CASOS_CLINICOS/icetericia_e_interpretacao_das_provas_de_funcao_hepatica.md,10,Tempo de protrombina | prolongamento >3 segundos sugere hepatopatia | CASOS_CL_NICOS_RESUMO p.1 | CONFIRMADO,
capsules/CASOS_CLINICOS/icetericia_e_interpretacao_das_provas_de_funcao_hepatica.md,11,"Exames de imagem de 1ª linha | USG (rápida, não invasiva, sem contraste, avalia parênquima e rastreia neoplasia); TC; RM; CPRE conforme indicação | CASOS_CL_NICOS_RESUMO p.1 | CONFIRMADO",
capsules/CASOS_CLINICOS/icetericia_e_interpretacao_das_provas_de_funcao_hepatica.md,12,"Classificação clássica de icterícia (pré-hepática/hepática/pós-hepática) | pré-hepática: hemólise/produção aumentada, predomina indireta; hepática: lesão hepatocelular, mista; pós-hepática/obstrutiva: colestase mecânica, predomina direta | não localizado no acervo mapeado para este tema | conhecimento geral — confirmar no slide se camada A for localizada futuramente",
capsules/CASOS_CLINICOS/sindrome_do_intestino_irritavel.md,4,"Definição | dor abdominal crônica e recorrente, com alterações de hábito intestinal, sem base orgânica | Abordagem às diarreias, linha 174-175 | CONFIRMADO",
capsules/CASOS_CLINICOS/sindrome_do_intestino_irritavel.md,5,"Discriminador de causa orgânica | SII não acorda o paciente à noite | Abordagem às diarreias, linha 176 | CONFIRMADO",
capsules/CASOS_CLINICOS/sindrome_do_intestino_irritavel.md,6,"Perfil clássico | mulher, com estresse associado, entre 30-50 anos | Abordagem às diarreias, linha 177 | CONFIRMADO",
capsules/CASOS_CLINICOS/sindrome_do_intestino_irritavel.md,7,"Indicação de exames complementares | solicitar exames se sintomas mimetizam DII | Abordagem às diarreias, linha 182 | CONFIRMADO",
capsules/CASOS_CLINICOS/sindrome_do_intestino_irritavel.md,8,"Tratamento | orientações dietéticas; escopolamina e bromoprida (sintomático); antidepressivos tricíclicos e ISRS | Abordagem às diarreias, linha 186-189 | CONFIRMADO",
capsules/CASOS_CLINICOS/sindrome_do_intestino_irritavel.md,9,"SII como causa de diarreia crônica | uma das causas não infecciosas mais frequentes de diarreia crônica em países desenvolvidos, junto com DII e síndromes de má absorção | CASOS_CL_NICOS_RESUMO, linha 148 | CONFIRMADO",
capsules/CASOS_CLINICOS/sindrome_do_intestino_irritavel.md,10,"Diarreia noturna (achado geral de diarreia crônica) | sugere doença orgânica (não funcional) | CASOS_CL_NICOS_RESUMO, linha 152 | CONFIRMADO (dado geral de diarreia crônica, consistente com o discriminador específico de SII acima)",
capsules/CASOS_CLINICOS/tireoidopatias_hipotireoidismo_nodulo_e_paaf.md,4,"Diagnóstico laboratorial do hipotireoidismo | T3 e T4 baixos, TSH alto (mecanismo de retroalimentação do eixo hipotálamo-hipófise) | FACILITA_OSCE p.749-751 | CONFIRMADO",
capsules/CASOS_CLINICOS/tireoidopatias_hipotireoidismo_nodulo_e_paaf.md,5,"Hipotireoidismo subclínico | TSH alto com T3/T4 normais; conduta padrão é repetir TSH em 3 meses antes de tratar, exceto se gestante, sintomático, ou outras condições que autorizam tratar de imediato | FACILITA_OSCE p.752-757 | CONFIRMADO",
capsules/CASOS_CLINICOS/tireoidopatias_hipotireoidismo_nodulo_e_paaf.md,6,"Tratamento do hipotireoidismo | Levotiroxina (T4 sintético), tomada pela manhã em jejum, 30 min antes do café | FACILITA_OSCE p.762-766 | CONFIRMADO",
capsules/CASOS_CLINICOS/tireoidopatias_hipotireoidismo_nodulo_e_paaf.md,7,"Hipotireoidismo na gestante | TSH >4 já indica tratar; TSH 2,5–4 → solicitar anti-TPO: se positivo, trata; se negativo, só acompanha | FACILITA_OSCE p.766-769 | CONFIRMADO",
capsules/CASOS_CLINICOS/tireoidopatias_hipotireoidismo_nodulo_e_paaf.md,8,Tratamento do hipertireoidismo | Metimazol (MMI) é 1ª escolha; PTU reservado para 1º trimestre de gestação (menor teratogenicidade) e crise tireotóxica (bloqueia conversão periférica T4→T3); betabloqueador (propranolol) para sintomas adrenérgicos | FACILITA_OSCE p.770-776 | CONFIRMADO,
capsules/CASOS_CLINICOS/tireoidopatias_hipotireoidismo_nodulo_e_paaf.md,9,"Caso real — hipotireoidismo (Questão 1) | Mulher 52a, edema de MMII, dificuldade para perder peso, constipação, insônia, queda de cabelo, pele ressecada/unhas quebradiças, obesidade central (IMC 33), PA 130x90, FC 52bpm, tireoide heterogênea sem nódulo — alternativas de diagnóstico incluem hipotireoidismo x tireoidite de Hashimoto x hipertireoidismo, com diferentes painéis de exame | 2_Avaliação p.1 (Questão 1) | CONFIRMADO (achados clínicos batem com hipofunção: bradicardia, constipação, pele seca, queda de cabelo — não com hiperfunção)",
capsules/CASOS_CLINICOS/tireoidopatias_hipotireoidismo_nodulo_e_paaf.md,10,"Caso real — nódulos tireoidianos (Questão 3) | Maria Alice, 32a, 2 nódulos: 0,8cm com microcalcificações (Chammas II) e 0,5cm sem calcificação (Chammas II); TSH 6,5, T4L 0,92, T3 total 105, anti-TPO 22 | 2_Avaliação p.2-3 (Questão 3) | CONFIRMADO",
capsules/CASOS_CLINICOS/tireoidopatias_hipotireoidismo_nodulo_e_paaf.md,11,"Indicação de PAAF (nódulo sólido/misto) | ≥1cm OU microcalcificação OU vascularização mais central que periférica (Chammas IV/V) OU crescimento ≥50% do volume ou ≥20% em ≥2 dimensões em 1 ano; também indicado se TIRADS 3/4/5 | ANOTAÇÕES nódulo/câncer de tireoide, linhas 54-61 | confirmar no slide (fonte é anotação de aluno, camada B; cruzar com camada A da cápsula EISA_II antes de citar como número fechado em prova)",
capsules/CASOS_CLINICOS/tireoidopatias_hipotireoidismo_nodulo_e_paaf.md,12,"Seguimento por Bethesda | Bethesda I: repetir PAAF em ~4 meses · II: USG anual + TSH/T4L 6/6 meses · III/IV: teste genético, lobectomia ou acompanhar · V/VI: tireoidectomia total | ANOTAÇÕES nódulo/câncer de tireoide, linhas 113-124 | confirmar no slide (mesma ressalva acima)",
capsules/CASOS_CLINICOS/tontura_vertigem_vppb_dix_hallpike.md,4,"Causa mais prevalente de tontura | VPPB, relacionada a debris de otólitos nos canais semicirculares (principalmente posterior) | Casos_Clinicos_P7_1 p.13 | CONFIRMADO",
capsules/CASOS_CLINICOS/tontura_vertigem_vppb_dix_hallpike.md,5,"VPPB — etiologia mais comum | idiopática | 2ª Avaliação Casos Clínicos Turma B 2021.1, Q5 (gabarito esperado pela estrutura do item) | CONFIRMADO",
capsules/CASOS_CLINICOS/tontura_vertigem_vppb_dix_hallpike.md,6,VPPB — diagnóstico | essencialmente clínico (manobra de Dix-Hallpike) | Casos_Clinicos_P7_1 p.14; 2ª Avaliação Q5 | CONFIRMADO,
capsules/CASOS_CLINICOS/tontura_vertigem_vppb_dix_hallpike.md,7,VPPB — tratamento | não medicamentoso (reposicionamento — manobra de Epley) | Casos_Clinicos_P7_1 p.14; 2ª Avaliação Q5 | CONFIRMADO,
capsules/CASOS_CLINICOS/tontura_vertigem_vppb_dix_hallpike.md,8,"VPPB — duração da crise | tontura com duração de segundos, raramente superior a 1 minuto, desencadeada por movimentos cefálicos | Casos_Clinicos_P7_1 p.13 | CONFIRMADO",
capsules/CASOS_CLINICOS/tontura_vertigem_vppb_dix_hallpike.md,9,"VPPB — evolução | quadro autolimitado, melhora em cerca de 2 semanas ou antes com manobra de reposicionamento (Epley) | Casos_Clinicos_P7_1 p.13 | CONFIRMADO",
capsules/CASOS_CLINICOS/tontura_vertigem_vppb_dix_hallpike.md,10,"Manobra de Dix-Hallpike — técnica | versão cefálica de 45°, testando o canal semicircular posterior ipsilateral ao lado da rotação; tronco pendente para fora da maca a 30° abaixo do nível; observar nistagmo torcional ipsilateral após período de latência | Casos_Clinicos_P7_1 p.14 | CONFIRMADO",
capsules/CASOS_CLINICOS/tontura_vertigem_vppb_dix_hallpike.md,11,"Manobra de Epley modificada | após Dix-Hallpike identificar a orelha afetada, a cabeça é girada sistematicamente para deslizar as partículas do canal posterior para o utrículo | Casos_Clinicos_P7_1 p.14 | CONFIRMADO",
capsules/CASOS_CLINICOS/tontura_vertigem_vppb_dix_hallpike.md,12,"Diferenciação vertigem central x periférica — duração | periférica: intermitente (minutos/horas), mais recidivante; central: crônica, geralmente persistente | Casos_Clinicos_P7_1 p.13 | CONFIRMADO",
capsules/CASOS_CLINICOS/tontura_vertigem_vppb_dix_hallpike.md,13,Diferenciação central x periférica — zumbido/perda auditiva | frequentemente presente na periférica; geralmente ausente na central | Casos_Clinicos_P7_1 p.13 | CONFIRMADO,
capsules/CASOS_CLINICOS/tontura_vertigem_vppb_dix_hallpike.md,14,"Diferenciação central x periférica — outros déficits neurológicos (paralisia de PC, disartria, fraqueza de membros) | ausentes na periférica; frequentemente presentes na central | Casos_Clinicos_P7_1 p.13 | CONFIRMADO",
capsules/CASOS_CLINICOS/tontura_vertigem_vppb_dix_hallpike.md,15,"Doença de Ménière — tríade | tontura + zumbido + perda auditiva (síndrome vestibular intermitente espontânea), por hidropsia endolinfática; diagnóstico apoiado por audiometria | Casos_Clinicos_P7_1 p.14 | CONFIRMADO",
capsules/CASOS_CLINICOS/tontura_vertigem_vppb_dix_hallpike.md,16,"Neurite vestibular | síndrome vestibular aguda espontânea, precedida/concomitante a infecção viral, com náuseas/vômito/desequilíbrio | Casos_Clinicos_P7_1 p.14 | CONFIRMADO",
capsules/CASOS_CLINICOS/tontura_vertigem_vppb_dix_hallpike.md,17,HINTS — achados de neurite vestibular (periférico) | reflexo vestíbulo-ocular ALTERADO com correção sacádica; nistagmo unidirecional com período de latência e fatigabilidade; AUSÊNCIA de desvio vertical do olhar (skew) | Casos_Clinicos_P7_1 p.14 | CONFIRMADO,
capsules/CASOS_CLINICOS/tontura_vertigem_vppb_dix_hallpike.md,18,"HINTS — achados sugestivos de AVC (central) | reflexo vestíbulo-ocular PRESERVADO; nistagmo puramente vertical ou multidirecional, sem latência/fatigabilidade; PRESENÇA de desvio vertical do olhar (skew) | Casos_Clinicos_P7_1 p.14 | CONFIRMADO",
capsules/CASOS_CLINICOS/tontura_vertigem_vppb_dix_hallpike.md,19,"Hipotensão ortostática — critério diagnóstico | queda ≥20mmHg sistólica e/ou ≥10mmHg diastólica, aferida deitado e 3 minutos após ficar em pé; interpretar com cautela em idosos/contexto multifatorial | Casos_Clinicos_P7_1 p.14 | CONFIRMADO",
capsules/CASOS_CLINICOS/tontura_vertigem_vppb_dix_hallpike.md,20,"Causas de hipotensão ortostática | sangramento, diarreia, efeito de anti-hipertensivos/diuréticos, disautonomia primária ou secundária (ex. Parkinson, DM) | Casos_Clinicos_P7_1 p.14 | CONFIRMADO",
capsules/EISA_II/anatomia_osso_temporal_e_audicao.md,4,"Perda de energia sonora ar→líquido sem compensação | ~999/1000 (só 1/1000 chega ao meio líquido) | Fisiologia da Audição, p. 2 | CONFIRMADO",
capsules/EISA_II/anatomia_osso_temporal_e_audicao.md,5,"Mecanismo hidráulico — razão de área membrana/platina do estribo | ~17:1 (até 25:1 conforme estudo), gerando ganho ~26 dB | Fisiologia da Audição, p. 2 | CONFIRMADO",
capsules/EISA_II/anatomia_osso_temporal_e_audicao.md,6,"Mecanismo de alavanca martelo-bigorna | razão ~2:1, ganho adicional de ~2,5 dB | Fisiologia da Audição, p. 2 | CONFIRMADO",
capsules/EISA_II/anatomia_osso_temporal_e_audicao.md,7,"Ganho total do sistema tímpano-ossicular | 22 vezes (27–35 dB); sem ele, perda auditiva de ~30 dB | Fisiologia da Audição, p. 3 | CONFIRMADO",
capsules/EISA_II/anatomia_osso_temporal_e_audicao.md,8,"Área vibrátil da membrana timpânica (Békésy) | 55 mm² de um total de 85 mm² | Fisiologia da Audição, p. 2 | CONFIRMADO",
capsules/EISA_II/anatomia_osso_temporal_e_audicao.md,9,"Potencial endococlear de repouso | endolinfa +80 µV, perilinfa −60 µV, diferencial ~140 µV, dependente da estria vascular | Fisiologia da Audição, p. 6–7 | CONFIRMADO",
capsules/EISA_II/anatomia_osso_temporal_e_audicao.md,10,"Células ciliadas internas (CCI) | ~3.500 células; recebem 90–95% das fibras aferentes (tipo I), 15–20 neurônios tipo I por CCI | Fisiologia da Audição, p. 5, 7 | CONFIRMADO",
capsules/EISA_II/anatomia_osso_temporal_e_audicao.md,11,"Células ciliadas externas (CCE) | 12.000–16.000 células; recebem 5–10% das fibras aferentes (tipo II), 1 neurônio tipo II inerva 10 CCE | Fisiologia da Audição, p. 5, 7 | CONFIRMADO",
capsules/EISA_II/anatomia_osso_temporal_e_audicao.md,12,"Reflexo estapediano | latência 14–16 ms; atenuação de apenas ~2 dB; não protege contra ruído brusco | Fisiologia da Audição, p. 3 | CONFIRMADO",
capsules/EISA_II/anatomia_osso_temporal_e_audicao.md,13,"Tonotopia coclear | agudos (até 20 kHz) na espira basal; graves na espira apical; <200 Hz mobiliza toda a membrana basilar | Fisiologia da Audição, p. 4 | CONFIRMADO",
capsules/EISA_II/anatomia_osso_temporal_e_audicao.md,14,"Bigorna — processos | processo longo mede ~7 mm, processo curto ~5 mm, formando ângulo de ~100° entre si | Anatomia do Osso Temporal, seção 4.3 | CONFIRMADO",
capsules/EISA_II/anatomia_osso_temporal_e_audicao.md,15,"Estribo | platina mede ~2 mm, articula-se com a janela oval pelo ligamento anular | Anatomia do Osso Temporal, seção 4.3 | CONFIRMADO",
capsules/EISA_II/anatomia_osso_temporal_e_audicao.md,16,"Recesso do facial e seio timpânico | dois recessos da superfície mastóidea da cavidade timpânica; ambos são sítios clássicos de retenção de colesteatoma | Anatomia do Osso Temporal, seção 4.2 | CONFIRMADO",
capsules/EISA_II/anatomia_osso_temporal_e_audicao.md,17,"Tegmen tympani | lâmina óssea fina que separa a orelha média da fossa cerebral média; pode não estar ossificada em crianças, permitindo passagem direta de infecção para o SNC | Anatomia do Osso Temporal, seção 4.2 | CONFIRMADO",
capsules/EISA_II/anatomia_osso_temporal_e_audicao.md,18,"Comprimento exato dos segmentos do nervo facial (labiríntico/timpânico/mastóideo) | não confirmável nesta rodada — trecho da fonte com extração de texto corrompida | Anatomia do Osso Temporal, seção 4.6 | confirmar no slide",
capsules/EISA_II/anticonvulsivantes_gestacao.md,4,"Fármacos com risco AUMENTADO de teratogenia | Valproato, fenobarbital, topiramato, benzodiazepínicos | p. 31 (slide ""Farmacoterapia — critérios de escolha"") | CONFIRMADO",
capsules/EISA_II/anticonvulsivantes_gestacao.md,5,"Fármacos do grupo ""2 a 3% de malformação"" | Carbamazepina, fenitoína, lamotrigina, levetiracetam | p. 31 | CONFIRMADO",
capsules/EISA_II/anticonvulsivantes_gestacao.md,6,"Fenda palatina | Associada a topiramato, fenobarbital OU valproato | p. 31 | CONFIRMADO",
capsules/EISA_II/anticonvulsivantes_gestacao.md,7,Defeitos cardíacos | Associados a fenobarbital OU valproato | p. 31 | CONFIRMADO,
capsules/EISA_II/anticonvulsivantes_gestacao.md,8,"Hipospadia, defeitos do tubo neural, déficit cognitivo, TEA | Causados apenas pelo valproato, entre os fármacos citados | p. 31 | CONFIRMADO",
capsules/EISA_II/anticonvulsivantes_gestacao.md,9,"""Opções para gestante"" (lista fechada do slide) | Levetiracetam, carbamazepina, lamotrigina, fenitoína | p. 31 | CONFIRMADO",
capsules/EISA_II/anticonvulsivantes_gestacao.md,10,"Fármacos contraindicados em cardiopata (bloco correlato do mesmo slide-deck) | Não usar fenitoína, carbamazepina, oxcarbazepina, lamotrigina | p. 29 | CONFIRMADO",
capsules/EISA_II/avaliacao_laboratorial_em_nefrologia.md,4,Fases da urinálise | Exame físico/visual → químico → microscópico (sedimento) | DIAG_SIND_DIAG_LAB_2024_2 p.45 região; slide 6 (2021.2) | CONFIRMADO,
capsules/EISA_II/avaliacao_laboratorial_em_nefrologia.md,5,Volume urinário normal (adulto) | 600–1600 mL/24h (idoso 250–2400) | DIAG_SIND_DIAG_LAB_2024_2 p.45 | CONFIRMADO,
capsules/EISA_II/avaliacao_laboratorial_em_nefrologia.md,6,pH urinário normal | 5 a 6 na primeira urina da manhã | DIAG_SIND_DIAG_LAB_2024_2 p.47 | CONFIRMADO,
capsules/EISA_II/avaliacao_laboratorial_em_nefrologia.md,7,"pH alcalino (≥7) | ITU/bactérias que desdobram ureia, diuréticos, dieta vegetariana, vômitos | DIAG_SIND_DIAG_LAB_2024_2 p.47 | CONFIRMADO",
capsules/EISA_II/avaliacao_laboratorial_em_nefrologia.md,8,Glicose — limiar renal | 160–180 mg/dL | DIAG_SIND_DIAG_LAB_2024_2 p.50 | CONFIRMADO,
capsules/EISA_II/avaliacao_laboratorial_em_nefrologia.md,9,"Glicosúria presente | Glicemia >210 mg/dL → pensar DM; se glicemia normal, pensar tubulopatia (glicosúria renal 1ª, S. de Fanconi) | DIAG_SIND_DIAG_LAB_2024_2 p.50 | CONFIRMADO",
capsules/EISA_II/avaliacao_laboratorial_em_nefrologia.md,10,"Densidade urinária normal | 1,005–1,035 (>1,023 = boa função renal, ≈700 mOsm/L) | DIAG_SIND_DIAG_LAB_2024_2 p.53 (2024.2, imagem conferida) | CONFIRMADO — ver divergência abaixo",
capsules/EISA_II/avaliacao_laboratorial_em_nefrologia.md,11,"Divergência de densidade | Slide de 2021.2 (mesma professora) traz 1,003–1,030; resumo B cita faixa ""típica"" 1,015–1,025 com hiperdiluição <1,003 e glicosúria >1,032 | AVALIAC_A_O_LABORATORIAL_EM_NEFROLOGIA slide 11 (2021.2); resumo Elvis | registrado — prevalece a versão A mais recente (2024.2); se a questão citar literalmente o slide antigo, considerar 1,003–1,030",
capsules/EISA_II/avaliacao_laboratorial_em_nefrologia.md,12,Proteinúria normal | <150 mg/dia (predomínio de proteínas de baixo peso molecular) | DIAG_SIND_DIAG_LAB_2024_2 p.55 | CONFIRMADO,
capsules/EISA_II/avaliacao_laboratorial_em_nefrologia.md,13,Proteína de Tamm-Horsfall | 30–50 mg (alto peso molecular) — maior constituinte dos cilindros hialinos | DIAG_SIND_DIAG_LAB_2024_2 p.55 | CONFIRMADO,
capsules/EISA_II/avaliacao_laboratorial_em_nefrologia.md,14,"Proteinúria — dimensão ALTA | >3,5 g/24h — típica de síndrome nefrótica | DIAG_SIND_DIAG_LAB_2024_2 p.58 | CONFIRMADO",
capsules/EISA_II/avaliacao_laboratorial_em_nefrologia.md,15,"Proteinúria — dimensão MODERADA | Entre 0,5 e 3,5 g/24h | DIAG_SIND_DIAG_LAB_2024_2 p.58 | CONFIRMADO",
capsules/EISA_II/avaliacao_laboratorial_em_nefrologia.md,16,"Proteinúria — dimensão MÍNIMA | <0,5 g/24h | DIAG_SIND_DIAG_LAB_2024_2 p.58 | CONFIRMADO",
capsules/EISA_II/avaliacao_laboratorial_em_nefrologia.md,17,"Albuminúria (rastreio de nefropatia diabética) | Normoalbuminúria <30 mg/d; microalbuminúria 30–300 mg/d; macroalbuminúria >300 mg/d | resumo B (Elvis) | conhecimento geral — não explícito no slide de 2024.2, mas consistente com KDIGO",
capsules/EISA_II/avaliacao_laboratorial_em_nefrologia.md,18,Interpretação do sedimento | Cilindro hemático = glomerulonefrite; cilindros largos = insuficiência renal; cilindros epiteliais+granulosos+céls. epiteliais livres = NTA; leucocitúria+bacteriúria = ITU; cilindros leucocitários = pielonefrite; leucocitúria+cils. leucocitários+hematúria dismórfica+cils. hemáticos+proteinúria = GNA pós-infecciosa | DIAG_SIND_DIAG_LAB_2024_2 p.85 | CONFIRMADO,
capsules/EISA_II/avaliacao_laboratorial_em_nefrologia.md,19,Sedimento — outros padrões | Gotículas de gordura + corpúsculos ovais de gordura = síndrome nefrótica; eosinofilúria = nefrite intersticial aguda; hematúria isolada = litíase/nefropatia por IgA/doença de membrana basal fina/rim policístico/tumor | DIAG_SIND_DIAG_LAB_2024_2 (região p.85–86) | CONFIRMADO,
capsules/EISA_II/avaliacao_laboratorial_em_nefrologia.md,20,Excreção urinária de Na (função tubular) | <20 mEq/L = IRA pré-renal; valor maior = dano renal parenquimatoso bilateral | DIAG_SIND_DIAG_LAB_2024_2 p.87 | CONFIRMADO,
capsules/EISA_II/avaliacao_laboratorial_em_nefrologia.md,21,FeNa (fração de excreção de Na) | <1% = IRA pré-renal; >2% = NTA; fórmula FeNa = [Na(U)×creat(P)] / [Na(P)×creat(U)] × 100 | DIAG_SIND_DIAG_LAB_2024_2 p.87 | CONFIRMADO,
capsules/EISA_II/avaliacao_laboratorial_em_nefrologia.md,22,"Interferentes da FeNa | Diuréticos, solução salina, drogas vasoativas | DIAG_SIND_DIAG_LAB_2024_2 p.87 | CONFIRMADO",
capsules/EISA_II/avaliacao_laboratorial_em_nefrologia.md,23,"TFG normal (referência ampla) | 80–130 mL/min, variável por idade/sexo/dieta/massa muscular | resumo B (Elvis) | conhecimento geral",
capsules/EISA_II/avaliacao_laboratorial_em_nefrologia.md,24,"Declínio fisiológico da TFG | Começa entre 20–30 anos, ~10% por década; creatinina sérica tende a se manter estável apesar da queda | resumo B (Elvis) | conhecimento geral",
capsules/EISA_II/avaliacao_laboratorial_em_nefrologia.md,25,Fórmula recomendada para TFG rápida | CKD-EPI baseada na creatinina sérica (recomendação do slide da professora) | AVALIAC_A_O_LABORATORIAL_EM_NEFROLOGIA slide 54 (2021.2) | CONFIRMADO (texto nativo do slide; render de imagem não disponível),
capsules/EISA_II/avaliacao_laboratorial_em_nefrologia.md,26,"Outras formas de avaliar função glomerular | Clearance de creatinina; ureia plasmática e clearance de ureia; cistatina C (preferida em idosos, crianças, amputados/baixa massa muscular); radioisótopos e meios de contraste | DIAG_SIND_DIAG_LAB_2024_2 p.87 | CONFIRMADO",
capsules/EISA_II/avaliacao_por_imagem_em_nefrologia.md,4,"Tamanho renal normal | 9–12 cm | slide 4 (Avaliação por imagem, camada A) | CONFIRMADO — corroborado por resumo B (córtex 1,3–2,0 cm)",
capsules/EISA_II/avaliacao_por_imagem_em_nefrologia.md,5,"Radiografia simples de abdome (RUB) | Exame limitado; útil só para localização/tamanho grosseiro, massas em partes moles, gás (raro, sugere infecção por bactéria formadora de gás), calcificações/litíase | slide 5 | CONFIRMADO",
capsules/EISA_II/avaliacao_por_imagem_em_nefrologia.md,6,"Urografia excretora | Contraste EV com radiografias seriadas; indicações: litíase renal, avaliar alteração anatômica; exige boa ingesta hídrica pós-exame; contraindicada/limitada por função renal | slide 7 | CONFIRMADO",
capsules/EISA_II/avaliacao_por_imagem_em_nefrologia.md,7,"Uretrocistografia miccional | Contraste retrógrado; avalia alteração anatômica uretral, disfunção miccional, refluxo vesicoureteral (RVU), ITU de repetição em criança | slide 8 | CONFIRMADO",
capsules/EISA_II/avaliacao_por_imagem_em_nefrologia.md,8,"USG renal — vantagens/desvantagens | Vantagem: sem irradiação, barata; desvantagem: examinador-dependente, não visualiza bem ureter distal | slide 9 | CONFIRMADO",
capsules/EISA_II/avaliacao_por_imagem_em_nefrologia.md,9,USG — achado de DRC | Perda de diferenciação córtico-medular / córtex torna-se hiperecogênico (era hipoecogênico) por esclerose glomerular e atrofia intersticial | resumo B (Elvis) | conhecimento geral,
capsules/EISA_II/avaliacao_por_imagem_em_nefrologia.md,10,"USG com Doppler colorido | Avalia vasos renais: trombose, estenose, perfusão — muito usado em avaliação de transplante renal | slide 14 | CONFIRMADO",
capsules/EISA_II/avaliacao_por_imagem_em_nefrologia.md,11,Tomografia computadorizada | Padrão-ouro (principalmente com contraste); limite prático de peso do paciente 135–150 kg; risco de nefrotoxicidade pelo contraste iodado + irradiação | slide 15 | CONFIRMADO,
capsules/EISA_II/avaliacao_por_imagem_em_nefrologia.md,12,"Angiotomografia | Indicação: avaliação vascular renal (estenoses, perfusão); permite identificar artéria renal acessória, presente em ~30% da população — pesquisa obrigatória antes de transplante | slide 17; resumo B | CONFIRMADO",
capsules/EISA_II/avaliacao_por_imagem_em_nefrologia.md,13,"Arteriografia renal | Padrão-ouro para avaliação vascular; invasiva, exige contraste; permite angioplastia terapêutica no mesmo procedimento | slide 18 | CONFIRMADO",
capsules/EISA_II/avaliacao_por_imagem_em_nefrologia.md,14,"RNM — indicações | Avaliar tamanho renal, cistos, neoplasias; preferida em crianças e gestantes (sem contraste iodado); não é 1ª escolha geral | slide 19 | CONFIRMADO",
capsules/EISA_II/avaliacao_por_imagem_em_nefrologia.md,15,"RNM — contraindicações/riscos | Gadolínio: risco de fibrose sistêmica nefrogênica se TFG <30 mL/min (não é nefrotóxico, mas fibrogênico em outros órgãos); ruim para litíase; contraindicada com dispositivo metálico interno/claustrofobia não controlada | slide 20; resumo B | CONFIRMADO",
capsules/EISA_II/avaliacao_por_imagem_em_nefrologia.md,16,"Cintilografia (medicina nuclear) | Avaliação perfusional e funcional dos rins, dinâmica da excreção urinária; baixo risco de reação adversa | slide 21 | CONFIRMADO",
capsules/EISA_II/avaliacao_por_imagem_em_nefrologia.md,17,"DTPA (cintilografia) | Avalia a TFG de cada rim isoladamente (função renal separada, útil para função diferencial pré-cirurgia/doador) | slide 22 | CONFIRMADO",
capsules/EISA_II/avaliacao_por_imagem_em_nefrologia.md,18,"Biópsia renal — indicação padrão-ouro | Investigação de glomerulonefrites (proteinúria, hematúria, edema, queda de TFG) e nefrite lúpica | slide 25; resumo B | CONFIRMADO",
capsules/EISA_II/avaliacao_por_imagem_em_nefrologia.md,19,"Biópsia renal — o que NÃO biopsiar | Tumor renal (risco de hemorragia — diagnóstico é por nefrectomia parcial/total, não biópsia); nefropatia diabética tipicamente não precisa de biópsia | resumo B (Elvis) | CONFIRMADO",
capsules/EISA_II/avaliacao_por_imagem_em_nefrologia.md,20,Biópsia renal — contraindicações | Distúrbio de coagulação; grande obesidade; pielonefrite aguda em atividade; rins multicísticos; uso de anticoagulante; uremia | resumo B (Elvis) | CONFIRMADO,
capsules/EISA_II/avaliacao_por_imagem_em_nefrologia.md,21,"Biópsia renal — técnica | Guiada por USG, anestesia local, repouso pós-procedimento ~6h (reduzir risco de sangramento); 3 fragmentos enviados para microscopia óptica, imunofluorescência e microscopia eletrônica | resumo B (Elvis) | CONFIRMADO",
capsules/EISA_II/avc_hemorragico.md,4,Frequência relativa | AVCH = 15-30% dos AVCs; AVCI é mais frequente | AVCH p.1; Neurologia_AVCH_1 p.1 | CONFIRMADO (2 fontes),
capsules/EISA_II/avc_hemorragico.md,5,Exame de urgência para diferenciar AVCI x AVCH | TC de crânio (sempre sem contraste na fase aguda) | 3 fontes | CONFIRMADO,
capsules/EISA_II/avc_hemorragico.md,6,Localização do AVCH hipertensivo | Cápsula interna 70%; cerebelo 10%; tronco encefálico; tálamo — todas por artérias perfurantes | AVCH p.2-3; APOSTILA p.79 | CONFIRMADO (3 fontes),
capsules/EISA_II/avc_hemorragico.md,7,"Faixa de volume com indicação cirúrgica | 10-30 mL; <10 mL geralmente conservador (pouco déficit); >30 mL geralmente Glasgow muito baixo, sem indicação | AVCH p.3; APOSTILA p.79 | CONFIRMADO (3 fontes)",
capsules/EISA_II/avc_hemorragico.md,8,Regra de Glasgow para cirurgia | Não opera se ECG <5 nem se ECG muito alto | AVCH p.3; Neurologia_AVCH_1 p.4 | CONFIRMADO (3 fontes),
capsules/EISA_II/avc_hemorragico.md,9,Sangue intraventricular / dilatação ventricular | Indicação de DVE | 3 fontes | CONFIRMADO,
capsules/EISA_II/avc_hemorragico.md,10,"Sangramento em fossa posterior | DVE + craniectomia + plástica de dura — indicado mesmo com Glasgow baixo, por risco de compressão de tronco encefálico | AVCH p.3; Neurologia_AVCH_1 p.4-5; APOSTILA p.79 | CONFIRMADO (3 fontes)",
capsules/EISA_II/avc_hemorragico.md,11,"Perfil etário — HAS | Etiologia mais comum, principalmente >70 anos | 3 fontes | CONFIRMADO",
capsules/EISA_II/avc_hemorragico.md,12,"Perfil etário — MAV | Pacientes jovens, ~30 anos; risco de sangramento 2-4%/ano (acumulativo) | 3 fontes | CONFIRMADO",
capsules/EISA_II/avc_hemorragico.md,13,Perfil etário — aneurisma cerebral | 40-50 anos (pode ocorrer em qualquer idade) | 3 fontes | CONFIRMADO,
capsules/EISA_II/avc_hemorragico.md,14,"Perfil etário — angiopatia amiloide | Idosos, tipicamente normotensos; sangramento lobar/cortical superficial | 3 fontes | CONFIRMADO",
capsules/EISA_II/avc_hemorragico.md,15,"Perfil etário — trombose de seio venoso | Mulher jovem, uso de anticoncepcional oral + tabagismo | Neurologia_AVCH_1 p.13; APOSTILA p.81 | CONFIRMADO (2 fontes)",
capsules/EISA_II/avc_hemorragico.md,16,Escala de gravidade clínica inicial do aneurisma roto | Hunt e Hess (0-5) | 3 fontes | CONFIRMADO,
capsules/EISA_II/avc_hemorragico.md,17,"Escala de quantidade de sangue subaracnóideo | Fisher — quanto mais sangue, maior o risco de vasoespasmo grave | 3 fontes | CONFIRMADO",
capsules/EISA_II/avc_hemorragico.md,18,Janela temporal do vasoespasmo pós-HSA | Início 3º-4º dia; pico 7º-10º dia; pode persistir até 21 dias | 3 fontes | CONFIRMADO,
capsules/EISA_II/avc_hemorragico.md,19,Mortalidade do aneurisma roto | ~45%; 10-15% não chegam vivos ao hospital | AVCH p.9; Neurologia_AVCH_1 p.9 | CONFIRMADO (2 fontes),
capsules/EISA_II/avc_hemorragico.md,20,Conduta de urgência no aneurisma roto | Clipagem cirúrgica ou embolização + UTI | 3 fontes | CONFIRMADO,
capsules/EISA_II/avc_hemorragico.md,21,"Sinal na TC com contraste da trombose de seio venoso | Sinal do delta vazio (área hipodensa central onde deveria opacificar) | Neurologia_AVCH_1 p.14 | CONFIRMADO_COM_CORREÇÕES — só 1 das 3 fontes nomeia o sinal explicitamente; termo mantido por ser achado clássico de literatura, mas confirmar no slide se A aparecer futuramente",
capsules/EISA_II/avc_hemorragico.md,22,"Tratamento da trombose de seio venoso | Anticoagulação plena, mesmo havendo sangramento cortical associado (objetivo é desobstruir o seio) | 3 fontes | CONFIRMADO",
capsules/EISA_II/avc_hemorragico.md,23,"Uso de corticoide no AVCH conservador | Citado como benéfico em 1 das 3 fontes (Edine Medeiros) | Neurologia_AVCH_1 p.5 | **NÃO CONFIRMADO / suspeito** — fonte única, e diretrizes atuais (AHA/ASA) classificam corticoide como sem benefício e potencialmente prejudicial no AVCH; não usar como resposta padrão, tratar como possível imprecisão de anotação de aula",
capsules/EISA_II/avc_isquemico_investigacao_etiologica_e_prevencao_secundaria.md,4,Classificação TOAST | 1 aterosclerose de grandes artérias; 2 cardioembolismo; 3 oclusão de pequenos vasos (lacunar); 4 outra etiologia determinada; 5 indeterminada (criptogênico) | Slide p.3 | CONFIRMADO,
capsules/EISA_II/avc_isquemico_investigacao_etiologica_e_prevencao_secundaria.md,5,Grau de estenose carotídea (método NASCET) | Leve <50%; moderada 50-69%; grave >70% | Slide p.5 | CONFIRMADO,
capsules/EISA_II/avc_isquemico_investigacao_etiologica_e_prevencao_secundaria.md,6,Definição de sintomático x assintomático (estenose carotídea) | Sintomático = AIT ou AVCi prévio no território carotídeo correspondente; assintomático = sem esse histórico no território correspondente | Slide p.5; B p.2 | CONFIRMADO (2 fontes),
capsules/EISA_II/avc_isquemico_investigacao_etiologica_e_prevencao_secundaria.md,7,"Conduta por grau + sintomatologia | Sintomático leve: sem indicação; sintomático moderado/grave: angioplastia ou endarterectomia; assintomático leve: sem indicação; assintomático moderado/grave: discutível | Slide p.6 | CONFIRMADO — mais preciso que o B, que descrevia ""tendência a abordar cada vez menos"" no assintomático; o slide fixa como ""discutível"", não ""contraindicado""",
capsules/EISA_II/avc_isquemico_investigacao_etiologica_e_prevencao_secundaria.md,8,"Endarterectomia x angioplastia (trade-off) | Endarterectomia: mais invasiva, maior risco de lesão de par craniano e de IAM peri-procedimento. Angioplastia: menos invasiva, cada vez mais usada, maior risco de AVC peri-procedimento | Slide p.7 | CONFIRMADO",
capsules/EISA_II/avc_isquemico_investigacao_etiologica_e_prevencao_secundaria.md,9,"Causas de cardioembolismo (TOAST 2) | Fibrilação atrial (principal), forame oval patente, vegetação valvar (endocardite), flutter atrial, trombo intracavitário | Slide p.10; B p.1 | CONFIRMADO (2 fontes)",
capsules/EISA_II/avc_isquemico_investigacao_etiologica_e_prevencao_secundaria.md,10,Achado eletrocardiográfico de FA | Ausência de onda P + ritmo irregular | Slide p.12 | CONFIRMADO,
capsules/EISA_II/avc_isquemico_investigacao_etiologica_e_prevencao_secundaria.md,11,"Prevenção secundária do TOAST 2 | Anticoagulação — varfarina (Marevam) ou novos anticoagulantes orais (rivaroxabana, apixabana, dabigatrana) | Slide p.13 | CONFIRMADO",
capsules/EISA_II/avc_isquemico_investigacao_etiologica_e_prevencao_secundaria.md,12,CHA₂DS₂-VASc — pontuação | C=1 (ICC); H=1 (HAS); A₂=2 (idade ≥75); D=1 (DM); S₂=2 (AVC/AIT/tromboembolismo prévio); V=1 (doença vascular); A=1 (idade 65-74); Sc=1 (sexo feminino) | Slide p.14 | CONFIRMADO,
capsules/EISA_II/avc_isquemico_investigacao_etiologica_e_prevencao_secundaria.md,13,"CHA₂DS₂-VASc — indicação de anticoagulação | Escore ≥2 → anticoagular (risco de AVC/AIT/embolismo sistêmico sobe progressivamente com a pontuação, de 0,3% no escore 0 até >17% no escore 9) | Slide p.14; B p.3 | CONFIRMADO (2 fontes)",
capsules/EISA_II/avc_isquemico_investigacao_etiologica_e_prevencao_secundaria.md,14,HAS-BLED — pontuação | H=1 (HAS); A=1-2 (função renal/hepática anormal); S=1 (AVC prévio); B=1 (sangramento prévio); L=1 (INR lábil); E=1 (idade >65); D=1-2 (drogas/álcool) | Slide p.15 | CONFIRMADO,
capsules/EISA_II/avc_isquemico_investigacao_etiologica_e_prevencao_secundaria.md,15,"HAS-BLED — corte de alto risco | Escore ≥3 = alto risco de hemorragia; decisão de anticoagular continua individualizada, não é veto automático | Slide p.15; B p.3 | CONFIRMADO (2 fontes)",
capsules/EISA_II/avc_isquemico_investigacao_etiologica_e_prevencao_secundaria.md,16,"TOAST 3 — perfil e prevenção | Oclusão de pequenos vasos/artérias perfurantes (lacunar), muito relacionado a HAS e DM; prevenção secundária: antiagregante plaquetário (AAS) + estatina | Slide p.16-17; B p.4 | CONFIRMADO (2 fontes)",
capsules/EISA_II/avc_isquemico_investigacao_etiologica_e_prevencao_secundaria.md,17,"TOAST 4 — etiologias | Trombofilias, doenças genéticas, anemia falciforme, vasculites, outras causas determinadas mas raras (ex.: dissecção arterial) | Slide p.18; B p.4 | CONFIRMADO (2 fontes)",
capsules/EISA_II/avc_isquemico_investigacao_etiologica_e_prevencao_secundaria.md,18,TOAST 5 — definição e prevenção | Investigação negativa OU 2 etiologias concomitantes identificadas; prevenção secundária: AAS + estatina | Slide p.19; B p.4 | CONFIRMADO (2 fontes),
capsules/EISA_II/avc_isquemico_investigacao_etiologica_e_prevencao_secundaria.md,19,Investigação etiológica — exames de ritmo cardíaco | ECG e Holter (para FA paroxística) | Slide p.21; B p.4 | CONFIRMADO (2 fontes),
capsules/EISA_II/avc_isquemico_investigacao_etiologica_e_prevencao_secundaria.md,20,Investigação etiológica — exame de imagem cardíaca | Ecocardiograma | Slide p.21 | CONFIRMADO,
capsules/EISA_II/avc_isquemico_investigacao_etiologica_e_prevencao_secundaria.md,21,Investigação etiológica — imagem vascular não invasiva crânio-cervical | Doppler de carótidas; angio-RM (ou angio-TC) de crânio + cervical | Slide p.22; B p.4 | CONFIRMADO (2 fontes),
capsules/EISA_II/avc_isquemico_urgencia_trombolise_e_trombectomia.md,4,"IVT padrão | alteplase ou tenecteplase até 4,5 h se elegível | AHA/ASA 2026, Top Things 2 | CURRENT_VERIFIED",
capsules/EISA_II/avc_isquemico_urgencia_trombolise_e_trombectomia.md,5,"NIHSS | incapacidade clínica, não corte ≥4 isolado | AHA/ASA 2026, Top Things 2–3 | CURRENT_VERIFIED",
capsules/EISA_II/avc_isquemico_urgencia_trombolise_e_trombectomia.md,6,"início desconhecido | seleção por DWI–FLAIR/perfusão | AHA/ASA 2026, Top Things 2 | CURRENT_VERIFIED",
capsules/EISA_II/avc_isquemico_urgencia_trombolise_e_trombectomia.md,7,"EVT até 24 h | seleção clínica e por imagem | AHA/ASA 2026, Top Things 4–6 | CURRENT_VERIFIED",
capsules/EISA_II/bexiga_neurogenica.md,4,"Inervação vesical | Parassimpático (plexo pélvico, M3, acetilcolina) = contração/esvaziamento; Simpático (plexo hipogástrico, alfa=contrai colo, beta=relaxa corpo) = armazenamento; Esfíncter = somática, n. pudendo | slide p.1-2; Bexiga_neuroge_nica p.1 | CONFIRMADO",
capsules/EISA_II/bexiga_neurogenica.md,5,Regra de sincronia (evitar dissinergismo) | Parassimpático ativo → pudendo inativo; simpático ativo → pudendo ativo | Bexiga_neuroge_nica p.1; APOSTILA p.153 | CONFIRMADO,
capsules/EISA_II/bexiga_neurogenica.md,6,"Causas mais citadas | AVC isquêmico, TRM, disrafismo oculto (na criança: meningomielocele é a mais comum), Alzheimer, tumor craniano, metástase óssea | slide p.3; Uro_BEXIGA_NEUROGA_NICA p.1; APOSTILA p.153 | CONFIRMADO",
capsules/EISA_II/bexiga_neurogenica.md,7,Classificação funcional | Falência de armazenamento: bexiga (contração não inibida/baixa complacência/capacidade inadequada) + esfíncter (incompetente); Falência de eliminação: bexiga (hipo/arreflexa) + esfíncter (dissinergia lisa/estriada) | slide p.3-4; Bexiga_neuroge_nica p.1-2; APOSTILA p.153 | CONFIRMADO,
capsules/EISA_II/bexiga_neurogenica.md,8,"Tratamento da hiperatividade detrusora — 1ª linha | Anti-muscarínico/anticolinérgico (oxibutinina inibe M1 = mais efeito colateral; tolterodina/solifenacina mais M3-específicas, melhor em idoso) OU β3-agonista (mirabegrona) | slide p.5-6; Bexiga_neuroge_nica p.3; APOSTILA p.154 | CONFIRMADO",
capsules/EISA_II/bexiga_neurogenica.md,9,Contraindicação por comorbidade | HAS descontrolada → NÃO usar β3-agonista (simpaticomimético); glaucoma de ângulo estreito/fechado → NÃO usar antimuscarínico | Bexiga_neuroge_nica p.3; Uro_BEXIGA_NEUROGA_NICA p.2; APOSTILA p.154 | CONFIRMADO (3 fontes convergentes),
capsules/EISA_II/bexiga_neurogenica.md,10,Botox intravesical | 2ª linha (falha do tratamento clínico); dose 100-300U; efeito dura 7-11 meses (reaplicação contínua) | Uro_BEXIGA_NEUROGA_NICA p.2; slide p.7 | CONFIRMADO,
capsules/EISA_II/bexiga_neurogenica.md,11,Contraindicações do Botox intravesical | Miastenia gravis (ou miastenia-like); síndrome de Eaton-Lambert; gestação; amamentação; hemofilia/coagulopatia; uso de aminoglicosídeo (gentamicina/amicacina) potencializa o bloqueio neuromuscular da toxina | slide p.7; Bexiga_neuroge_nica p.3; Uro_BEXIGA_NEUROGA_NICA p.2; APOSTILA p.155 | CONFIRMADO (4 fontes convergentes),
capsules/EISA_II/bexiga_neurogenica.md,12,"Neuromodulação sacral | 3ª linha, reservada para refratários a medicação/botox | Bexiga_neuroge_nica p.3; APOSTILA p.154 | CONFIRMADO",
capsules/EISA_II/bexiga_neurogenica.md,13,Déficit de complacência + hiperreflexia | Tratar a hiperreflexia primeiro; enterocistoplastia só se essa medida falhar | Bexiga_neuroge_nica p.3 | CONFIRMADO (só 1 fonte B; confirmar no slide),
capsules/EISA_II/bexiga_neurogenica.md,14,"Padrão arreflexo — tratamento | Cateterismo intermitente limpo (CIC) 6/6h; se houver escape entre sondagens, reduzir para 4/4h; NUNCA sonda de demora (exceto instabilidade hemodinâmica transitória) | Bexiga_neuroge_nica p.4; Uro_BEXIGA_NEUROGA_NICA p.2 | CONFIRMADO",
capsules/EISA_II/bexiga_neurogenica.md,15,"Cultura de urina no paciente em CIC | Não solicitar rotineiramente — bexiga colonizada por técnica não-estéril, cultura sempre positiva; diagnóstico de ITU é clínico | Bexiga_neuroge_nica p.4 | CONFIRMADO (só 1 fonte B; confirmar no slide)",
capsules/EISA_II/bexiga_neurogenica.md,16,"Padrão de perda de complacência — tratamento | Único tratamento é ampliação vesical (enterocistoplastia, geralmente com íleo) | Bexiga_neuroge_nica p.5; APOSTILA p.154 | CONFIRMADO",
capsules/EISA_II/bexiga_neurogenica.md,17,Dissinergismo vesicoesfincteriano | Pior padrão — mais lesivo às vias urinárias superiores; esfíncter contrai junto com o detrusor → refluxo → hidronefrose/pielonefrite de repetição → pode evoluir para IRC | Bexiga_neuroge_nica p.5-6; APOSTILA p.155 | CONFIRMADO,
capsules/EISA_II/bexiga_neurogenica.md,18,Limiar de pressão suspeito de dissinergismo | Pressão intravesical >45 cmH₂O na contração detrusora; confirmação por eletroneuromiografia | Bexiga_neuroge_nica p.6 | CONFIRMADO (só 1 fonte B; confirmar no slide),
capsules/EISA_II/bexiga_neurogenica.md,19,"Exame no 1º episódio de pielonefrite em bexiga neurogênica | Uretrocistografia miccional (avalia refluxo vesicoureteral); se confirmado refluxo, antibioticoprofilaxia até estabilizar a bexiga | Bexiga_neuroge_nica p.6-7; Uro_BEXIGA_NEUROGA_NICA p.2 | CONFIRMADO",
capsules/EISA_II/bexiga_neurogenica.md,20,"Esquema de antibioticoprofilaxia no RVU secundário | Ciclar antibióticos a cada 3 meses (ciprofloxacino, macrodantina, bactrim) até resolução do refluxo | Uro_BEXIGA_NEUROGA_NICA p.2 | CONFIRMADO (só 1 fonte B; confirmar no slide)",
capsules/EISA_II/cancer_de_prostata.md,4,"Indicação de biópsia por PSA | Toque suspeito; OU PSA >10 ng/ml (repetido); OU PSA 4–10 com relação livre/total <10% **em >55 anos**; OU PSA >2,5 ng/ml **em ≤55 anos**; OU cinética de PSA >0,75 ng/ml/ano | NEOPLASIA_DE_PROSTATA p.3-4 | CONFIRMADO (3 fontes convergentes)",
capsules/EISA_II/cancer_de_prostata.md,5,"Cinética de PSA em uso de testosterona exógena | Tolera-se subida de até 1,4 ng/ml/ano (testosterona é hiperplasiante) | ANOTAC_O_ES_ca_ncer_de_pro_stata p.1 | CONFIRMADO (só 1 fonte B; confirmar no slide)",
capsules/EISA_II/cancer_de_prostata.md,6,"PSA e ITU | ITU é a principal causa de PSA falsamente elevado — pedir urina 1 junto; se leucocitúria, tratar ITU e recolher PSA depois | ANOTAC_O_ES_ca_ncer_de_pro_stata p.2 | CONFIRMADO",
capsules/EISA_II/cancer_de_prostata.md,7,Intervalo pós-instrumentação uretral para colher PSA | Aguardar 21 dias (3 semanas) | ANOTAC_O_ES_ca_ncer_de_pro_stata p.2 | CONFIRMADO,
capsules/EISA_II/cancer_de_prostata.md,8,PSA normal não exclui câncer | 25% dos cânceres de próstata cursam com PSA <4 ng/ml | NEOPLASIA_DE_PROSTATA p.5 | CONFIRMADO,
capsules/EISA_II/cancer_de_prostata.md,9,"Biópsia — técnica padrão | Transretal, guiada por USG, mínimo 12 fragmentos (sextante = 2 fragmentos × 6 regiões), zona periférica | NEOPLASIA_DE_PROSTATA p.3, p.6 | CORRIGIDO — Onco_NEOPLASIAS p.6 registrava ""preferencialmente 18 fragmentos""; prevalece o slide (12)",
capsules/EISA_II/cancer_de_prostata.md,10,"Antibioticoprofilaxia pré-biópsia | Levofloxacino 500mg — 1cp na noite anterior, 1cp na noite da biópsia, 1cp na noite posterior (3 doses) | Urologia_CA_NCER_DE_PRO_STATA p.4-5 | CONFIRMADO (só fontes B; confirmar no slide)",
capsules/EISA_II/cancer_de_prostata.md,11,Intervalo mínimo para re-biópsia | 90 dias (até 120 dias) após a biópsia anterior | Urologia_CA_NCER_DE_PRO_STATA p.3-4 | CONFIRMADO,
capsules/EISA_II/cancer_de_prostata.md,12,"Sequência de re-biópsia (SUS) | 1) padrão (12 frag.) → 2) padrão repetida ou saturação (16-20 frag.) → 3) guiada por RNM multiparamétrica com fusão → 4) RTU (colhe zona periuretral, ~10% dos CaP) | ANOTAC_O_ES_ca_ncer_de_pro_stata p.4; Urologia_CA_NCER_DE_PRO_STATA p.4 | CONFIRMADO (2 fontes B convergentes; confirmar no slide)",
capsules/EISA_II/cancer_de_prostata.md,13,"Complicação mais comum da biópsia | Hematoespermia 9,8% (até 90 dias); disúria persistente 7,2%; hematúria 6,2%; urosepse é a mais rara (0,1%) | NEOPLASIA_DE_PROSTATA p.6-7 | CONFIRMADO (slide + 2 fontes B idênticas)",
capsules/EISA_II/cancer_de_prostata.md,14,Tipo histológico predominante | Adenocarcinoma 95%; zona periférica 75-80% | NEOPLASIA_DE_PROSTATA p.7 | CORRIGIDO — Onco_NEOPLASIAS p.6 registrava 98%; prevalece o slide (95%),
capsules/EISA_II/cancer_de_prostata.md,15,Estratificação de risco por Gleason | ≤6 = baixo risco; 7 = risco intermediário; 8-10 = alto risco | NEOPLASIA_DE_PROSTATA p.8 | CONFIRMADO,
capsules/EISA_II/cancer_de_prostata.md,16,Indicação de cintilografia óssea | Biópsia positiva **E** (PSA que indicou biópsia >20 ng/ml OU Gleason ≥7 OU dor óssea OU fosfatase alcalina elevada) | NEOPLASIA_DE_PROSTATA p.8-9 | CONFIRMADO,
capsules/EISA_II/cancer_de_prostata.md,17,"Prostatectomia radical — resultado | ~85% de cura; disfunção erétil até 80-90% (Karen: 92%); incontinência <10%; estenose 0,5-9% | NEOPLASIA_DE_PROSTATA p.9-10 | CONFIRMADO",
capsules/EISA_II/cancer_de_prostata.md,18,"Radioterapia — contraindicação | Mesmas indicações da PTR, EXCETO paciente com obstrução urinária (RT piora o padrão miccional) | NEOPLASIA_DE_PROSTATA p.10 | CONFIRMADO",
capsules/EISA_II/cancer_de_prostata.md,19,Braquiterapia — critérios | Gleason <7; próstata <60g; expectativa de vida >5 anos; sem sintomas urinários | NEOPLASIA_DE_PROSTATA p.11 | CONFIRMADO,
capsules/EISA_II/cancer_de_prostata.md,20,"Observação vigilante — critérios | T1c (biópsia por PSA, não por toque); ausência de padrão 4/5 de Gleason primário; ≤3 fragmentos positivos de 12; nenhum fragmento >50% comprometido | NEOPLASIA_DE_PROSTATA p.11 | CONFIRMADO",
capsules/EISA_II/cancer_de_prostata.md,21,Orquiectomia bilateral | Padrão-ouro do bloqueio hormonal (testosterona <50 em 4h); indicação de urgência: compressão medular aguda por metástase | NEOPLASIA_DE_PROSTATA p.11; ANOTAC_O_ES_ca_ncer_de_pro_stata p.9 | CONFIRMADO,
capsules/EISA_II/cancer_de_prostata.md,22,"Flare tumoral | Antiandrogênico periférico deve ser feito 2-3 semanas antes e mantido 2-3 semanas após início do agonista de LHRH, para evitar hiperestimulação inicial | NEOPLASIA_DE_PROSTATA p.12; ANOTAC_O_ES_ca_ncer_de_pro_stata p.9 | CONFIRMADO",
capsules/EISA_II/cancer_de_prostata.md,23,Sequência na resistência à castração | Castração (química/cirúrgica) → PSA subiu → Abiraterona (bloqueia CYP17 adrenal) + prednisona 10mg/dia → PSA subiu novamente → Quimioterapia | ANOTAC_O_ES_ca_ncer_de_pro_stata p.9 | CONFIRMADO (só fonte B; confirmar no slide),
capsules/EISA_II/cancer_de_prostata.md,24,"Recidiva bioquímica pós-PTR | PSA persistentemente detectável após PTR, ou elevação após período indetectável (""cut point"" 0,2–0,4 ng/ml) | NEOPLASIA_DE_PROSTATA p.13 | CONFIRMADO",
capsules/EISA_II/cancer_de_prostata.md,25,Perfil de recidiva local pós-PTR | PSA pré ≤10; Gleason <7; sem invasão de vesícula seminal; PSA detectável >2 anos pós-cirurgia; margem cirúrgica positiva → radioterapia na loja prostática | NEOPLASIA_DE_PROSTATA p.13-14 | CONFIRMADO,
capsules/EISA_II/cancer_de_prostata.md,26,Perfil de recidiva sistêmica pós-PTR | PSA pré >20; Gleason ≥7; com invasão de vesícula seminal; PSA detectável <2 anos; margem negativa → tratamento hormonal | NEOPLASIA_DE_PROSTATA p.13-14 | CONFIRMADO,
capsules/EISA_II/cancer_de_testiculo.md,4,"Epidemiologia | Incidência 5,3/100.000; tumor sólido mais frequente em homens de 15-35 anos; idade média 34 anos; 1-2% bilaterais | Urologia_CA_NCER_DE_TESTI_CULO p.1; C_ncer_de_Test_culo_docx p.1 | CONFIRMADO (2 fontes quase idênticas)",
capsules/EISA_II/cancer_de_testiculo.md,5,Tipos histológicos | 90-95% são tumores de células germinativas (seminomas e não seminomas); seminoma é o mais comum (50%) | Urologia_CA_NCER_DE_TESTI_CULO p.1; Onco_NEOPLASIAS p.4 | CONFIRMADO,
capsules/EISA_II/cancer_de_testiculo.md,6,Cura em estágio T1 | 98% com orquiectomia radical isolada (restrito ao testículo) | Urologia_CA_NCER_DE_TESTI_CULO p.1; C_ncer_de_Test_culo_docx p.1 | CONFIRMADO,
capsules/EISA_II/cancer_de_testiculo.md,7,"Criptorquidia como fator de risco | 7-10% dos tumores testiculares ocorrem em pacientes com criptorquidia/ectopia; quanto mais alto o testículo, maior o risco; orquidopexia NÃO reduz o potencial maligno, só facilita o diagnóstico | Urologia_CA_NCER_DE_TESTI_CULO p.1-2 | CONFIRMADO",
capsules/EISA_II/cancer_de_testiculo.md,8,"Diagnóstico — o que NUNCA fazer | Biópsia testicular via escrotal — risco de disseminar célula tumoral; violação escrotal aumenta recidiva local em >7x e dissemina para linfonodos inguinais | Urologia_CA_NCER_DE_TESTI_CULO p.2, p.5; C_ncer_de_Test_culo_docx p.3 | CONFIRMADO (2 fontes convergentes)",
capsules/EISA_II/cancer_de_testiculo.md,9,Sequência diagnóstica correta | USG de bolsa escrotal (padrão-ouro para tumor primário) → marcadores tumorais ANTES da orquiectomia → orquiectomia radical via inguinal (testículo + epidídimo + cordão) → anatomopatológico (diagnóstico definitivo) → TC de abdome/pelve + Rx de tórax para estadiamento | Urologia_CA_NCER_DE_TESTI_CULO p.2-3; C_ncer_de_Test_culo_docx p.2 | CONFIRMADO,
capsules/EISA_II/cancer_de_testiculo.md,10,"Marcadores tumorais | BHCG (sincíciotrofoblasto): elevado principalmente em não seminoma, positivo em 10% dos seminomas puros, meia-vida 24-36h. AFP (trofoblasto): elevada SÓ em não seminoma — nunca no seminoma puro, meia-vida 5-7 dias. DHL: enzima ligada a grande volume tumoral | Urologia_CA_NCER_DE_TESTI_CULO p.2; C_ncer_de_Test_culo_docx p.2 | CONFIRMADO",
capsules/EISA_II/cancer_de_testiculo.md,11,"AFP positiva em ""seminoma"" | Achado incompatível — indica pedir revisão da lâmina (provável componente não seminomatoso não identificado) | Urologia_CA_NCER_DE_TESTI_CULO p.4; C_ncer_de_Test_culo_docx p.3 | CONFIRMADO",
capsules/EISA_II/cancer_de_testiculo.md,12,"Local de disseminação principal | Linfonodo retroperitoneal (mais comum que a metástase pulmonar, apesar do pulmão ser o órgão sólido mais afetado) | Urologia_CA_NCER_DE_TESTI_CULO p.1; C_ncer_de_Test_culo_docx p.1 | CONFIRMADO",
capsules/EISA_II/cancer_de_testiculo.md,13,"Estadiamento (resumo) | T1: restrito ao testículo/epidídimo sem invasão linfovascular; T2: com invasão linfovascular/túnica vaginal (a partir daqui, tratamento adjuvante); T3: invade cordão espermático; T4: invade parede escrotal. N1 ≤2cm; N2 2-5cm; N3 >5cm. M1 pulmão/linfonodo não regional; M2 víscera não pulmonar | Urologia_CA_NCER_DE_TESTI_CULO p.5-6 | CONFIRMADO",
capsules/EISA_II/cancer_de_testiculo.md,14,"Marcadores séricos (S) | S1: DHL <1,5x, BHCG ≤5.000, AFP <1.000; S2: DHL 1,5-10x, BHCG 5.000-50.000, AFP 1.000-10.000; S3: DHL >10x, BHCG >50.000, AFP >10.000 | Urologia_CA_NCER_DE_TESTI_CULO p.6 | CONFIRMADO",
capsules/EISA_II/cancer_de_testiculo.md,15,"Seminoma estágio I — cura | ~95%; vigilância CONTRAINDICADA se fator de risco presente (tumor >4cm, invasão de rete testis, invasão vascular) | Urologia_CA_NCER_DE_TESTI_CULO p.6 | CONFIRMADO",
capsules/EISA_II/cancer_de_testiculo.md,16,Não seminoma — cura por estágio | Estágio I: 99%; estágio IIa: 70% | Urologia_CA_NCER_DE_TESTI_CULO p.7; C_ncer_de_Test_culo_docx p.4 | CONFIRMADO,
capsules/EISA_II/cancer_de_testiculo.md,17,"Esquema quimioterápico padrão | BEP (bleomicina + etoposídeo + cisplatina), 3-4 ciclos conforme estágio | Urologia_CA_NCER_DE_TESTI_CULO p.6-7 | CONFIRMADO",
capsules/EISA_II/cancer_de_testiculo.md,18,"Massa residual pós-quimioterapia | Marcadores negativos → ressecção cirúrgica (achados possíveis: 40% necrose/fibrose, 30% teratoma, 20% carcinoma). Marcadores positivos (doença sistêmica ativa) → quimioterapia de resgate (VeIP: vimblastina+ifosfamida+cisplatina); cirurgia de resgate só se a quimioterapia falhar | Urologia_CA_NCER_DE_TESTI_CULO p.8 | CONFIRMADO",
capsules/EISA_II/cancer_de_testiculo.md,19,Fertilidade | Recomendar espermograma e criopreservação seminal antes do tratamento — parte dos pacientes já chega infértil | Urologia_CA_NCER_DE_TESTI_CULO p.3 | CONFIRMADO,
capsules/EISA_II/cefaleias_primarias_e_secundarias.md,4,"Prevalência mundial | >3 bilhões de pessoas; 1,89 bi cefaleia tensional; 1,04 bi enxaqueca | Slide p.2 | CONFIRMADO",
capsules/EISA_II/cefaleias_primarias_e_secundarias.md,5,Primária x secundária — atenção primária | 98% primárias / 2% secundárias | Slide p.3 (conferida em imagem) | CONFIRMADO,
capsules/EISA_II/cefaleias_primarias_e_secundarias.md,6,Primária x secundária — centro terciário | 82% primárias / 18% secundárias | Slide p.3 (conferida em imagem) | CONFIRMADO,
capsules/EISA_II/cefaleias_primarias_e_secundarias.md,7,"TC x RM na investigação | TC: sensibilidade limitada; RM: superior à TC, porém menos acessível; a clínica continua sendo o ""campeão"" na diferenciação | Slide p.4 (conferida em imagem) | CONFIRMADO",
capsules/EISA_II/cefaleias_primarias_e_secundarias.md,8,TC desnecessária (dado americano) | Nos EUA são feitas 80 milhões de TC de crânio/ano; estima-se metade desnecessária | Slide p.4 (conferida em imagem) | CONFIRMADO,
capsules/EISA_II/cefaleias_primarias_e_secundarias.md,9,"Classificação ICHD — grupos | 14 grupos (atualização mais recente do slide A); primárias = grupos 1-4; B lista uma versão mais antiga/resumida com 11 grupos | Slide p.9 (conferida em imagem); B lista até ""cefaleia por dor facial"" (grupo 11) | CONFIRMADO_COM_CORREÇÕES — prevalece a lista de 14 grupos do slide A por ser a mais completa/atual",
capsules/EISA_II/cefaleias_primarias_e_secundarias.md,10,Grupo 4 — regra | Cefaleias do grupo 4 devem ser investigadas antes de classificadas como primárias | Slide p.9 (conferida em imagem); B confirma | CONFIRMADO (2 fontes),
capsules/EISA_II/cefaleias_primarias_e_secundarias.md,11,"Estruturas cranianas sensíveis à dor | Estruturas faciais superficiais/profundas, artérias do círculo de Willis, vasos extracranianos, nervos cranianos superiores, nervos cranianos sensitivos, couro cabeludo, periósteo craniano, dura-máter basal | Slide p.11 (conferida em imagem) | CONFIRMADO_COM_CORREÇÕES — A diz ""nervos cranianos superiores""; B diz ""nervos cervicais superiores"" — prevalece A (texto literal do slide), divergência registrada",
capsules/EISA_II/cefaleias_primarias_e_secundarias.md,12,"Sinais de alarme (7) | (1) infância ou >50 anos; (2) início abrupto/1ª cefaleia; (3) atípica, pior da vida; (4) pior à noite/ao acordar; (5) dor progressivamente intensa; (6) associada a decúbitos; (7) alterações no exame neurológico | Slide p.13; B confirma | CONFIRMADO (2 fontes)",
capsules/EISA_II/cefaleias_primarias_e_secundarias.md,13,"Cefaleia thunderclap — definição | Intensidade máxima em <1 minuto; ""pior cefaleia da vida""; emergência médica | Slide p.14-15 | CONFIRMADO",
capsules/EISA_II/cefaleias_primarias_e_secundarias.md,14,Fluxo da cefaleia thunderclap | TC de crânio SEMPRE → se TC normal: punção lombar (após 12h) → se LCR hemorrágico: angiografia cerebral | Slide p.16 (conferida em imagem) | CONFIRMADO,
capsules/EISA_II/cefaleias_primarias_e_secundarias.md,15,RCVS — critérios | Cefaleia thunderclap + ausência de HSA + LCR normal (ou quase); angiografia/angioTC/angioRM com vasoconstrição multifocal | Slide p.19 (conferida em imagem) | CONFIRMADO,
capsules/EISA_II/cefaleias_primarias_e_secundarias.md,16,RCVS — pista clínica | Thunderclap recorrente: 2-10 episódios em 1-2 semanas | Slide p.19 (conferida em imagem) | CONFIRMADO,
capsules/EISA_II/cefaleias_primarias_e_secundarias.md,17,RCVS — evolução | Vasoconstrição regride espontaneamente após 12 semanas | Slide p.19 (conferida em imagem) | CONFIRMADO,
capsules/EISA_II/cefaleias_primarias_e_secundarias.md,18,Enxaqueca — epidemiologia | Incidência 15-25%; prevalência 13% na população brasileira; 2-3x mais em mulheres | Slide p.21 | CONFIRMADO,
capsules/EISA_II/cefaleias_primarias_e_secundarias.md,19,"Enxaqueca — características | Pulsátil, unilateral, moderada-forte, 4-72h, náusea/vômito, foto/fonofobia | Slide p.21; B confirma | CONFIRMADO (2 fontes)",
capsules/EISA_II/cefaleias_primarias_e_secundarias.md,20,"Enxaqueca — classificação | Com aura (20%, sensorial/motora/psíquica, 60-80% familiar) x sem aura (mais comum) | Slide p.22; B confirma | CONFIRMADO (2 fontes)",
capsules/EISA_II/cefaleias_primarias_e_secundarias.md,21,Enxaqueca — quando indicar profilaxia | Frequência >4 crises ou ≥8 dias de cefaleia/mês; infarto migranoso; enxaqueca com aura de tronco encefálico; enxaqueca hemiplégica | Slide p.24; B confirma valores próximos | CONFIRMADO (2 fontes),
capsules/EISA_II/cefaleias_primarias_e_secundarias.md,22,"Enxaqueca — tratamento sintomático | Leve: paracetamol/ibuprofeno/naproxeno; moderada-forte: triptanos (sumatriptano, zolmitriptano, naratriptano, rizatriptano) ou analgésicos combinados; refratária: triptano+AINE, corticosteroide, opioide | Slide p.25 | CONFIRMADO",
capsules/EISA_II/cefaleias_primarias_e_secundarias.md,23,Enxaqueca — novas drogas | Lasmiditan (agonista serotoninérgico); ubrogepant e rimegepant (antagonistas do receptor de CGRP) | Slide p.25 | CONFIRMADO,
capsules/EISA_II/cefaleias_primarias_e_secundarias.md,24,"Enxaqueca — profiláticos | Betabloqueadores, antidepressivos (tricíclicos/ISRS/duais), bloqueadores de canal de cálcio, antiepilépticos, anti-histamínicos, triptanos/AINEs, antagonistas do receptor de CGRP | Slide p.26 | CONFIRMADO",
capsules/EISA_II/cefaleias_primarias_e_secundarias.md,25,Cefaleia por abuso de analgésicos — pista do caso clínico | Uso de analgésico ≥20 dias/mês sobreposto a enxaqueca crônica (crises quase diárias) | Slide p.27-28 (caso clínico) | CONFIRMADO,
capsules/EISA_II/cefaleias_primarias_e_secundarias.md,26,Cefaleia tipo tensão | 40% da população; não incapacitante; 30min-7 dias; bilateral; fraca-moderada; aperto/pressão; tratamento com antidepressivos (tricíclicos) | Slide p.29 | CONFIRMADO,
capsules/EISA_II/cefaleias_primarias_e_secundarias.md,27,"Cefaleia em salvas — perfil | Mais em homens (5:1); 20-50 anos; 15-180min; unilateral; lacrimejamento, sudorese, congestão nasal, edema palpebral, miose/ptose, agitação | Slide p.30 | CONFIRMADO",
capsules/EISA_II/cefaleias_primarias_e_secundarias.md,28,"Cefaleia em salvas — tratamento | Crise: O2 7L/min ou triptano; interrupção do surto: corticoide, verapamil, ácido valproico; forma crônica: lítio, topiramato, ácido valproico, mirtazapina | Slide p.30; B confirma | CONFIRMADO (2 fontes)",
capsules/EISA_II/cefaleias_primarias_e_secundarias.md,29,Arterite temporal (células gigantes) | Mais frequente após os 65 anos; risco de perda visual irreversível por comprometimento da artéria oftálmica; diagnóstico por biópsia da artéria temporal; tratamento com corticoide | Slide p.31; B confirma | CONFIRMADO (2 fontes),
capsules/EISA_II/coma_e_rebaixamento_do_nivel_de_consciencia.md,4,"Definição de coma | Incapacidade de obedecer a comandos, falar ou abrir os olhos, mesmo com estímulo doloroso | Neuro_COMA p.1; APOSTILA p.84 | CONFIRMADO (2 fontes)",
capsules/EISA_II/coma_e_rebaixamento_do_nivel_de_consciencia.md,5,"Etiologia tóxico-metabólica | Ausência de sinais de localização, pupilas isocóricas e fotorreagentes, alterações laboratoriais, causa clínica sistêmica | 2 fontes | CONFIRMADO",
capsules/EISA_II/coma_e_rebaixamento_do_nivel_de_consciencia.md,6,"Etiologia estrutural | Sinais de localização presentes, anisocoria, pupilas não-fotorreagentes, desvio conjugado do olhar, evidência de TCE | 2 fontes | CONFIRMADO",
capsules/EISA_II/coma_e_rebaixamento_do_nivel_de_consciencia.md,7,Localização por padrão pupilar | Mióticas = diencéfalo; médio-fixas = mesencéfalo; puntiformes = ponte; midríase bilateral fixa = bulbo (progressão rostro-caudal) | Neuro_COMA p.4-5; APOSTILA p.85 | CONFIRMADO (2 fontes),
capsules/EISA_II/coma_e_rebaixamento_do_nivel_de_consciencia.md,8,"Herniação uncal | Dilatação pupilar unilateral precoce, deterioração rápida da consciência, compressão do III par (oculomotor) | 2 fontes | CONFIRMADO",
capsules/EISA_II/coma_e_rebaixamento_do_nivel_de_consciencia.md,9,"Herniação central | Mais crônica que a uncal, rebaixamento do nível de consciência mais precoce, laceração do pedículo hipofisário, compromete artérias cerebrais posteriores | 2 fontes | CONFIRMADO",
capsules/EISA_II/coma_e_rebaixamento_do_nivel_de_consciencia.md,10,"Herniação tonsilar | Amígdalas cerebelares através do forame magno; risco de compressão bulbar e parada respiratória — por isso não puncionar líquor sem excluir HIC | Neuro_COMA p.9-10 | CONFIRMADO (fonte única, achado clássico de literatura)",
capsules/EISA_II/coma_e_rebaixamento_do_nivel_de_consciencia.md,11,Medicações empíricas de emergência no coma | Glicose; naloxona (superdosagem de narcóticos); flumazenil (superdosagem de benzodiazepínicos); tiamina (suspeita de coma alcoólico/desnutrição) | 2 fontes | CONFIRMADO,
capsules/EISA_II/coma_e_rebaixamento_do_nivel_de_consciencia.md,12,Padrão respiratório localizatório | Cheyne-Stokes = hemisférios/diencéfalo; neurogênica central = ponte; apnêustica = porção inferior da ponte; atáxica/Biot = bulbo | 2 fontes | CONFIRMADO,
capsules/EISA_II/coma_e_rebaixamento_do_nivel_de_consciencia.md,13,Reflexo córneo-palpebral | Testa a integridade do tronco encefálico; ausência = mau prognóstico | 2 fontes | CONFIRMADO,
capsules/EISA_II/coma_e_rebaixamento_do_nivel_de_consciencia.md,14,"Teste de apneia (morte encefálica) | Desconectar o respirador; se pCO2 sobe acima de 55 mmHg sem resposta respiratória, confirma lesão de bulbo | Neuro_COMA p.11 | CONFIRMADO (fonte única)",
capsules/EISA_II/coma_e_rebaixamento_do_nivel_de_consciencia.md,15,"Protocolo de morte encefálica | 2 exames neurológicos + 1 exame complementar (Doppler transcraniano, arteriografia ou EEG sem atividade) | Neuro_COMA p.11 | CONFIRMADO (fonte única)",
capsules/EISA_II/coma_e_rebaixamento_do_nivel_de_consciencia.md,16,"Intervalo entre os 2 exames neurológicos de ME por faixa etária | >2 anos: 6h; 1-2 anos: 12h; 2 meses-1 ano: 24h; 7 dias-2 meses: 48h | Neuro_COMA p.11 | **confirmar no slide** — fonte única, é protocolo legal (resolução do CFM) sujeito a atualização periódica; não usar este valor como definitivo sem checar a resolução vigente na época da prova",
capsules/EISA_II/como_e_quando_encaminhar_para_o_nefrologista.md,4,"Objetivo declarado do protocolo | Prevenção quaternária — proteger o paciente de intervenções/consultas desnecessárias, ampliando resolutividade da atenção básica | Como e quando encaminhar, p.2 | CONFIRMADO",
capsules/EISA_II/como_e_quando_encaminhar_para_o_nefrologista.md,5,"Cistos/doença policística renal — critério Nefrologia | Suspeita de doença policística renal | Como e quando encaminhar, p.3 | CONFIRMADO",
capsules/EISA_II/como_e_quando_encaminhar_para_o_nefrologista.md,6,"Cistos — critério Urologia | Cisto com alteração sugestiva de malignidade (parede espessa/irregular, septações, calcificações, ou Bosniak ≥2F) OU cisto simples sintomático (dor lombar, hematúria persistente, obstrução de via urinária) | Como e quando encaminhar, p.3 | CONFIRMADO",
capsules/EISA_II/como_e_quando_encaminhar_para_o_nefrologista.md,7,"Diabetes mellitus — critério de encaminhamento a Nefrologia | TFG <30 mL/min/1,73m² (estágio 4–5) OU proteinúria (macroalbuminúria) OU perda rápida da função renal (>5 mL/min/1,73m² em 6 meses, TFG final <60, confirmado em 2 exames) OU suspeita de nefropatia por outra causa | Como e quando encaminhar, p.5 | CONFIRMADO",
capsules/EISA_II/como_e_quando_encaminhar_para_o_nefrologista.md,8,"Doença Renal Crônica — critérios de encaminhamento | TFG <30 (estágio 4–5) OU proteinúria OU hematúria persistente OU alteração anatômica com lesão/perda de função OU cilindros com potencial patológico (céreos, largos, graxos, epiteliais, hemáticos, leucocitários) | Como e quando encaminhar, p.6 | CONFIRMADO",
capsules/EISA_II/como_e_quando_encaminhar_para_o_nefrologista.md,9,"Hipertensão Arterial Sistêmica — critério de encaminhamento (Nefro ou Cardio) | Suspeita de HAS secundária OU falta de controle com no mínimo 3 anti-hipertensivos em dose plena, após avaliação da adesão | Como e quando encaminhar, p.8 | CONFIRMADO",
capsules/EISA_II/como_e_quando_encaminhar_para_o_nefrologista.md,10,"Infecção urinária recorrente — critério Nefrologia | ITU recorrente mesmo com profilaxia adequada, após excluir causas anatômicas urológicas/ginecológicas | Como e quando encaminhar, p.9 | CONFIRMADO",
capsules/EISA_II/como_e_quando_encaminhar_para_o_nefrologista.md,11,"ITU recorrente — critério Urologia x Ginecologia | Alteração anatômica no trato urinário → Urologia; alteração anatômica ginecológica → Ginecologia | Como e quando encaminhar, p.9 | CONFIRMADO",
capsules/EISA_II/como_e_quando_encaminhar_para_o_nefrologista.md,12,"Litíase renal — critério Nefrologia | Nefrolitíase recorrente com causa metabólica identificada e indicação de tratamento farmacológico não realizável na APS OU impossibilidade de investigar etiologia (eletrólitos na urina de 24h + exames séricos) | Como e quando encaminhar, p.10 | CONFIRMADO",
capsules/EISA_II/como_e_quando_encaminhar_para_o_nefrologista.md,13,"Litíase renal — critério Urologia | Cálculo ureteral >10mm; OU cálculo ureteral >4mm não eliminado após 6 semanas de tratamento clínico; OU cálculo vesical; OU cálculo renal sintomático (dor recorrente, hematúria, ITU); OU cálculo renal assintomático >10mm | Como e quando encaminhar, p.10 | CONFIRMADO",
capsules/EISA_II/como_e_quando_encaminhar_para_o_nefrologista.md,14,"Conteúdo mínimo do encaminhamento — geral | Sinais/sintomas; resultado de imagem com data; creatinina sérica com data (2 medidas com ≥6 meses se suspeita de perda rápida); cor de pele, idade, sexo; EQU com data; história familiar quando aplicável; nº de teleconsultoria se discutido | Como e quando encaminhar, várias páginas | CONFIRMADO",
capsules/EISA_II/como_e_quando_encaminhar_para_o_nefrologista.md,15,"Conteúdo mínimo — DM | + microalbuminúria/albuminúria 24h/relação albuminúria-creatinúria com tipo de exame e data | Como e quando encaminhar, p.5 | CONFIRMADO",
capsules/EISA_II/demencias.md,4,Frequência por faixa etária | 1% em <65 anos; 5-10% entre 65-85 anos; 30-40% acima de 85 anos | Deme_ncias pptx p.4; APOSTILA p.66 | CONFIRMADO (A e B idênticos),
capsules/EISA_II/demencias.md,5,Doença de Alzheimer — proporção e sobrevida | ~50% das demências; morte em 7 a 14 anos após início | Deme_ncias pptx (texto nativo); APOSTILA p.67 | CONFIRMADO,
capsules/EISA_II/demencias.md,6,"Patologia da DA | Placas senis = depósito extracelular de beta-amiloide; emaranhados neurofibrilares = hiperfosforilação intracelular da proteína TAU; redução de 50-90% da acetilcolina, principalmente no núcleo basal de Meynert | Deme_ncias pptx (texto nativo); APOSTILA p.67-68 | CONFIRMADO",
capsules/EISA_II/demencias.md,7,LCR na DA | Aumento da proteína TAU; diminuição do beta-amiloide | Deme_ncias pptx p.10 (imagem); APOSTILA p.67 | CONFIRMADO,
capsules/EISA_II/demencias.md,8,"Rastreio laboratorial mínimo | Hemograma, glicemia, Na/K/Ca, TGO/TGP, ureia/creatinina/proteínas, TSH, VDRL/HIV, vitamina B12 | Deme_ncias pptx p.10 (imagem); APOSTILA p.67 | CONFIRMADO",
capsules/EISA_II/demencias.md,9,"Tratamento da DA | Anticolinesterásicos (donepezila, rivastigmina, galantamina); antagonista NMDA (memantina); antidepressivos (citalopram, escitalopram, sertralina) e neurolépticos atípicos (quetiapina, olanzapina, aripiprazol) para sintomas associados | Deme_ncias pptx p.19; APOSTILA p.68-69 | CONFIRMADO",
capsules/EISA_II/demencias.md,10,"Demência dos Corpos de Lewy — características | Flutuações cognitivas, alucinações (predominantemente visuais), parkinsonismo, quedas frequentes, distúrbio comportamental do sono REM, sensibilidade a neurolépticos | Deme_ncias pptx p.21; APOSTILA p.69 | CONFIRMADO",
capsules/EISA_II/demencias.md,11,"DLB — regra temporal e prevalência | Parkinsonismo surge só após ≥1 ano do início cognitivo; 3ª causa mais frequente de demência (após DA e vascular); prevalência 8% do total das demências | APOSTILA p.69 (não presente de forma explícita no slide do professor, que lista as características sem a regra temporal) | CONFIRMADO — dado exclusivo da camada B; **a regra do 1 ano não aparece no slide do professor revisado, tratada aqui como informação de camada B sem confirmação em A**",
capsules/EISA_II/demencias.md,12,"Demência frontotemporal | Início 40-65 anos; memória e habilidades visuoespaciais relativamente preservadas; afasia progressiva primária: agramática (agramatismo, apraxia da fala), semântica (anomia, perda de fluência), logopênica (anomia); sem tratamento medicamentoso específico | Deme_ncias pptx (texto nativo); APOSTILA p.68 | CONFIRMADO",
capsules/EISA_II/demencias.md,13,Demência vascular | 2ª mais frequente; associação com DA; início súbito ou caráter insidioso na HAS; sinais focais | Deme_ncias pptx (texto nativo); APOSTILA p.68-69 | CONFIRMADO,
capsules/EISA_II/demencias.md,14,Demências reversíveis | Hidrocefalia de pressão normal/intermitente; depressão (pseudodemência); hematoma subdural crônico; doenças metabólicas e carenciais; doenças infecciosas; doenças inflamatórias e autoimunes | Deme_ncias pptx p.25; APOSTILA p.69 | CONFIRMADO,
capsules/EISA_II/demencias.md,15,"Demência em doenças infecciosas | Sífilis, AIDS, neurocisticercose, encefalite herpética, doença de Creutzfeldt-Jakob | Deme_ncias pptx (texto nativo); APOSTILA p.69 | CONFIRMADO",
capsules/EISA_II/diabetes_complicacoes_agudas_cronicas.md,4,CAD — critério de hiperglicemia | glicemia ≥ 200 mg/dL OU história prévia de diabetes | slide p.14 | CONFIRMADO,
capsules/EISA_II/diabetes_complicacoes_agudas_cronicas.md,5,"CAD — critério de cetose | β-hidroxibutirato ≥ 3,0 mmol/L OU cetonúria ≥ 2+ | slide p.14 | CONFIRMADO",
capsules/EISA_II/diabetes_complicacoes_agudas_cronicas.md,6,"CAD — critério de acidose | pH < 7,3 e/ou bicarbonato < 18 mmol/L | slide p.14 | CONFIRMADO",
capsules/EISA_II/diabetes_complicacoes_agudas_cronicas.md,7,CAD — ânion gap não é critério de 1ª escolha | usado só quando corpos cetônicos indisponíveis | slide p.14 | CONFIRMADO — grifo explícito do professor no slide,
capsules/EISA_II/diabetes_complicacoes_agudas_cronicas.md,8,"CAD leve | glicemia >250 · pH 7,25–7,3 · HCO₃ 15–18 · ânion gap >10 · consciente/alerta | slide p.14 (tabela) | CONFIRMADO — imagem ampliada para leitura",
capsules/EISA_II/diabetes_complicacoes_agudas_cronicas.md,9,"CAD moderada | glicemia >250 · pH 7,0–7,24 · HCO₃ 10–14,9 · ânion gap >12 · sonolento | slide p.14 (tabela) | CONFIRMADO — imagem ampliada",
capsules/EISA_II/diabetes_complicacoes_agudas_cronicas.md,10,"CAD grave | glicemia >250 · pH <7,0 · HCO₃ <10 · ânion gap >12 · estupor/coma | slide p.14 (tabela) | CONFIRMADO — imagem ampliada",
capsules/EISA_II/diabetes_complicacoes_agudas_cronicas.md,11,"EHH — critérios | glicemia ≥ 600 mg/dL · osmolalidade efetiva >300 mOsm/kg (ou total >320) · cetonemia <3,0 mmol/L/cetonúria <2+ (negativa/leve) · pH ≥7,3 e HCO₃ ≥18 · estupor/coma | slide p.14 | CONFIRMADO",
capsules/EISA_II/diabetes_complicacoes_agudas_cronicas.md,12,"Potássio e insulina na CAD | K⁺ <3,5 mmol/L: repor K⁺ e **não** iniciar insulina · K⁺ 3,5–5,0: insulina + K⁺ concomitante · K⁺ >5,0: insulina e monitorar K⁺ a cada 1h | slide p.15 (imagem ampliada) | CONFIRMADO",
capsules/EISA_II/diabetes_complicacoes_agudas_cronicas.md,13,"Insulina — dose CAD | leve/moderada: análogo de ação rápida SC · grave: IV contínua 0,1 UI/kg/h | slide p.15 | CONFIRMADO",
capsules/EISA_II/diabetes_complicacoes_agudas_cronicas.md,14,"Insulina — dose EHH | IV contínua 0,05 UI/kg/h | slide p.15 | CONFIRMADO",
capsules/EISA_II/diabetes_complicacoes_agudas_cronicas.md,15,"NaHCO₃ — indicação | pH ≥ 6,9: não usar · pH < 6,9: diluir em 1L SF 0,9% e infundir 200 mL/h | slide p.15 | CONFIRMADO — imagem ampliada",
capsules/EISA_II/diabetes_complicacoes_agudas_cronicas.md,16,"CAD euglicêmica | tratar com SG 5–10% + NaCl 0,9% desde o início (mesmo sem hiperglicemia franca) | slide p.15 | CONFIRMADO",
capsules/EISA_II/diabetes_complicacoes_agudas_cronicas.md,17,"Critérios de resolução CAD | β-hidroxibutirato <0,6 mmol/L · pH ≥7,3 ou HCO₃ ≥18 · glicemia <200 mg/dL | slide p.15 | CONFIRMADO",
capsules/EISA_II/diabetes_complicacoes_agudas_cronicas.md,18,"Critérios de resolução EHH | glicemia <250 mg/dL · osmolalidade sérica <300 mOsm/kg · paciente alerta · débito urinário >0,5 mL/kg/h | slide p.15 | CONFIRMADO",
capsules/EISA_II/diabetes_complicacoes_agudas_cronicas.md,19,Hipoglicemia — nível 1 | glicemia <70 e ≥54 mg/dL | slide p.10 | CONFIRMADO,
capsules/EISA_II/diabetes_complicacoes_agudas_cronicas.md,20,Hipoglicemia — nível 2 | glicemia <54 mg/dL | slide p.10 | CONFIRMADO,
capsules/EISA_II/diabetes_complicacoes_agudas_cronicas.md,21,Hipoglicemia — nível 3 | definido clinicamente (alteração de status mental/físico exigindo assistência de terceiros) — não por valor de glicemia | slide p.10 | CONFIRMADO,
capsules/EISA_II/diabetes_complicacoes_agudas_cronicas.md,22,"Hipoglicemia — tratamento consciente | 15 g de carboidrato de absorção rápida; reavaliar glicemia capilar em 15 min, repetir se não reverter (""regra dos 15"") | slide p.11 | CONFIRMADO",
capsules/EISA_II/diabetes_complicacoes_agudas_cronicas.md,23,"Hipoglicemia — tratamento grave/IV | 3 ampolas (30 mL) de glicose 50% diluídas em 100 mL SF 0,9% IV; reavaliar em 5 min, repetir se não reverter | slide p.12 | CONFIRMADO",
capsules/EISA_II/diabetes_complicacoes_agudas_cronicas.md,24,Hipoglicemia — mortalidade em DM1 | 6–10% das mortes | slide p.10 | CONFIRMADO,
capsules/EISA_II/diabetes_complicacoes_agudas_cronicas.md,25,EHH — mortalidade | 5–20% (maior que CAD) | slide p.13 | CONFIRMADO,
capsules/EISA_II/diabetes_complicacoes_agudas_cronicas.md,26,Monitorização durante tratamento | glicemia capilar 1–2h; eletrólitos/creatinina/pH venoso/β-hidroxibutirato (CAD) ou osmolalidade (EHH) a cada 2–4h | slide p.15 | CONFIRMADO,
capsules/EISA_II/diabetes_complicacoes_agudas_cronicas.md,27,Retinopatia diabética — monitoramento | sem RD: 1/1 ano · RDNP leve: 6/6 meses · RDNP moderada: 4/4 meses · RDNP grave/gestante: 3/3 meses | slide p.4 | CONFIRMADO,
capsules/EISA_II/diabetes_complicacoes_agudas_cronicas.md,28,Neuropatia diabética — prevalência | até 50% dos pacientes com DM2 ; ~50% assintomática | slide p.6 | CONFIRMADO,
capsules/EISA_II/diabetes_mellitus_conceito_classificacao_diagnostico.md,4,"HbA1c diagnóstico DM | ≥ 6,5% | Dm conceito FAMENE 2019 p.22; Diabetes(5) p.14 | CONFIRMADO",
capsules/EISA_II/diabetes_mellitus_conceito_classificacao_diagnostico.md,5,"HbA1c pré-diabetes | 5,7% – 6,4% | Dm conceito FAMENE 2019 p.23; Diabetes(5) p.14 | CONFIRMADO",
capsules/EISA_II/diabetes_mellitus_conceito_classificacao_diagnostico.md,6,Glicemia de jejum diagnóstico DM | ≥ 126 mg/dL (jejum ≥8h) | Dm conceito FAMENE 2019 p.22; Diabetes(5) p.13–14 | CONFIRMADO,
capsules/EISA_II/diabetes_mellitus_conceito_classificacao_diagnostico.md,7,Glicemia de jejum pré-diabetes | 100–125 mg/dL | Dm conceito FAMENE 2019 p.23; Diabetes(5) p.14 | CONFIRMADO,
capsules/EISA_II/diabetes_mellitus_conceito_classificacao_diagnostico.md,8,TOTG 75g 2h diagnóstico DM | ≥ 200 mg/dL | Dm conceito FAMENE 2019 p.22; Diabetes(5) p.14 | CONFIRMADO,
capsules/EISA_II/diabetes_mellitus_conceito_classificacao_diagnostico.md,9,TOTG 75g 2h pré-diabetes | 140–199 mg/dL | Dm conceito FAMENE 2019 p.23; Diabetes(5) p.14 | CONFIRMADO,
capsules/EISA_II/diabetes_mellitus_conceito_classificacao_diagnostico.md,10,Glicemia ao acaso diagnóstico DM | ≥ 200 mg/dL + sintomas clássicos de hiperglicemia OU crise hiperglicêmica | Dm conceito FAMENE 2019 p.22 | CONFIRMADO,
capsules/EISA_II/diabetes_mellitus_conceito_classificacao_diagnostico.md,11,"Regra de confirmação | sem hiperglicemia comprovada, repetir o teste — EXCETO no TOTG e na hiperglicemia comprovada | Dm conceito FAMENE 2019 p.22 | CONFIRMADO",
capsules/EISA_II/diabetes_mellitus_conceito_classificacao_diagnostico.md,12,"Rastreio em assintomáticos — critério A (ADA atualizado) | todos os adultos > 35 anos; se <35 anos, sobrepeso/obesidade (IMC≥25) + 1 fator de risco | Diabetes(5) p.19 | CONFIRMADO",
capsules/EISA_II/diabetes_mellitus_conceito_classificacao_diagnostico.md,13,"Rastreio em assintomáticos — critério B (slide 2019, referência SBD) | IMC≥25 + 1 fator de risco; sem fator de risco, iniciar aos 45 anos | Dm conceito FAMENE 2019 p.28 | CONFIRMADO — divergência de referência registrada, não é erro; ambas as fontes são camada A de anos diferentes",
capsules/EISA_II/diabetes_mellitus_conceito_classificacao_diagnostico.md,14,"Rastreio a cada | 3 anos (anual se ganho de peso, mudança de fator de risco, pré-DM ou HIV) | Diabetes(5) p.19 | CONFIRMADO",
capsules/EISA_II/diabetes_mellitus_conceito_classificacao_diagnostico.md,15,DM1: frequência | 5–10% dos casos | Dm conceito 2019 p.16; Diabetes(5) p.23 | CONFIRMADO,
capsules/EISA_II/diabetes_mellitus_conceito_classificacao_diagnostico.md,16,DM2: frequência | 90–95% dos casos | Dm conceito 2019 p.16; Diabetes(5) p.24 | CONFIRMADO,
capsules/EISA_II/diabetes_mellitus_conceito_classificacao_diagnostico.md,17,"Peptídeo-C, 5 anos após diagnóstico | DM1 < 0,6 ng/dL; DM2 > 0,6 ng/dL | Diabetes(5) p.23–24 | CONFIRMADO",
capsules/EISA_II/diabetes_mellitus_conceito_classificacao_diagnostico.md,18,"LADA — definição operacional | adulto >30 anos, IMC normal, independência de insulina ≥6 meses, anti-GAD + em 90% | Diabetes(5) p.28 | CONFIRMADO",
capsules/EISA_II/diabetes_mellitus_conceito_classificacao_diagnostico.md,19,MODY — regra de suspeita | início <25 anos + DM em 2 gerações consecutivas + ausência de autoanticorpos e de resistência insulínica | Diabetes(5) p.31 | CONFIRMADO,
capsules/EISA_II/diabetes_mellitus_conceito_classificacao_diagnostico.md,20,MODY2 (GCK) | 20–60% dos MODY; hiperglicemia leve assintomática; tratamento = dieta (não precisa fármaco) | Diabetes(5) p.32 | CONFIRMADO,
capsules/EISA_II/diabetes_mellitus_conceito_classificacao_diagnostico.md,21,"Rastreio DMG — 1ª consulta pré-natal | GJ <92 normal / 92–125,9 DMG / ≥126 DM pré-gestacional; se normal, TOTG 75g entre 24–28 sem | Diabetes(5) p.27 | CONFIRMADO",
capsules/EISA_II/diabetes_mellitus_gestacional.md,4,Definição de DMG | diabetes com início ou diagnóstico no 2º/3º trimestre de gestação | APOSTILA p.185 | CONFIRMADO,
capsules/EISA_II/diabetes_mellitus_gestacional.md,5,Prevalência | 7% de todas as gestações (critérios HAPO: até 20%) | APOSTILA p.185 | CONFIRMADO,
capsules/EISA_II/diabetes_mellitus_gestacional.md,6,Risco de DM2 futuro (mãe) | 10-63% em 5 a 16 anos após o parto | APOSTILA p.185 | CONFIRMADO,
capsules/EISA_II/diabetes_mellitus_gestacional.md,7,Risco teratogênico | DMG NÃO aumenta risco de teratogênese (diferente de hiperglicemia franca na embriogênese) | APOSTILA p.185 | CONFIRMADO,
capsules/EISA_II/diabetes_mellitus_gestacional.md,8,"Rastreio na 1ª consulta | dosar GJ em todas as gestantes; DM franco se GJ≥126, TOTG 2h≥200, HbA1c≥6,5% ou glicemia aleatória≥200+sintomas (confirmar por repetição, exceto o critério de sintomas) | APOSTILA p.185 | CONFIRMADO",
capsules/EISA_II/diabetes_mellitus_gestacional.md,9,"GJ≥92 na 1ª consulta (sem critério de DM franco) | diagnóstico de DMG fechado diretamente, sem necessidade de TOTG | APOSTILA p.185-186 | CONFIRMADO",
capsules/EISA_II/diabetes_mellitus_gestacional.md,10,GJ<92 na 1ª consulta | TOTG 75g de glicose anidra entre 24-28 semanas de gestação | APOSTILA p.186 | CONFIRMADO,
capsules/EISA_II/diabetes_mellitus_gestacional.md,11,Valores de corte do TOTG 75g para DMG (jejum/1h/2h) | jejum ≥92 · 1h ≥180 · 2h ≥153 mg/dL — 1 valor alterado já fecha diagnóstico | não encontrado no trecho extraído da apostila (tabela/imagem provavelmente perdida na extração) | AUSENTE_NA_FONTE — conhecimento geral (IADPSG/OMS/FEBRASGO); confirmar no material oficial antes de usar como dado decisivo em prova,
capsules/EISA_II/diabetes_mellitus_gestacional.md,12,"Insulinas com uso descrito em gestante | Detemir (1ª escolha), NPH, Regular, Lispro, Aspart | APOSTILA p.194 | CONFIRMADO",
capsules/EISA_II/diabetes_mellitus_gestacional.md,13,"Dose inicial de insulina em gestante | 0,2-0,3 UI/kg/dia (menor que a dose padrão do adulto, 0,3-0,5 UI/kg/dia) | APOSTILA p.194 | CONFIRMADO",
capsules/EISA_II/diabetes_mellitus_gestacional.md,14,Divisão da dose de NPH | 2/3 pela manhã + 1/3 à noite (bed time) | APOSTILA p.194 | CONFIRMADO,
capsules/EISA_II/diabetes_metas_tratamento_terapia_nao_insulinica.md,4,Meta HbA1c adultos não gestantes (SBD) | ≤ 7% | slide p.10 | CONFIRMADO,
capsules/EISA_II/diabetes_metas_tratamento_terapia_nao_insulinica.md,5,Meta HbA1c idosos frágeis (SBD) | < 8% (objetivo: evitar hipoglicemias) | slide p.10 | CONFIRMADO,
capsules/EISA_II/diabetes_metas_tratamento_terapia_nao_insulinica.md,6,Meta HbA1c gestantes (SBD 2024) | < 6% | slide p.21 | CONFIRMADO,
capsules/EISA_II/diabetes_metas_tratamento_terapia_nao_insulinica.md,7,"Metas HbA1c individualizadas (ADA 2025, 5 níveis) | <6,5% (boa saúde/baixo risco) · <7,0% (maioria dos adultos) · <7,5% (idosos hígidos) · <8,0% (saúde complexa/intermediária) · sem meta de A1c (saúde muito complexa ou expectativa de vida limitada) | slide p.12 | CONFIRMADO",
capsules/EISA_II/diabetes_metas_tratamento_terapia_nao_insulinica.md,8,Metformina — posologia | 500–2000 mg/dia (crianças); 500–2550 mg/dia (adultos); dose inicial 500 mg 1-3x/dia | slide p.26 | CONFIRMADO,
capsules/EISA_II/diabetes_metas_tratamento_terapia_nao_insulinica.md,9,"iSGLT2 — redução estimada | GJ ~30 mg/dL; HbA1c 0,5–1,0% | slide p.31 | CONFIRMADO",
capsules/EISA_II/diabetes_metas_tratamento_terapia_nao_insulinica.md,10,"iSGLT2 — corte de uso | TFG > 20 mL/min/1,73m² | slide p.33 | CONFIRMADO",
capsules/EISA_II/diabetes_metas_tratamento_terapia_nao_insulinica.md,11,iSGLT2 — efeito adverso característico | infecção geniturinária; risco baixo de cetoacidose euglicêmica | slide p.33 | CONFIRMADO,
capsules/EISA_II/diabetes_metas_tratamento_terapia_nao_insulinica.md,12,"iDPP-4 — redução estimada | GJ ~20 mg/dL; HbA1c 0,6–0,8% | slide p.38 | CONFIRMADO",
capsules/EISA_II/diabetes_metas_tratamento_terapia_nao_insulinica.md,13,"GLP1-RA — redução estimada | GJ ~30 mg/dL; HbA1c 0,8–1,5% | slide p.42/45 | CONFIRMADO",
capsules/EISA_II/diabetes_metas_tratamento_terapia_nao_insulinica.md,14,"GLP1-RA — contraindicação | carcinoma medular de tireoide; pancreatite; TFG <15 mL/min/1,73m²; uso simultâneo com iDPP-4 ou tirzepatida | slide p.45 | CONFIRMADO",
capsules/EISA_II/diabetes_metas_tratamento_terapia_nao_insulinica.md,15,"Sulfonilureias — redução estimada | GJ 60–70 mg/dL; HbA1c 1,5–2,0% (maior potência da classe) | slide p.53 | CONFIRMADO",
capsules/EISA_II/diabetes_metas_tratamento_terapia_nao_insulinica.md,16,"Sulfonilureias — contraindicação | TFG <30 mL/min/1,73m²; insuficiência hepática; deficiência grave de insulina; infecção grave; gestação | slide p.53 | CONFIRMADO",
capsules/EISA_II/diabetes_metas_tratamento_terapia_nao_insulinica.md,17,"Pioglitazona — redução estimada | GJ 35–65 mg/dL; HbA1c 0,5–1,4% | slide p.56 | CONFIRMADO",
capsules/EISA_II/diabetes_metas_tratamento_terapia_nao_insulinica.md,18,Pioglitazona — contraindicação | ICC classes III e IV; insuficiência hepática; gestação; risco de fratura em idosos | slide p.56 | CONFIRMADO,
capsules/EISA_II/diabetes_metas_tratamento_terapia_nao_insulinica.md,19,Acarbose — contraindicação | doença inflamatória intestinal; doença com má absorção; DRC grave | slide p.59 | CONFIRMADO,
capsules/EISA_II/diabetes_metas_tratamento_terapia_nao_insulinica.md,20,"Glinidas — redução estimada | GJ 20–30 mg/dL; HbA1c 1,0–1,5% | slide p.99 | CONFIRMADO",
capsules/EISA_II/diabetes_metas_tratamento_terapia_nao_insulinica.md,21,"Algoritmo SBD 2024 — terapia inicial por HbA1c | 6,5–7,5% (no alvo): metformina isolada · >7,5–9%: dupla (tripla pode ser considerada) · >9%: dupla (tripla deve ser considerada) · >9% com sintomas: TBI (terapia baseada em insulina) recomendada | slide p.68 | CONFIRMADO",
capsules/EISA_II/diabetes_metas_tratamento_terapia_nao_insulinica.md,22,"Algoritmo — preferência de 2º fármaco | se alto/muito alto risco ASCVD ou DRC: associar iSGLT2 ou AR-GLP1 (AD1, benefício CV comprovado); se obesidade: AR-GLP1 ou coagonista GIP/GLP1 | slide p.68 | CONFIRMADO",
capsules/EISA_II/diagnostico_sindromico_em_nefrologia.md,4,"Passos do raciocínio diagnóstico em nefrologia | Anatômico → Funcional → Clínico-sindrômico → Etiológico (nessa ordem lógica, o sindrômico vem antes do etiológico) | DIAG_SIND_DIAG_LAB_2024_2 p.4 (PORTO; PORTO, 2017) | CONFIRMADO",
capsules/EISA_II/diagnostico_sindromico_em_nefrologia.md,5,"Oligúria | Volume urinário ≤400 mL/dia (B cita ≤500 mL/dia — variação de corte entre fontes) | DIAG_SIND_DIAG_LAB_2024_2 p.9; resumo B | CONFIRMADO — divergência menor de corte registrada, prevalece A (≤400 mL/dia)",
capsules/EISA_II/diagnostico_sindromico_em_nefrologia.md,6,Poliúria | ≥2500 mL/dia | DIAG_SIND_DIAG_LAB_2024_2 p.9 | CONFIRMADO,
capsules/EISA_II/diagnostico_sindromico_em_nefrologia.md,7,Anúria | ≤100 mL/dia | DIAG_SIND_DIAG_LAB_2024_2 p.9 | CONFIRMADO,
capsules/EISA_II/diagnostico_sindromico_em_nefrologia.md,8,Lista das 10 síndromes nefrológicas | Lesão renal aguda; DRC; síndrome nefrítica aguda; síndrome nefrótica; anormalidades urinárias assintomáticas; infecção urinária; obstrução do trato urinário; síndromes tubulares renais; hipertensão arterial; nefrolitíase | DIAG_SIND_DIAG_LAB_2024_2 p.25 | CONFIRMADO,
capsules/EISA_II/diagnostico_sindromico_em_nefrologia.md,9,"Síndrome nefrítica aguda | Hematúria macroscópica (dismorfismo eritrocitário/cilindros hemáticos) + edema + HAS + moderada retenção nitrogenada; exemplo clássico: GNDA pós-estreptocócica; sorologia: Anti-DNA, ANCA, Anti-MBG, crioglobulinas, Anti-HCV, complementos | DIAG_SIND_DIAG_LAB_2024_2 p.30 | CONFIRMADO",
capsules/EISA_II/diagnostico_sindromico_em_nefrologia.md,10,"Síndrome nefrótica | Proteinúria maciça >3,5g/1,73m²/dia + hipoalbuminemia + edema + hiperlipidemia; classicamente SEM HAS nem retenção nitrogenada | DIAG_SIND_DIAG_LAB_2024_2 p.31 | CONFIRMADO",
capsules/EISA_II/diagnostico_sindromico_em_nefrologia.md,11,"Anormalidade urinária assintomática | Proteinúria, hematúria ou piúria isoladas, sem se enquadrar em nefrítica/nefrótica/ITU — diagnóstico de exclusão | DIAG_SIND_DIAG_LAB_2024_2 p.32 | CONFIRMADO",
capsules/EISA_II/diagnostico_sindromico_em_nefrologia.md,12,"Infecção urinária — critério diagnóstico | >100.000 colônias/mL; em mulher sintomática (disúria), corte cai para ≥100 colônias/mL | DIAG_SIND_DIAG_LAB_2024_2 p.33 | CONFIRMADO",
capsules/EISA_II/diagnostico_sindromico_em_nefrologia.md,13,"ITU alta x baixa | Alta (pielonefrite): dor lombar, febre, disúria, polaciúria (sintomas sistêmicos); baixa (cistite/uretrite): só sintomas miccionais (disúria, polaciúria) | DIAG_SIND_DIAG_LAB_2024_2 p.33 | CONFIRMADO",
capsules/EISA_II/diagnostico_sindromico_em_nefrologia.md,14,"Obstrução do trato urinário (OTU) | Supra-vesical = hidronefrose; infra-vesical = retenção urinária; obstrução alta bilateral pode causar DRC (fibrose retroperitoneal/tumor); obstrução baixa clássica: HPB (resíduo pós-miccional, jato fraco) | DIAG_SIND_DIAG_LAB_2024_2 p.34 | CONFIRMADO",
capsules/EISA_II/diagnostico_sindromico_em_nefrologia.md,15,"Hipertensão arterial — critério | PA sistólica >140 mmHg e/ou PA diastólica >90 mmHg; investigar causas tratáveis (estenose de a. renal, feocromocitoma, excesso de mineralocorticoide) | DIAG_SIND_DIAG_LAB_2024_2 p.36 | CORRIGIDO — o slide traz literalmente "">190mmHg"" para a diastólica (erro de digitação evidente); valor clinicamente correto e usado nas diretrizes é >90 mmHg",
capsules/EISA_II/diagnostico_sindromico_em_nefrologia.md,16,"Nefrolitíase — causas | Hipercalcemia (ex.: hiperparatireoidismo secundário), hipercalciúria idiopática, hiperuricosúria, cistinúria, doença inflamatória intestinal | DIAG_SIND_DIAG_LAB_2024_2 p.37 | CONFIRMADO",
capsules/EISA_II/diagnostico_sindromico_em_nefrologia.md,17,Achado ungueal — IRC | Unha meio proximal branca / meio distal rósea | DIAG_SIND_DIAG_LAB_2024_2 p.23 | CONFIRMADO,
capsules/EISA_II/diagnostico_sindromico_em_nefrologia.md,18,Achado ungueal — síndrome nefrótica | Linha única branca transversal (linha de Muehrcke) | DIAG_SIND_DIAG_LAB_2024_2 p.23 | CONFIRMADO,
capsules/EISA_II/disturbios_do_movimento.md,4,"Síndromes hipercinéticas x hipocinéticas | Hipercinéticas (↑ácido glutâmico cortical): coreia, distonia, hemibalismo. Hipocinéticas (↓ácido glutâmico): Parkinson | Neuro_DISTA_RBIOS_DO_MOVIMENTO p.1 | CONFIRMADO",
capsules/EISA_II/disturbios_do_movimento.md,5,"Doença de Huntington | Autossômica dominante; início 35-40 anos (faixa 5-70); coreia + demência + distúrbio de personalidade; infância: retardo mental, rigidez, convulsões; tratamento sintomático | Neuro_DISTA_RBIOS_DO_MOVIMENTO p.2; APOSTILA (Doença de Huntington) | CONFIRMADO",
capsules/EISA_II/disturbios_do_movimento.md,6,"Coreia de Sydenham | Distúrbio autoimune pós-infecção por Streptococcus beta-hemolítico grupo A; 80% entre 5-15 anos; 2x mais comum em meninas; autolimitada, duração média 3-6 semanas; tratamento sintomático com bloqueador dopaminérgico pós-sináptico (haloperidol, clorpromazina) | Neuro_DISTA_RBIOS_DO_MOVIMENTO p.2 | CONFIRMADO",
capsules/EISA_II/disturbios_do_movimento.md,7,Mioclonias — tratamento | Valproato de sódio e/ou clonazepam | Neuro_DISTA_RBIOS_DO_MOVIMENTO p.2 | CONFIRMADO,
capsules/EISA_II/disturbios_do_movimento.md,8,Síndrome de Gilles de la Tourette | Início antes dos 21 anos; causa mais comum de tiques; início face/pescoço; tratamento clonazepam + antagonista de dopamina (haloperidol/clorpromazina); associação com TDAH/TOC | Neuro_DISTA_RBIOS_DO_MOVIMENTO p.3 | CONFIRMADO,
capsules/EISA_II/disturbios_do_movimento.md,9,"Tremor essencial | Distúrbio de movimento mais comum em adultos; tremor postural e de ação (não repouso), 4-8 Hz (maior que Parkinson, 1-2 Hz); suprimido por álcool; NÃO evolui para Parkinson; tratamento: betabloqueador (propranolol), primidona, clonazepam; DBS em refratários | Neuro_DISTA_RBIOS_DO_MOVIMENTO p.4; APOSTILA (Tremor essencial) | CONFIRMADO",
capsules/EISA_II/disturbios_do_movimento.md,10,"Parkinsonismo — definição operacional | Bradicinesia obrigatória + ao menos 1 de: tremor de repouso, rigidez plástica (roda denteada), instabilidade postural | APOSTILA (Parkinsonismo) — versão mais clara que a fonte ""Edine Medeiros"", que descreve a regra de forma confusa (""3 características... 2 sendo 1 bradicinesia ou tremor"") | CONFIRMADO_COM_CORREÇÕES — usada a redação da apostila por ser operacionalmente mais precisa; as duas fontes convergem na essência (bradicinesia como eixo central)",
capsules/EISA_II/disturbios_do_movimento.md,11,"Parkinsonismo — causa mais comum | Doença de Parkinson idiopática, ~70% dos casos de parkinsonismo | APOSTILA (Parkinsonismo) | CONFIRMADO",
capsules/EISA_II/disturbios_do_movimento.md,12,"Parkinsonismo secundário — principais causas medicamentosas | Neurolépticos típicos (haloperidol) e atípicos (quetiapina, olanzapina), metoclopramida, flunarizina/cinarizina | Neuro_DISTA_RBIOS_DO_MOVIMENTO p.4 | CONFIRMADO",
capsules/EISA_II/disturbios_do_movimento.md,13,Doença de Parkinson — epidemiologia | Prevalência 150-200/100.000; incidência 20/100.000; início médio aos 55 anos (faixa 20-80) | Neuro_DISTA_RBIOS_DO_MOVIMENTO p.4 | CONFIRMADO,
capsules/EISA_II/disturbios_do_movimento.md,14,Diagnóstico diferencial do parkinsonismo (Parkinson-plus e outros) | Hidrocefalia de pressão intermitente (tríade com parkinsonismo de MMII); paralisia supranuclear progressiva; atrofia de múltiplos sistemas; degeneração corticobasal; demência com corpos de Lewy | Neuro_DISTA_RBIOS_DO_MOVIMENTO p.5 | CONFIRMADO,
capsules/EISA_II/disturbios_do_movimento.md,15,"Tratamento da Doença de Parkinson | Levodopa (padrão-ouro) associada a inibidor de dopa-descarboxilase (carbidopa/benserazida, que não atravessa a BHE); adjuvantes: agonistas dopaminérgicos, ICOMT (entacapone), IMAO-B (selegilina), anticolinérgicos (biperideno), amantadina (minimiza discinesias) | Neuro_DISTA_RBIOS_DO_MOVIMENTO p.5 | CONFIRMADO",
capsules/EISA_II/disturbios_do_movimento.md,16,"Complicações da levodopa em uso prolongado | Flutuações (wearing-off, fenômeno on-off) e discinesias (pico de dose, bifásicas, distonia de desativação) | Neuro_DISTA_RBIOS_DO_MOVIMENTO p.5 | CONFIRMADO",
capsules/EISA_II/doenca_renal_cronica_drc.md,4,"Critério 1 de DRC | Lesão renal (anormalidade estrutural/funcional, patológica ou por marcador) por período ≥3 meses, com ou sem queda de TFG | DRC_2024_1_1 p.9 (KDIGO 2012) | CONFIRMADO",
capsules/EISA_II/doenca_renal_cronica_drc.md,5,"Critério 2 de DRC | TFG <60 mL/min/1,73m² por período ≥3 meses, com ou sem lesão renal | DRC_2024_1 p.9 (KDIGO 2012) | CONFIRMADO",
capsules/EISA_II/doenca_renal_cronica_drc.md,6,Marcadores de dano parenquimatoso | Albuminúria; hematúria de origem glomerular; alterações eletrolíticas/tubulares; achado histológico em biópsia | DRC_2024_1 p.10 | CONFIRMADO,
capsules/EISA_II/doenca_renal_cronica_drc.md,7,Marcadores por imagem | Rins policísticos; hidronefrose; cicatrizes corticais; doença infiltrativa; estenose de artéria renal | DRC_2024_1 p.10 | CONFIRMADO,
capsules/EISA_II/doenca_renal_cronica_drc.md,8,"Principais causas de DRC no Brasil | HAS 34% > DM 31% > GNC 9% ≈ ""Outras"" 11% ≈ Indeterminadas 11% > rins policísticos 4% | DRC_2024_1 p.14 (SBN CENSO 2018) | CONFIRMADO",
capsules/EISA_II/doenca_renal_cronica_drc.md,9,"Grupo Amarelo (KDIGO) | TFG >60 com albuminúria 30–300 mg/g (G1/G2 + A2) OU TFG 45–60 sem albuminúria (G3a + A1) — monitoramento anual, controle de fatores de progressão | DRC_2024_1 p.46 (UNASUS 2016) | CONFIRMADO",
capsules/EISA_II/doenca_renal_cronica_drc.md,10,"Grupo Vermelho (KDIGO) | G4/G5 com qualquer grau de albuminúria OU G3a/G3b com albuminúria — encaminhar ao nefrologista, monitorização 1–3 meses, preparar TRS | DRC_2024_1 p.48 (UNASUS 2016) | CONFIRMADO",
capsules/EISA_II/doenca_renal_cronica_drc.md,11,"Estadiamento por TFG (G1–G5) | G1 ≥90; G2 60–89; G3a 45–59; G3b 30–44; G4 15–29; G5 <15 mL/min/1,73m² | conhecimento geral (KDIGO 2012) — não explícito no slide | conhecimento geral",
capsules/EISA_II/doenca_renal_cronica_drc.md,12,Categorias de albuminúria (A1–A3) | A1 <30 mg/g; A2 30–300 mg/g; A3 >300 mg/g | conhecimento geral (KDIGO 2012) — não explícito no slide | conhecimento geral,
capsules/EISA_II/doenca_renal_cronica_drc.md,13,"Indicações de TRS em DRC G V | Ao menos 1 de: hipervolemia refratária a restrição de sódio/água e diuréticos; anorexia/náuseas/vômitos; hipercalemia/acidose refratária; pericardite, sangramento ou encefalopatia urêmica | DRC_2024_1 p.31 | CONFIRMADO",
capsules/EISA_II/doenca_renal_cronica_drc.md,14,"Limite para manter tratamento conservador | Ccr 5–10 mL/min/1,73m², desde que assintomático, sem perda ponderal e sem alteração clínico-laboratorial relevante | DRC_2024_1 p.31 | CONFIRMADO",
capsules/EISA_II/doenca_renal_cronica_drc.md,15,Sequência do tratamento da anemia | Iniciar EPO somente após corrigir o estoque de ferro | DRC_2024_1 p.23 | CONFIRMADO,
capsules/EISA_II/doenca_renal_cronica_drc.md,16,"Alvo de Hb no tratamento da anemia da DRC | 11–12 g/dL (dose de EPO SC 50–100 U/kg, 1–3x/semana) | DRC_2024_1 p.23 | CONFIRMADO",
capsules/EISA_II/doenca_renal_cronica_drc.md,17,"Fósforo e PTH alvo por estágio | G3: fósforo 3,0–4,6 / PTH 35–70; G4: fósforo 3,0–4,6 / PTH 70–110; G5: fósforo 3,5–5,5 / PTH 150–300 | DRC_2024_1 p.26 (UNASUS 2016) | CONFIRMADO",
capsules/EISA_II/doenca_renal_cronica_drc.md,18,Antecedência da confecção de fístula arteriovenosa | 1–4 meses antes da necessidade de uso (para maturação) | DRC_2024_1 p.48 | CONFIRMADO,
capsules/EISA_II/doenca_renal_cronica_drc.md,19,Prevenção de nefropatia por contraste em DRC | Evitar contraste hiperosmolar; menor dose possível; evitar outro nefrotóxico peri-procedimento; hidratação salina antes/depois; checar TFG em 48–96h | DRC_2024_1 p.39 (UNASUS 2016) | CONFIRMADO,
capsules/EISA_II/doenca_renal_na_gestacao.md,4,"Alteração da TFG na gestação | Aumento de ~50% | Rim e Gravidez 2021.2, linha ""Alterações fisiológica da função renal"" | CONFIRMADO",
capsules/EISA_II/doenca_renal_na_gestacao.md,5,Alterações anatômicas fisiológicas | Hidronefrose fisiológica da gravidez; vasodilatação e edema da mucosa vesical | Rim e Gravidez 2021.2 | CONFIRMADO,
capsules/EISA_II/doenca_renal_na_gestacao.md,6,Transtornos pressóricos na gestação — prevalência | 6–8% das gestações | Rim e Gravidez 2021.2 | CONFIRMADO,
capsules/EISA_II/doenca_renal_na_gestacao.md,7,Meta de PAM no controle pressórico gestacional | PAM alvo ~85 mmHg parece segura; cada +10 mmHg na PAM associa-se a −176 g de peso fetal | Rim e Gravidez 2021.2 | CONFIRMADO,
capsules/EISA_II/doenca_renal_na_gestacao.md,8,"Critérios laboratoriais de HELLP | Bilirrubinas ≥1,2 mg/dL; DHL ≥600 UI; TGO ≥70 UI; plaquetas <100.000/µL; hemácias fragmentadas no sangue periférico | Rim e Gravidez 2021.2 | CONFIRMADO",
capsules/EISA_II/doenca_renal_na_gestacao.md,9,Razão sFlt-1/PlGF | ≤38 tem alto valor preditivo negativo para pré-eclâmpsia a curto prazo; razão alta associa-se a maior risco | Rim e Gravidez 2021.2 | CONFIRMADO,
capsules/EISA_II/doenca_renal_na_gestacao.md,10,ITU na gestação — prevalência e agente | Infecção mais comum na gestação (10% das gestantes); principal agente E. coli | Rim e Gravidez 2021.2 | CONFIRMADO,
capsules/EISA_II/doenca_renal_na_gestacao.md,11,Bacteriúria assintomática | Prevalência 4–7%; tratar previne 2/3 das pielonefrites; tratamento = mesmo esquema da cistite | Rim e Gravidez 2021.2 | CONFIRMADO,
capsules/EISA_II/doenca_renal_na_gestacao.md,12,Antibióticos orais seguros na gestação (curta duração 3–5 dias) | Nitrofurantoína 100mg 6/6h; Ampicilina 500mg 6/6h; Amoxicilina 500mg 6/6h; Cefalexina 500mg 6/6h | Rim e Gravidez 2021.2 | CONFIRMADO,
capsules/EISA_II/doenca_renal_na_gestacao.md,13,Antibióticos parenterais seguros | Ampicilina 1g + Gentamicina 3–5mg/kg 8/8h; Ceftriaxona 1g 1x/dia IM/IV | Rim e Gravidez 2021.2 | CONFIRMADO,
capsules/EISA_II/doenca_renal_na_gestacao.md,14,Antibióticos contraindicados na gestação | Fluoroquinolonas (levo/cipro/norfloxacino); eritromicina; tetraciclina; sulfametoxazol+trimetoprima (especialmente 1º trimestre) | Rim e Gravidez 2021.2 | CONFIRMADO,
capsules/EISA_II/doenca_renal_na_gestacao.md,15,"IRA-G — sensibilidade diagnóstica | Não há critério definitivo; pequenos aumentos de creatinina (<0,3 mg/dL) já podem ser sensíveis para diagnóstico precoce na gestante | Rim e Gravidez 2021.2 | CONFIRMADO",
capsules/EISA_II/doenca_renal_na_gestacao.md,16,Síndrome nefrótica na gestação — biópsia | Diferenciação de pré-eclâmpsia é difícil após 20 semanas; biópsia até a 20ª semana tem menor risco | Rim e Gravidez 2021.2 | CONFIRMADO,
capsules/EISA_II/doenca_renal_na_gestacao.md,17,"Principal glomerulopatia associada à SN gestacional | GESF (glomeruloesclerose segmentar e focal), primária ou secundária | Rim e Gravidez 2021.2 | CONFIRMADO",
capsules/EISA_II/doenca_renal_na_gestacao.md,18,"DRC e gestação — estratificação por creatinina | Cr <1,4 mg/dL: desfecho similar a gestante saudável; Cr 1,4–3,0: risco elevado de complicação/progressão; Cr >3,0: risco de evolução para estágio 5 e necessidade de TRS | Rim e Gravidez 2021.2 | CONFIRMADO",
capsules/EISA_II/doenca_renal_na_gestacao.md,19,IRC dialítica e gestação | Meta de ureia <50 mg/dL (via HD diária); mortalidade perinatal ainda elevada; parto pré-termo pode chegar a 80% | Rim e Gravidez 2021.2 | CONFIRMADO,
capsules/EISA_II/doenca_renal_na_gestacao.md,20,Conversão de imunossupressores — glicocorticoide | Prednisona considerada segura (<10% da dose materna atinge a circulação fetal); risco de hiperglicemia/HAS materna | Rim e Gravidez 2021.2 | CONFIRMADO,
capsules/EISA_II/doenca_renal_na_gestacao.md,21,"Conversão de imunossupressores — inibidor de calcineurina | Ciclosporina/tacrolimus: bom perfil de segurança, podem induzir HAS/DM gestacional | Rim e Gravidez 2021.2 | CONFIRMADO",
capsules/EISA_II/doenca_renal_na_gestacao.md,22,Conversão de imunossupressores — antiproliferativo | Micofenolato e ciclofosfamida são teratogênicos; converter para azatioprina ao menos 3 meses antes da concepção | Rim e Gravidez 2021.2 | CONFIRMADO,
capsules/EISA_II/doenca_renal_na_gestacao.md,23,Planejamento pré-gestacional em IRC | Converter anti-hipertensivos antes da concepção; IECA por 6 meses com suspensão pré-concepção em diabéticas pode reduzir risco de pré-eclâmpsia; AAS pode reduzir risco de pré-eclâmpsia/pré-termo em risco elevado | Rim e Gravidez 2021.2 | CONFIRMADO,
capsules/EISA_II/doencas_cisticas_renais.md,4,"PKD1 — frequência e localização | 85% dos casos de DRPAD; cromossomo 16q13.3; diálise mais precoce | APOSTILA SA II, p. 18–19 | CONFIRMADO",
capsules/EISA_II/doencas_cisticas_renais.md,5,"PKD2 — frequência e gravidade | 15% dos casos; menor gravidade; diagnóstico mais tardio; menor propensão a HAS/hematúria/ITU | APOSTILA SA II, p. 19 | CONFIRMADO",
capsules/EISA_II/doencas_cisticas_renais.md,6,"DRC-TRS — idade de início | DRPAD1: 54,3 anos; DRPAD2: 74 anos (20 anos mais cedo na DRPAD1) | APOSTILA SA II, p. 19 | CONFIRMADO",
capsules/EISA_II/doencas_cisticas_renais.md,7,"Critério diagnóstico de imagem para DRPAD | múltiplos cistos renais + ≥2 de: aumento renal bilateral, ≥3 cistos hepáticos, aneurisma de artéria cerebral, cisto único pineal/pâncreas/aracnoide/baço | APOSTILA SA II, p. 21 | CONFIRMADO",
capsules/EISA_II/doencas_cisticas_renais.md,8,"Prevalência de HAS na DRPAD | 50 a 70% dos casos | APOSTILA SA II, p. 20 | CONFIRMADO",
capsules/EISA_II/doencas_cisticas_renais.md,9,"DRPAR — gene e proteína | PKHD1, cromossomo 6, codifica poliductina | APOSTILA SA II, p. 21 | CONFIRMADO",
capsules/EISA_II/doencas_cisticas_renais.md,10,"DRPAR — confirmação diagnóstica | rins policísticos + fibrose hepática + ausência de doença nos pais com mais de 30 anos (exclui DRPAD) | APOSTILA SA II, p. 21 | CONFIRMADO",
capsules/EISA_II/doencas_cisticas_renais.md,11,"Doença renal cística adquirida | 3 a 5 cistos por rim, até 3 cm; rim de tamanho normal ou reduzido, contornos regulares; carcinoma de células renais em 4–7% dos casos | APOSTILA SA II, p. 22 | CONFIRMADO",
capsules/EISA_II/doencas_cisticas_renais.md,12,"Critério ""provável"" de cisto infectado na DRPAD | TODOS presentes: febre >38,5°C por >3 dias, dor abdominal, PCR >50 mg/dL, ausência de sangramento, exclusão de outras causas | APOSTILA SA II, p. 20 | CONFIRMADO",
capsules/EISA_II/doencas_da_orelha_externa.md,4,"Flora normal do CAE | S. epidermidis 87%, Corynebacterium sp 81%, S. aureus 12%; Pseudomonas aeruginosa 0% em CAE normal | Doenças da Orelha Externa, p. 3 | CONFIRMADO",
capsules/EISA_II/doencas_da_orelha_externa.md,5,"OE maligna — critério diagnóstico absoluto | cintilografia com tecnécio e/ou gálio positivas | Doenças da Orelha Externa, p. 12 | CONFIRMADO",
capsules/EISA_II/doencas_da_orelha_externa.md,6,"OE maligna — critérios sugestivos | tecido de granulação no assoalho do CAE; cultura positiva para P. aeruginosa; DM ou imunodeficiência; otalgia grave | Doenças da Orelha Externa, p. 12 | CONFIRMADO",
capsules/EISA_II/doencas_da_orelha_externa.md,7,"Corpos estranhos de CAE | mais frequentes na área ORL; 55% ocorrem até os 15 anos; somente CE vivos e cáusticos são urgência verdadeira | Doenças da Orelha Externa, p. 20–21 | CONFIRMADO",
capsules/EISA_II/doencas_da_orelha_externa.md,8,"Exostose — epidemiologia | 4 homens : 1 mulher; não ocorre em negros e chineses; geralmente múltipla e bilateral | Doenças da Orelha Externa, p. 21 | CONFIRMADO",
capsules/EISA_II/doencas_da_orelha_externa.md,9,"Osteoma | massa óssea única, unilateral, pedunculada, na junção da sutura tímpano-mastóidea ou tímpano-escamosa | Doenças da Orelha Externa, p. 21 | CONFIRMADO",
capsules/EISA_II/doencas_da_orelha_externa.md,10,"Colesteatoma de CAE | unilateral, idiopático, audição normal, mais frequente em idosos, MT normal com erosão circunscrita na parede inferior do CAE | Doenças da Orelha Externa, p. 19–20 | CONFIRMADO",
capsules/EISA_II/doencas_da_orelha_externa.md,11,"Oto-hematoma | coleção sanguínea entre pericôndrio e cartilagem, mais comum no terço superior do pavilhão; tratamento = incisão e drenagem sem suturar os retalhos + curativo compressivo | Doenças da Orelha Externa, p. 20–21 | CONFIRMADO",
capsules/EISA_II/doencas_da_orelha_externa.md,12,"Cerume — composição | lipídios 46–73%, produção média 2,81 mg/semana, sem diferença entre sexos | Doenças da Orelha Externa, p. 3 | CONFIRMADO",
capsules/EISA_II/doencas_neuromusculares.md,4,"Definição do grupo | >40 patologias; engloba neuropatias (nervo), miastenias (fenda) e miopatias (músculo) | Slide p.2 (imagem) | CONFIRMADO",
capsules/EISA_II/doencas_neuromusculares.md,5,Neuropatia diabética | Acomete só nervo sensitivo (não motor); progressão formigamento → queimor → anestesia; causada por isquemia/oxidação dos vasa nervorum | B p.1 | CONFIRMADO (fonte única B — slide A não detalha neuropatia diabética),
capsules/EISA_II/doencas_neuromusculares.md,6,"GBS — definição | Polineuropatia desmielinizante inflamatória aguda, imunomediada, pós-infecciosa | Slide p.13 (imagem) | CONFIRMADO",
capsules/EISA_II/doencas_neuromusculares.md,7,GBS — epidemiologia | 1-2/100.000 habitantes; qualquer faixa etária | Slide p.13 (imagem) | CONFIRMADO,
capsules/EISA_II/doencas_neuromusculares.md,8,"GBS — clínica | Fraqueza progressiva, simétrica, ascendente; ciclo autolimitado; pode chegar a tetraplegia, paralisia facial/bulbar, disautonomia, hiporreflexia | Slide p.13 (imagem) | CONFIRMADO",
capsules/EISA_II/doencas_neuromusculares.md,9,GBS — fases | Instalação: 7-10 dias; estado: 2-4 semanas; resolução: 2-3 semanas após o estado | Slide p.13 (imagem) | CONFIRMADO,
capsules/EISA_II/doencas_neuromusculares.md,10,GBS — gatilhos | Dias a semanas após quadro infeccioso ou cirurgia; *Campylobacter jejuni* é o principal agente etiológico | B (resumo) p.10 (conferido no slide-resumo da imagem) | CONFIRMADO,
capsules/EISA_II/doencas_neuromusculares.md,11,"GBS — LCR | Dissociação proteíno-citológica (100-300 mg/dL): proteína alta, celularidade normal | Slide p.19 (imagem) | CONFIRMADO",
capsules/EISA_II/doencas_neuromusculares.md,12,GBS — ENMG | Queda dos potenciais de ação musculares por lentificação da condução axonal | Slide p.19 (imagem) | CONFIRMADO,
capsules/EISA_II/doencas_neuromusculares.md,13,GBS — tratamento | Plasmaférese 50 mL/kg/sessão (5 sessões) OU imunoglobulina venosa 400 mg/kg/dia (5 dias); equipe multidisciplinar | Slide p.19 (imagem) | CONFIRMADO,
capsules/EISA_II/doencas_neuromusculares.md,14,GBS — contraindicação da imunoglobulina | Alergia a ovo de galinha | B p.2 | CONFIRMADO (fonte única B),
capsules/EISA_II/doencas_neuromusculares.md,15,"Síndrome de Miller Fisher | Variante rara do GBS (<5% dos casos), fraqueza de caráter DESCENDENTE (oposto ao padrão clássico ascendente) | B p.2 | CONFIRMADO (fonte única B)",
capsules/EISA_II/doencas_neuromusculares.md,16,ELA — etiologia | Desconhecida; apoptose de neurônios motores; sensibilidade preservada | Slide p.7 (imagem) | CONFIRMADO,
capsules/EISA_II/doencas_neuromusculares.md,17,"ELA — clínica | Fraqueza sem dor, atrofia por denervação, fasciculações, espasticidade, degeneração dos feixes corticoespinais; musculatura de MMSS, MMII, língua, região cervical; disfonia/disfagia/sialorreia | Slide p.7 (imagem) | CONFIRMADO",
capsules/EISA_II/doencas_neuromusculares.md,18,"ELA — sintomas NMS x NMI x bulbares | NMS: espasticidade, reflexos patológicos, hiperreflexia. NMI: atrofia muscular, fasciculações, hiporreflexia, hipotonia, câimbras. Bulbares: paralisia pseudobulbar, disartria, disfagia, sialorreia | Slide p.10 (imagem) | CONFIRMADO",
capsules/EISA_II/doencas_neuromusculares.md,19,ELA — genética/epidemiologia | 5-10% dos casos familiares (herança autossômica dominante); >40 anos; mais em homens | Slide p.7 (imagem) | CONFIRMADO,
capsules/EISA_II/doencas_neuromusculares.md,20,ELA — prognóstico | Óbito em 2-5 anos | Slide p.7 (imagem) | CONFIRMADO,
capsules/EISA_II/doencas_neuromusculares.md,21,ELA — diagnóstico e tratamento | ENMG confirma; TC/RM só para exclusão de outras causas; sem cura; Riluzol 50 mg 2x/dia reduz velocidade de progressão; medidas de manutenção (fisio+fono) | Slide p.7 (imagem) | CONFIRMADO,
capsules/EISA_II/doencas_neuromusculares.md,22,ELP — características | Variante pura do neurônio motor superior; corticoespinal e eventualmente corticobulbar; paraparesia espástica progressiva → tetraparesia espástica; hiperreflexia e sinal de Babinski; SEM sinais de NMI; envolvimento bulbar menos frequente; evolui mais lentamente que ELA; pode evoluir para ELA com os anos | Slide p.12 (imagem) | CONFIRMADO,
capsules/EISA_II/doencas_neuromusculares.md,23,"ELP — diagnóstico diferencial | Tumor medular, paraparesia espástica tropical, esclerose múltipla, espondilose cervical, malformação de Chiari | Slide p.12 (imagem) — texto listado como ""Diag.≠"" | CONFIRMADO",
capsules/EISA_II/doencas_neuromusculares.md,24,Miastenia gravis — mecanismo | Doença autoimune; bloqueio na fenda por alargamento da fenda sináptica OU anticorpos bloqueadores no receptor de acetilcolina (anti-rACh); geralmente associada a timo hiperplásico/timoma | Slide p.23 (imagem) | CONFIRMADO,
capsules/EISA_II/doencas_neuromusculares.md,25,Miastenia gravis — epidemiologia | Prevalência 5-10/100.000; mulheres 2:1; início na 2ª década | Slide p.23 (imagem) | CONFIRMADO,
capsules/EISA_II/doencas_neuromusculares.md,26,"Miastenia gravis — clínica | Déficit motor em atividades prolongadas/repetidas, melhora com repouso; acometimento preferencial ocular (20% limitados só a isso); também face, mastigação, fonação, deglutição; nos membros predomina proximal; reflexos profundos preservados; sensibilidade preservada | Slide p.23 (imagem) | CONFIRMADO",
capsules/EISA_II/doencas_neuromusculares.md,27,"Miastenia gravis — diagnóstico | ENMG com decremento à estimulação repetitiva; farmacológico (teste com edrofônio/Tensilon, prostigmina); imunológico (anticorpo anti-rACh; anti-MUSK) | Slide p.25 (imagem) | CONFIRMADO",
capsules/EISA_II/doencas_neuromusculares.md,28,Miastenia gravis — teste do gelo | Baixa temperatura precipita os anticorpos e melhora transitoriamente a ptose; nem sempre positivo | B p.4 | CONFIRMADO (fonte única B — não aparece no slide A revisado),
capsules/EISA_II/doencas_neuromusculares.md,29,"Miastenia gravis — agravantes/complicações | Medicamentos, traumas, doenças intercorrentes; acidentes respiratórios (obstrução traqueobrônquica, hipoventilação); crise colinérgica | Slide p.26 (imagem) | CONFIRMADO",
capsules/EISA_II/doencas_neuromusculares.md,30,"Miastenia gravis — investigação obrigatória | TC de tórax obrigatória (pesquisa de timoma); líquor é opcional | B p.5; reforçado no slide A (""Pontos importantes"" cita ENMG, LCR, TC de tórax) | CONFIRMADO (2 fontes)",
capsules/EISA_II/doencas_neuromusculares.md,31,"Miastenia gravis — tratamento sintomático | Anticolinesterásicos: piridostigmina (Mestinon 60 mg) e neostigmina | Slide p.26, p.31 (imagem) | CONFIRMADO",
capsules/EISA_II/doencas_neuromusculares.md,32,"Miastenia gravis — tratamento da agressão autoimune | Curto prazo (crise): plasmaférese, imunoglobulinas. Longo prazo: corticoides (prednisona), imunossupressores (azatioprina/Imuran), timectomia (se timoma) | Slide p.26, p.31 (imagem) | CONFIRMADO",
capsules/EISA_II/doencas_neuromusculares.md,33,"Duchenne — herança | Recessiva ligada ao X; mãe portadora, meninos expressam a doença | Slide p.6 (ilustração Netter, imagem); B confirma | CONFIRMADO (2 fontes)",
capsules/EISA_II/doencas_neuromusculares.md,34,"Duchenne — clínica | Atraso motor (sentar/ficar em pé/andar), panturrilhas aumentadas (pseudo-hipertrofia), fraqueza progressiva, marcha bamboleante/na ponta dos pés, manobra de Gowers (usar as mãos para levantar do chão); tardio: cardiomiopatia dilatada, insuficiência respiratória, escoliose, contraturas | B p.6 | CONFIRMADO (fonte única B — slide A traz só a ilustração Netter, sem lista textual própria)",
capsules/EISA_II/doencas_neuromusculares.md,35,"Duchenne — diagnóstico | Clínico + teste genético (percentual do gene da distrofina); sem cura, tratamento só sintomático/de suporte | B p.6 | CONFIRMADO (fonte única B)",
capsules/EISA_II/doencas_neuromusculares.md,36,"NMDC — mecanismo | Atrofia por desuso + estado catabólico (REMIT — resposta endócrino-metabólica-imunológica ao trauma); desmielinizante por carência de vitamina B12 | B p.6 (mecanismo REMIT); slide A confirma apenas os tópicos ""acometimento de musculatura, desmielinizante, carenciais, atrofia/desuso"" (p.32, imagem) | CONFIRMADO_COM_CORREÇÕES — mecanismo fisiopatológico detalhado (REMIT, vit B12) só em B; slide A confirma os tópicos-título mas não desenvolve",
capsules/EISA_II/doencas_neuromusculares.md,37,"NMDC — diagnóstico e tratamento | ENMG confirma; tratamento com dieta e reabilitação | B p.6; slide A confirma ""tratamento/reabilitação"" como tópicos | CONFIRMADO (2 fontes)",
capsules/EISA_II/doencas_oculares_em_endocrinologia_oftalmopatia_de_graves_e_retinopatia_diabetica.md,4,"Doença de Graves — epidemiologia | 3ª-4ª décadas de vida, mulheres | slide (p.1) | CONFIRMADO",
capsules/EISA_II/doencas_oculares_em_endocrinologia_oftalmopatia_de_graves_e_retinopatia_diabetica.md,5,Alterações oculares em Graves | 25–50% dos pacientes com Graves; 5% com comprometimento grave | slide (p.1) | CONFIRMADO,
capsules/EISA_II/doencas_oculares_em_endocrinologia_oftalmopatia_de_graves_e_retinopatia_diabetica.md,6,Fisiopatologia DOT | Anticorpo IgG contra receptor de TSH → infiltração celular pleomórfica + aumento de glicosaminoglicanos + absorção osmótica de água → fibrose e miopatia restritiva | slide (p.1-2) | CONFIRMADO,
capsules/EISA_II/doencas_oculares_em_endocrinologia_oftalmopatia_de_graves_e_retinopatia_diabetica.md,7,"Fase congestiva | Olhos vermelhos e dolorosos, dura ~3 semanas, 10% cronificam | slide (p.3); ANOTAÇÕES (linha 5) | CONFIRMADO (A+B convergentes)",
capsules/EISA_II/doencas_oculares_em_endocrinologia_oftalmopatia_de_graves_e_retinopatia_diabetica.md,8,Retração palpebral — frequência | 50% dos casos | slide (p.4) | CONFIRMADO,
capsules/EISA_II/doencas_oculares_em_endocrinologia_oftalmopatia_de_graves_e_retinopatia_diabetica.md,9,Sinais de retração palpebral | Scleral show; sinal de Dalrymple (retração em posição primária do olhar); sinal de Kocher (aparência fixa e espantada); sinal de Von Graefe (retardo na descida da pálpebra superior no olhar para baixo) | slide (p.4) | CONFIRMADO,
capsules/EISA_II/doencas_oculares_em_endocrinologia_oftalmopatia_de_graves_e_retinopatia_diabetica.md,10,"Tratamento da retração palpebral | Expectante, diminuir fenda palpebral, mullerectomia, ressecção dos retratores da pálpebra inferior, toxina botulínica | slide (p.5) | CONFIRMADO",
capsules/EISA_II/doencas_oculares_em_endocrinologia_oftalmopatia_de_graves_e_retinopatia_diabetica.md,11,Tratamento da proptose | Corticoide sistêmico (prednisolona 60-80 mg/dia); metilprednisolona EV para neuropatia óptica compressiva; radioterapia; descompressão cirúrgica | slide (p.5) | CONFIRMADO,
capsules/EISA_II/doencas_oculares_em_endocrinologia_oftalmopatia_de_graves_e_retinopatia_diabetica.md,12,Miopatia restritiva — frequência | 30-50% desenvolvem oftalmoplegia | slide (p.6) | CONFIRMADO,
capsules/EISA_II/doencas_oculares_em_endocrinologia_oftalmopatia_de_graves_e_retinopatia_diabetica.md,13,Ordem de comprometimento muscular | Elevação (reto inferior) → abdução (reto medial) → abaixamento (reto superior) → adução (reto lateral) | slide (p.6) | CONFIRMADO,
capsules/EISA_II/doencas_oculares_em_endocrinologia_oftalmopatia_de_graves_e_retinopatia_diabetica.md,14,Neuropatia óptica — mecanismo | Compressão do nervo óptico ou alteração do suprimento sanguíneo no ápice da órbita | slide (p.6-7) | CONFIRMADO,
capsules/EISA_II/doencas_oculares_em_endocrinologia_oftalmopatia_de_graves_e_retinopatia_diabetica.md,15,Tratamento da neuropatia óptica | Metilprednisolona + descompressão cirúrgica | slide (p.7) | CONFIRMADO,
capsules/EISA_II/doencas_oculares_em_endocrinologia_oftalmopatia_de_graves_e_retinopatia_diabetica.md,16,Diabetes — causa de cegueira | Causa mais frequente de cegueira em países industrializados (30%); 1-3% da população tem DM | slide (p.7) | CONFIRMADO,
capsules/EISA_II/doencas_oculares_em_endocrinologia_oftalmopatia_de_graves_e_retinopatia_diabetica.md,17,"Complicações oftalmológicas do DM | Retinopatia (70%), catarata, glaucoma, paralisia de nervos oculomotores, diminuição da sensibilidade corneana | slide (p.7) | CONFIRMADO",
capsules/EISA_II/doencas_oculares_em_endocrinologia_oftalmopatia_de_graves_e_retinopatia_diabetica.md,18,Retinopatia diabética — prevalência geral | Causa mais prevalente de cegueira legal entre 20-65 anos | slide (p.8) | CONFIRMADO,
capsules/EISA_II/doencas_oculares_em_endocrinologia_oftalmopatia_de_graves_e_retinopatia_diabetica.md,19,"Fator de risco — tempo de doença (DM insulino-dependente) | 2% em 2 anos; 98% em 15 anos; após 20 anos de RD, 56% têm RD grave e 21% edema macular | slide (p.8) | CONFIRMADO",
capsules/EISA_II/doencas_oculares_em_endocrinologia_oftalmopatia_de_graves_e_retinopatia_diabetica.md,20,"Outros fatores de risco | Controle metabólico inadequado, gestação, hipertensão, nefropatia, obesidade | slide (p.8) | CONFIRMADO",
capsules/EISA_II/doencas_oculares_em_endocrinologia_oftalmopatia_de_graves_e_retinopatia_diabetica.md,21,Primeiro achado da retinopatia | Microaneurisma | slide (p.10); ANOTAÇÕES | CONFIRMADO (A+B),
capsules/EISA_II/doencas_oculares_em_endocrinologia_oftalmopatia_de_graves_e_retinopatia_diabetica.md,22,Causa mais comum de déficit visual em diabéticos | Edema macular | ANOTAÇÕES (linha 64) | CONFIRMADO,
capsules/EISA_II/doencas_oculares_em_endocrinologia_oftalmopatia_de_graves_e_retinopatia_diabetica.md,23,Rastreio — quando iniciar | DM1: 5 anos após diagnóstico; DM2: no momento do diagnóstico; retinografia/angiografia anual | ANOTAÇÕES (linhas 47-51) | CONFIRMADO,
capsules/EISA_II/doencas_oculares_em_endocrinologia_oftalmopatia_de_graves_e_retinopatia_diabetica.md,24,"Triagem — critérios de encaminhamento | Revisão anual (FO normal ou RD leve); rotina (exsudatos duros ameaçando fóvea ou queda de AV); precoce (exsudatos/hemorragias dentro de 1 DD da fóvea, ou RD não proliferativa severa); urgente (RD proliferativa, hemorragia pré-retiniana, rubeosis/glaucoma, descolamento de retina) | ANOTAÇÕES (linhas 75-83) | CONFIRMADO",
capsules/EISA_II/doencas_oculares_em_endocrinologia_oftalmopatia_de_graves_e_retinopatia_diabetica.md,25,"Tratamento da maculopatia diabética | Fotocoagulação a laser: 70% mantêm AV estável, 15% melhoram, 5% deterioram; vitrectomia posterior se tração tangencial da hialoide; injeção intravítrea/subtenoniana de triancinolona; anti-angiogênico | slide (p.11-12) | CONFIRMADO",
capsules/EISA_II/doencas_oculares_em_endocrinologia_oftalmopatia_de_graves_e_retinopatia_diabetica.md,26,Retinopatia proliferativa — prevalência | 5-10% da população diabética; DM1: 60% de chance em 30 anos | slide (p.13) | CONFIRMADO,
capsules/EISA_II/doencas_oculares_em_endocrinologia_oftalmopatia_de_graves_e_retinopatia_diabetica.md,27,Tratamento da RD proliferativa | Laser (fotocoagulação) para induzir regressão dos neovasos | slide (p.13) | CONFIRMADO,
capsules/EISA_II/doencas_oculares_em_endocrinologia_oftalmopatia_de_graves_e_retinopatia_diabetica.md,28,"Doença ocular diabética avançada | Hemorragia (pré-retiniana/vítrea), descolamento de retina tracional, rubeosis iridis (glaucoma); tratamento: vitrectomia posterior (VPP) | slide (p.14) | CONFIRMADO",
capsules/EISA_II/doencas_oculares_em_endocrinologia_oftalmopatia_de_graves_e_retinopatia_diabetica.md,29,"Resultado visual pós-VPP | 70% melhora visual, 10% piora, restante sem alteração | slide (p.15) | CONFIRMADO",
capsules/EISA_II/doencas_paratireoides_hiperparatireoidismo_osteoporose.md,4,"T-score — normal | até -1,0 | slide Valéria p.24 | CONFIRMADO",
capsules/EISA_II/doencas_paratireoides_hiperparatireoidismo_osteoporose.md,5,"T-score — osteopenia | < -1,0 e > -2,5 | slide Valéria p.24 | CONFIRMADO",
capsules/EISA_II/doencas_paratireoides_hiperparatireoidismo_osteoporose.md,6,"T-score — osteoporose | ≤ -2,5 | slide Valéria p.24; slide Carla p.43 | CONFIRMADO",
capsules/EISA_II/doencas_paratireoides_hiperparatireoidismo_osteoporose.md,7,"T-score — osteoporose grave/estabelecida | ≤ -2,5 + ≥1 fratura de fragilidade | slide Valéria p.24 | CONFIRMADO",
capsules/EISA_II/doencas_paratireoides_hiperparatireoidismo_osteoporose.md,8,"Z-score — baixa massa óssea | < -2,0 (sem categoria ""osteopenia"") | slide Valéria p.27 | CONFIRMADO",
capsules/EISA_II/doencas_paratireoides_hiperparatireoidismo_osteoporose.md,9,"Z-score — osteoporose (pré-menopausa/<50a) | < -2,0 + fratura de fragilidade | slide Valéria p.27 | CONFIRMADO",
capsules/EISA_II/doencas_paratireoides_hiperparatireoidismo_osteoporose.md,10,"Densitometria — indicação por idade | mulher >65a e homem >70a, sempre | slide Valéria p.29; slide Carla p.44 | CONFIRMADO",
capsules/EISA_II/doencas_paratireoides_hiperparatireoidismo_osteoporose.md,11,"Densitometria — sítio especial | rádio 33% reservado para HPTP, obesos ou quando outros sítios indisponíveis | slide Valéria p.23; slide Carla p.45 | CONFIRMADO",
capsules/EISA_II/doencas_paratireoides_hiperparatireoidismo_osteoporose.md,12,"Cálcio corrigido pela albumina | Ca corrigido = Ca medido + 0,8 × (4 − albumina) | slide Valéria p.71; slide Carla p.17 | CONFIRMADO",
capsules/EISA_II/doencas_paratireoides_hiperparatireoidismo_osteoporose.md,13,HPTP — idade/sexo típicos | 40–65 anos; mulher:homem = 3:1 | slide Valéria p.52 | CONFIRMADO,
capsules/EISA_II/doencas_paratireoides_hiperparatireoidismo_osteoporose.md,14,HPTP — etiologia | adenoma solitário 85–90% (Valéria) / 90% (Carla); hiperplasia ~5%; carcinoma <1% | slide Valéria p.53; slide Carla p.16 | CONFIRMADO,
capsules/EISA_II/doencas_paratireoides_hiperparatireoidismo_osteoporose.md,15,"HPTP — critérios cirúrgicos (assintomático) | Ca sérico >1 mg/dL acima do LSN · T-score ≤-2,5 em coluna/quadril/antebraço · TFG ou ClCr <60 mL/min/1,73m² · idade <50 anos · nefrolitíase/nefrocalcinose (mesmo assintomática) · hipercalciúria | slide Valéria p.76 (imagem confirmada); slide Carla p.26 | CONFIRMADO",
capsules/EISA_II/doencas_paratireoides_hiperparatireoidismo_osteoporose.md,16,"HPTP — corte de hipercalciúria para cirurgia | >400 mg/24h (Valéria, sem distinção de sexo) **vs.** >250 mg/24h mulheres / >300 mg/24h homens (Carla) | slide Valéria p.76; slide Carla p.26 | CONFIRMADO_COM_DIVERGÊNCIA — duas fontes camada A discordam; confirmar qual a professora do período usa antes da prova",
capsules/EISA_II/doencas_paratireoides_hiperparatireoidismo_osteoporose.md,17,HPTP — sucesso da paratireoidectomia | queda >50% do cálcio em 12h | slide Carla p.28 | CONFIRMADO,
capsules/EISA_II/doencas_paratireoides_hiperparatireoidismo_osteoporose.md,18,"Suspeita de carcinoma de paratireoide | lesão palpável · PTH >1000 · cálcio >14 mg/dL · sintomas compressivos (rouquidão, paralisia de corda vocal) | slide Carla p.25 | CONFIRMADO",
capsules/EISA_II/doencas_paratireoides_hiperparatireoidismo_osteoporose.md,19,"Crise hipercalcêmica | cálcio sérico >14 mg/dL (VR 8,5–10,5); mais comum em carcinoma de paratireoide | slide Valéria p.69 | CONFIRMADO",
capsules/EISA_II/doencas_paratireoides_hiperparatireoidismo_osteoporose.md,20,Hipoparatireoidismo — diagnóstico | PTH indetectável ou inadequadamente baixo (<20 pg/mL) + cálcio baixo + fósforo alto | slide Valéria p.91 | CONFIRMADO,
capsules/EISA_II/doencas_paratireoides_hiperparatireoidismo_osteoporose.md,21,Hipoparatireoidismo pós-cirúrgico — preditor de permanência | PTH <10 pg/mL: maior risco de permanente · PTH >10: menor risco (mais provável transitório) | slide Carla p.35 | CONFIRMADO,
capsules/EISA_II/doencas_paratireoides_hiperparatireoidismo_osteoporose.md,22,Hipoparatireoidismo pós-cirúrgico — definição de permanente | persistência além de 1 ano | slide Carla p.35 | CONFIRMADO,
capsules/EISA_II/doencas_paratireoides_hiperparatireoidismo_osteoporose.md,23,"Hipocalcemia aguda — limiar para reposição IV | cálcio <7,5 mg/dL com sintomas graves (tetania, convulsão, laringo/broncoespasmo, bradicardia, QT longo, ICC) | slide Valéria p.94 | CONFIRMADO",
capsules/EISA_II/doencas_paratireoides_hiperparatireoidismo_osteoporose.md,24,Hipocalcemia aguda — ataque | 1–2 ampolas de gluconato de cálcio + 50–100 mL SG5% em 10–20 min (infusão rápida = risco de arritmia) | slide Valéria p.94 | CONFIRMADO,
capsules/EISA_II/doencas_paratireoides_hiperparatireoidismo_osteoporose.md,25,Osteoporose — pico de massa óssea | entre 20 e 30 anos | slide Valéria p.8 | CONFIRMADO,
capsules/EISA_II/doencas_paratireoides_hiperparatireoidismo_osteoporose.md,26,"Osteoporose — indicações de tratamento farmacológico | fratura por fragilidade · T-score ≤-2,5 (coluna, colo/fêmur total ou rádio 33%) · FRAX de alto risco sem fratura/osteoporose densitométrica | slide Valéria p.37 | CONFIRMADO",
capsules/EISA_II/doencas_paratireoides_hiperparatireoidismo_osteoporose.md,27,Vitamina D — deficiência/insuficiência | <20 ng/mL deficiência (reposição 50.000 UI/semana por 8 semanas) · 20–30 ng/mL insuficiência (manutenção 1000–2000 UI/dia); manter >30 ng/mL | slide Valéria p.40 | CONFIRMADO,
capsules/EISA_II/doencas_paratireoides_hiperparatireoidismo_osteoporose.md,28,"Bisfosfonato — duração de tratamento | via oral: 5 anos · via EV: 3 anos, antes de reavaliar ""drug holiday"" | slide Carla p.58 | CONFIRMADO",
capsules/EISA_II/doencas_paratireoides_hiperparatireoidismo_osteoporose.md,29,"Bisfosfonato — drug holiday | só existe para bisfosfonatos; se fratura prévia ou T-score ≤-2,5, prolongar (+5a oral / +3a EV) em vez de pausar | slide Carla p.59 | CONFIRMADO",
capsules/EISA_II/epilepsia_e_crises_epilepticas.md,4,"Definição de epilepsia (ILAE) | ≥2 crises não provocadas/reflexas com ≥24h de diferença, OU 1 crise não provocada/reflexa + probabilidade ≥60% de 2ª crise em 10 anos, OU diagnóstico de síndrome epiléptica | Slide p.3 | CONFIRMADO",
capsules/EISA_II/epilepsia_e_crises_epilepticas.md,5,"Classificação — última atualização | ILAE, 2017 | Slide p.8 (logo ILAE conferido em imagem) | CONFIRMADO",
capsules/EISA_II/epilepsia_e_crises_epilepticas.md,6,"Etiologias da epilepsia (categorias ILAE) | Desconhecida, estrutural, genética, infecciosa, imune, metabólica | Slide p.5-6 | CONFIRMADO",
capsules/EISA_II/epilepsia_e_crises_epilepticas.md,7,"Classificação das crises — eixos principais | Focal onset (aware/impaired awareness; motor: automatismos, atônica, clônica, espasmos, hipercinética, mioclônica, tônica; nonmotor: autonômica, parada comportamental, cognitiva, emocional, sensorial) / Generalized onset (motor: tônico-clônica, clônica, tônica, mioclônica e combinações, atônica, espasmos; nonmotor/ausência: típica, atípica, mioclônica, mioclonia palpebral) / Unknown onset | Slide p.10 (conferida em imagem) | CONFIRMADO",
capsules/EISA_II/epilepsia_e_crises_epilepticas.md,8,"Espectro provocada → não provocada | Crise provocada (DHE, hipoglicemia, sd. abstinência) / crise reflexa (hiperpneia, fotoestímulo) / crise aguda sintomática (encefalite, AVC agudo) / crise não provocada | Slide p.28 (conferida em imagem) | CONFIRMADO",
capsules/EISA_II/epilepsia_e_crises_epilepticas.md,9,"Conduta na 1ª crise | Provocada ou aguda sintomática → tratar a causa, sem droga anti-crise (ou droga anti-crise só por curto período); não provocada → avaliar critério de epilepsia: se não preenchido, alta sem droga; se preenchido, alta com droga | Slide p.29 (conferida em imagem) | CONFIRMADO",
capsules/EISA_II/epilepsia_e_crises_epilepticas.md,10,"EEG — sensibilidade | Anormal em ~90% dos pacientes com epilepsia; dá o diagnóstico na maioria dos casos | B p.2 | CONFIRMADO (fonte única, B)",
capsules/EISA_II/epilepsia_e_crises_epilepticas.md,11,"Eletrodos do EEG — nomenclatura | F=frontal, T=temporal, C=central, P=parietal, O=occipital; ímpares à esquerda, pares à direita | B p.2 | CONFIRMADO (fonte única, B)",
capsules/EISA_II/epilepsia_e_crises_epilepticas.md,12,"TC x RM na investigação | TC melhor para calcificação/hemorragia/osso (ex.: neurocisticercose); RM melhor para causa estrutural fina (ex.: esclerose mesial temporal, atrofia hipocampal em cortes coronais/FLAIR) | B p.2-3 | CONFIRMADO (fonte única, B)",
capsules/EISA_II/epilepsia_e_crises_epilepticas.md,13,"Crise febril | 3-5 anos de idade; condição benigna; geralmente resolve aos 8-9 anos | B p.1 | CONFIRMADO (fonte única, B)",
capsules/EISA_II/epilepsia_e_crises_epilepticas.md,14,1ª linha — crises focais | Carbamazepina / Oxcarbazepina | Slide p.30-31 (conferida em imagem) | CONFIRMADO,
capsules/EISA_II/epilepsia_e_crises_epilepticas.md,15,1ª linha — crises generalizadas | Ácido valproico | Slide p.30-31 (conferida em imagem) | CONFIRMADO,
capsules/EISA_II/epilepsia_e_crises_epilepticas.md,16,"Drogas de amplo espectro | Lamotrigina, Levetiracetam | Slide p.30-31 | CONFIRMADO",
capsules/EISA_II/epilepsia_e_crises_epilepticas.md,17,Efeito colateral — carbamazepina/oxcarbazepina | Hiponatremia; ruim para idosos | Slide p.31 (conferida em imagem) | CONFIRMADO,
capsules/EISA_II/epilepsia_e_crises_epilepticas.md,18,"Efeito colateral — fenitoína | Vertigem, risco de queda em idosos, interação medicamentosa | Slide p.31 | CONFIRMADO",
capsules/EISA_II/epilepsia_e_crises_epilepticas.md,19,"Efeito colateral — fenobarbital | Sonolência, irritabilidade, interação medicamentosa | Slide p.31 | CONFIRMADO",
capsules/EISA_II/epilepsia_e_crises_epilepticas.md,20,Efeito colateral — ácido valproico | Cuidado com função hepática; ruim para idosos | Slide p.31 | CONFIRMADO,
capsules/EISA_II/epilepsia_e_crises_epilepticas.md,21,Efeito colateral — lamotrigina | Risco de síndrome de Stevens-Johnson; exige introdução gradativa | Slide p.31 | CONFIRMADO,
capsules/EISA_II/epilepsia_e_crises_epilepticas.md,22,Efeito colateral — levetiracetam | Risco de depressão/psicose em até 10% | Slide p.31 | CONFIRMADO,
capsules/EISA_II/epilepsia_e_crises_epilepticas.md,23,Escolha em gestante | Levetiracetam ou lamotrigina; evitar ácido valproico | Slide p.32 (conferida em imagem) | CONFIRMADO,
capsules/EISA_II/epilepsia_e_crises_epilepticas.md,24,Escolha em idoso | Lamotrigina ou gabapentina; evitar carbamazepina/oxcarbazepina | Slide p.32 | CONFIRMADO,
capsules/EISA_II/epilepsia_e_crises_epilepticas.md,25,"Cuidado pré-concepcional | Ácido fólico 3 meses antes de engravidar; se engravidar sem planejar, NÃO interromper a medicação (risco da crise para o feto é maior que o risco da droga) | B p.7 | CONFIRMADO (fonte única, B)",
capsules/EISA_II/epilepsia_e_crises_epilepticas.md,26,Definição de status epilepticus | Crise epiléptica prolongada por falência dos mecanismos de cessação da crise ou de seu início; risco de injúria neuronal e alteração de redes neuronais a longo prazo | Slide p.33 (conferida em imagem) | CONFIRMADO,
capsules/EISA_II/epilepsia_e_crises_epilepticas.md,27,Status epilepticus — 0 a 5 min | Estabilização + SSVV + exame neurológico; ofertar O2; monitorizar; HGT (corrigir hipoglicemia); puncionar acesso venoso | Slide p.34 (conferida em imagem) | CONFIRMADO,
capsules/EISA_II/epilepsia_e_crises_epilepticas.md,28,"Status epilepticus — 5 a 20 min | Benzodiazepínico: midazolam 10 mg IM (5 mg se 13-40 kg), dose única; OU diazepam 0,2 mg/kg/dose (máx. 10 mg/dose), repete 1x | Slide p.34 (conferida em imagem) | CONFIRMADO",
capsules/EISA_II/epilepsia_e_crises_epilepticas.md,29,Status epilepticus — 20 a 40 min | Droga anti-crise: fenitoína 20 mg/kg EV (máx. 1500 mg) 1x; OU ácido valproico 40 mg/kg EV (máx. 3000 mg) 1x; OU levetiracetam 60 mg/kg EV (máx. 4500 mg) 1x; OU fenobarbital 15 mg/kg EV 1x | Slide p.35 (conferida em imagem) | CONFIRMADO,
capsules/EISA_II/epilepsia_e_crises_epilepticas.md,30,Status epilepticus — 40 a 60 min | Repetir passo anterior OU doses anestésicas de tiopental/midazolam/pentobarbital/propofol (sem evidência clara de superioridade) | Slide p.35 (conferida em imagem) | CONFIRMADO,
capsules/EISA_II/epilepsia_e_crises_epilepticas.md,31,"Prognóstico do tratamento crônico | 70% dos pacientes controlados por medicação; destes, 40% conseguem retirar a droga após 3-5 anos | B p.6 | CONFIRMADO (fonte única, B)",
capsules/EISA_II/epilepsia_e_crises_epilepticas.md,32,"Cirurgia — tipos | Ressecção (temporal ou extratemporal), calosotomia, hemisferectomia | B p.6-7 | CONFIRMADO (fonte única, B)",
capsules/EISA_II/epilepsia_e_crises_epilepticas.md,33,"Cirurgia — taxa de cura | 40-60% em média, a depender do tipo; até 80% na epilepsia do lobo temporal por esclerose mesial temporal | B p.7 | CONFIRMADO (fonte única, B)",
capsules/EISA_II/epilepsia_e_crises_epilepticas.md,34,"Critério para dirigir (categoria B) | 1 ano sem crise em uso regular de medicação com plena adesão; ou 2 anos sem crise (exceto epilepsia mioclônica juvenil); ou 6 meses sem crise após retirada da medicação | B p.7 | CONFIRMADO (fonte única, B)",
capsules/EISA_II/epilepsia_e_crises_epilepticas.md,35,"Pseudocrises | 20-25% dos casos; evento não epiléptico; sugerido por duração >2min, olhos abertos, continência urinária, ausência de mordedura real de língua, resistência a abrir os olhos passivamente; EEG normal | B p.5-6 | CONFIRMADO (fonte única, B)",
capsules/EISA_II/erisipela.md,4,"Agente etiológico principal | *Streptococcus pyogenes* beta-hemolítico do grupo A, ~67% dos casos | resumo edine ERISIPELA (p. 2); resumed saúde do adulto 2 (p. ~226) | CONFIRMADO (convergência de 2 fontes independentes)",
capsules/EISA_II/erisipela.md,5,"Segundo agente | *Streptococcus agalactiae*, ~9% | resumo edine ERISIPELA (p. 2) | CONFIRMADO",
capsules/EISA_II/erisipela.md,6,"Tto forma simples (ambulatorial) | Penicilina G benzatina 1.200.000 U IM a cada 3 dias, total de 4 injeções | 3 fontes convergentes (Erisipela III unidade p.4; resumo edine p.2; APOSTILA p.246) | CONFIRMADO",
capsules/EISA_II/erisipela.md,7,Tto forma bolhosa/necrosante (internação) | Penicilina cristalina 5.000.000 U EV 6/6h por 7 dias | 3 fontes convergentes | CONFIRMADO,
capsules/EISA_II/erisipela.md,8,Alergia a penicilina — forma simples | Eritromicina 500 mg VO 12/12h | Erisipela III unidade (p.4); resumo edine (p.2) | CONFIRMADO,
capsules/EISA_II/erisipela.md,9,Alergia a penicilina — forma grave | Clindamicina 600 mg EV 6/6h | Erisipela III unidade (p.4); resumo edine (p.2) | CONFIRMADO,
capsules/EISA_II/erisipela.md,10,"Antifúngico para porta de entrada | Cetoconazol 200 mg VO 1x/dia após almoço, 10 dias | Erisipela III unidade (p.4); APOSTILA (p.246) | CONFIRMADO",
capsules/EISA_II/erisipela.md,11,"Critério de profilaxia | Penicilina benzatina IM a cada 21 dias, ~1 ano, em recorrência frequente | Erisipela III unidade (p.4, ""recorrência em curto espaço de tempo""); resumo edine (p.2, ""outro episódio em 30 dias"" → mensal x6 meses); APOSTILA (p.246, "">6 episódios anuais"") | CORRIGIDO — as 3 fontes B divergem no limiar exato (curto prazo genérico / recidiva em 30 dias / ≥6 episódios/ano); prevalece a maioria (APOSTILA + Erisipela III unidade convergem em ""recorrência frequente/anual""): usar ≥6 episódios/ano como o critério mais citado, mas registrar a divergência ao aluno",
capsules/EISA_II/erisipela.md,12,"Causa mundial nº1 de linfedema | Erisipela (repetição) | resumed saúde do adulto 2 (p. ~226) | CONFIRMADO — rotulado ""conhecimento geral"" quanto à extrapolação ""mundial"", pois a fonte é aula de graduação, não epidemiologia formal",
capsules/EISA_II/erisipela.md,13,"Localização mais comum | Membros inferiores, ~90% dos casos | resumo edine ERISIPELA (p.2) | CONFIRMADO",
capsules/EISA_II/esclerose_multipla_e_doencas_desmielinizantes.md,4,Epidemiologia da EM | Mundo: 180:100.000 habitantes; Brasil: 1 a 15:100.000; sexo feminino 3:1; caucasianos; 20-40 anos; herança poligênica (MHC) aumenta 4x o risco | DOENC_AS_DESMIELINIZANTES pptx p.4 | CONFIRMADO,
capsules/EISA_II/esclerose_multipla_e_doencas_desmielinizantes.md,5,"Critérios PCDT/McDonald adaptados (Tabela 1) | (A) ≥2 surtos + evidência clínica de ≥2 lesões → nenhum dado adicional necessário (apenas 1-2 lesões sugestivas à RM já bastam). (B) ≥2 surtos + evidência de 1 lesão → precisa demonstrar disseminação no espaço (critérios de Barkhoff: ≥3 de 4 características, OU RM com 2 lesões típicas + bandas oligoclonais no LCR). (C) 1 surto + evidência de 2 lesões → precisa demonstrar disseminação no tempo (RM após 3 meses com lesão nova, ou lesão antiga captando gadolínio). (D) 1 surto + evidência de 1 lesão → precisa demonstrar disseminação no espaço E no tempo | DOENC_AS_DESMIELINIZANTES pptx p.24 (tabela fotografada do PCDT/MS) | CONFIRMADO",
capsules/EISA_II/esclerose_multipla_e_doencas_desmielinizantes.md,6,Duração mínima de um surto | 24 horas (sintomas mais curtos provavelmente não representam lesão nova) | APOSTILA p.69-70 | CONFIRMADO,
capsules/EISA_II/esclerose_multipla_e_doencas_desmielinizantes.md,7,"Manejo do surto (Consenso Brasileiro, Fig.3) | Leve: metilprednisolona VO ou IV, 1 g/dia por 3-5 dias. Moderado/grave: metilprednisolona IV, 1 g/dia por 3-5 dias. Resposta parcial: novo curso de metilprednisolona IV 1-2 g/dia por 3-5 dias. Sem resposta/efeitos intoleráveis OU contraindicação a corticoide: plasmaférese (5-7 sessões) ou imunoglobulina IV (2 g/kg em 2-5 dias) | DOENC_AS_DESMIELINIZANTES pptx p.36 (fluxograma fotografado) | CONFIRMADO",
capsules/EISA_II/esclerose_multipla_e_doencas_desmielinizantes.md,8,"Terapia modificadora de doença por fenótipo (Consenso Brasileiro, Fig.2) | CIS baixo risco: sem tratamento. CIS alto risco/EM-RR baixa-moderada atividade: interferons beta 1a/1b, dimetilfumarato, glatirâmer, peg-interferon, teriflunomida. EM-RR alta atividade: alentuzumabe, cladribina*, fingolimode, natalizumabe, ocrelizumabe. SPMS não ativa: sem tratamento. EMPP: ocrelizumabe. Alternativas: TCTH autólogo, ciclofosfamida*, IVIG*, mitoxantrona*, rituximabe* (*não aprovados pela ANVISA para EM) | DOENC_AS_DESMIELINIZANTES pptx p.38 (figura fotografada, Arq Neuropsiquiatr 2018;76(8):539-554) | CONFIRMADO",
capsules/EISA_II/esclerose_multipla_e_doencas_desmielinizantes.md,9,Critérios de Wingerchuk 2006 (NMO/Devic) | Absolutos (ambos obrigatórios): neurite óptica + mielite aguda. Suporte (≥2 de 3): RM encefálica negativa no início; RM medular com sinal T2 anormal em ≥3 segmentos vertebrais contíguos; IgG-NMO (anti-AQP4) positivo | DOENC_AS_DESMIELINIZANTES pptx p.70 | CONFIRMADO,
capsules/EISA_II/esclerose_multipla_e_doencas_desmielinizantes.md,10,"Anticorpo anti-AQP4 (NMO-IgG) — desempenho | 91% especificidade, 73% sensibilidade | DOENC_AS_DESMIELINIZANTES pptx (texto nativo) | CONFIRMADO",
capsules/EISA_II/esclerose_multipla_e_doencas_desmielinizantes.md,11,Devic — tratamento do surto | Pulsoterapia com solumedrol 3-5 g; plasmaférese 6-8 ciclos; imunoglobulina | DOENC_AS_DESMIELINIZANTES pptx (texto nativo) | CONFIRMADO,
capsules/EISA_II/esclerose_multipla_e_doencas_desmielinizantes.md,12,"ADEM — conceito e epidemiologia | Doença inflamatória difusa do SNC, MONOFÁSICA, geralmente pós-infecção ou pós-vacinação; idade média 7 anos em crianças (3% dos casos em adultos); relação homem:mulher 1,3:1 | DOENC_AS_DESMIELINIZANTES pptx (texto nativo) | CONFIRMADO",
capsules/EISA_II/esclerose_multipla_e_doencas_desmielinizantes.md,13,"ADEM — tratamento | Metilprednisolona 20-30 mg/kg/dia OU 1 g/dia (se >30kg) por 3-5 dias, seguida de corticoide VO por 1-6 semanas; sem estudos controlados — relatos de remissão espontânea; alternativas: imunoglobulina, plasmaférese | DOENC_AS_DESMIELINIZANTES pptx (texto nativo) | CONFIRMADO",
capsules/EISA_II/esclerose_multipla_e_doencas_desmielinizantes.md,14,"ADEM x EM na RM (discriminador evolutivo) | ADEM: lesões indistinguíveis de EM numa RM isolada, mas tendem à resolução quase completa em exames seriados. EM: aumento progressivo do número de lesões, sem desaparecimento das anteriores | DOENC_AS_DESMIELINIZANTES pptx (texto nativo) | CONFIRMADO",
capsules/EISA_II/estado_de_mal_epileptico_sequencia_doses.md,4,"início do tratamento | crise tônico-clônica aos 5 min | ILAE 2026, Early SE | CURRENT_VERIFIED",
capsules/EISA_II/estado_de_mal_epileptico_sequencia_doses.md,5,"repetição do benzodiazepínico | uma vez após 5–10 min | ILAE 2026, Early SE | CURRENT_VERIFIED",
capsules/EISA_II/estado_de_mal_epileptico_sequencia_doses.md,6,fosfenitoína | 30 mg PE/kg no pocket card; 20 mg PE/kg no ESETT | ILAE 2026 / ESETT Methods | PROTOCOL_DEPENDENT,
capsules/EISA_II/estado_de_mal_epileptico_sequencia_doses.md,7,"fila histórica de quatro degraus | consta no slide, não é universal hoje | slide 2024 / ILAE 2026 | HISTORICAL_ONLY",
capsules/EISA_II/farmacologia_dislipidemias.md,4,"Estatinas — efeito geral | LDL ↓20–55%, TG ↓8–34%, HDL ↑2–10% | P7_FAMENE_FARMACOLOGIA_DAS_DISLIPIDEMIAS_2025 p.35 (Table 48.9) | CONFIRMADO",
capsules/EISA_II/farmacologia_dislipidemias.md,5,Rosuvastatina 40 mg / Atorvastatina 80 mg | ↓LDL 55% / ↓LDL 51% (maiores potências da tabela) | idem p.35 | CONFIRMADO,
capsules/EISA_II/farmacologia_dislipidemias.md,6,"Ezetimiba — efeito | LDL-C ↓20%, TG ↓8%, HDL-C ↑3%; VO 1x/dia | idem p.37 | CONFIRMADO",
capsules/EISA_II/farmacologia_dislipidemias.md,7,"Ezetimiba — efeitos colaterais | Cefaleia, diarreia, dor abdominal | idem p.37 | CONFIRMADO",
capsules/EISA_II/farmacologia_dislipidemias.md,8,Ácido bempedoico | LDL-C ↓30% (mono); ↓50% (+ ezetimiba); pró-fármaco ativado só no fígado (menor miopatia) | idem p.39–40 | CONFIRMADO,
capsules/EISA_II/farmacologia_dislipidemias.md,9,"Ácido bempedoico — efeitos adversos | ↑ácido úrico, gota, colelitíase | idem p.40 | CONFIRMADO",
capsules/EISA_II/farmacologia_dislipidemias.md,10,"Lomitapida | VO, dose inicial 5 mg/dia, manutenção 5–60 mg/dia; ↓50% LDL em HoHF; só em HF Homozigótica, associar a estatina | idem p.41 | CONFIRMADO",
capsules/EISA_II/farmacologia_dislipidemias.md,11,"Colestiramina (resina) | Envelopes 4 g, 1–2x/dia; ↓LDL-C 12–18%; indicada em crianças e gestantes | idem p.43 | CONFIRMADO",
capsules/EISA_II/farmacologia_dislipidemias.md,12,Fibratos — doses | Genfibrozila 600–900 mg 2x/dia; Bezafibrato 200–400 mg 2–3x/dia; Ciprofibrato 100 mg 1x/dia; Fenofibrato 200–250 mg 1x/dia | idem p.45 | CONFIRMADO,
capsules/EISA_II/farmacologia_dislipidemias.md,13,Fibratos — efeitos | TG ↓30–50% (droga de escolha se TG>500); HDL ↑5–30%; 2ª geração LDL ↓15–20%; 1ª geração LDL inalterado ou ↑10% | idem p.46 | CONFIRMADO,
capsules/EISA_II/farmacologia_dislipidemias.md,14,Fibrato + estatina | Fenofibrato = associação mais segura; genfibrozila ↓metabolismo das estatinas e ↑risco de miopatia | idem p.45 | CONFIRMADO,
capsules/EISA_II/farmacologia_dislipidemias.md,15,Inibidores de PCSK9 (anticorpo monoclonal) | Alirocumabe/Evolocumabe SC 1x/15 dias (evolocumabe também 1x/mês) | idem p.49–50 | CONFIRMADO,
capsules/EISA_II/farmacologia_dislipidemias.md,16,"Inibidores de PCSK9 — efeitos | LDL ↓60% (mono), ↓73% (+estatina); TG ↓26%; HDL ↑9%; Lp(a) ↓30–40% | idem p.51 | CONFIRMADO",
capsules/EISA_II/farmacologia_dislipidemias.md,17,Inclisiran | siRNA anti-PCSK9 mRNA; SC 1x/6 meses; ↓52% LDLc; estudo ORION-1 | idem p.54 | CONFIRMADO,
capsules/EISA_II/farmacologia_dislipidemias.md,18,"Ômega-3 | Dose 2,4 g/dia; estudo ORIGIN não mostrou redução adicional de DCVAS vs estatina isolada | idem p.31 | CONFIRMADO",
capsules/EISA_II/farmacologia_dislipidemias.md,19,Ácido nicotínico | 2 grandes ensaios sem benefício e mais eventos adversos; não aprovado atualmente na Europa | idem p.32 | CONFIRMADO,
capsules/EISA_II/farmacoterapia_convulsoes_mecanismo_escolha.md,4,Definição de convulsão vs epilepsia | Convulsão: episódio limitado de disfunção cerebral por descarga anormal; epilepsia: distúrbio crônico de crises recorrentes | FAMENE_FARMACOTERAPIA_DAS_CONVULSO_ES_2024_2 p.2 | CONFIRMADO,
capsules/EISA_II/farmacoterapia_convulsoes_mecanismo_escolha.md,5,Crise parcial simples | Consciência preservada; contração de 1 membro (~1 min); fraqueza muscular (15-30 min) | idem p.6 | CONFIRMADO,
capsules/EISA_II/farmacoterapia_convulsoes_mecanismo_escolha.md,6,"Crise parcial complexa | Descarga disseminada; comprometimento da consciência; olhar fixo, pode cambalear e cair | idem p.6 | CONFIRMADO",
capsules/EISA_II/farmacoterapia_convulsoes_mecanismo_escolha.md,7,"Crise de ausência | Início súbito, cessação abrupta (~10s); contração de pálpebras/membros; pode ocorrer várias vezes ao dia | idem p.7 | CONFIRMADO",
capsules/EISA_II/farmacoterapia_convulsoes_mecanismo_escolha.md,8,Crise tônico-clônica | Fase tônica → fase clônica → fase de relaxamento | idem p.7 | CONFIRMADO,
capsules/EISA_II/farmacoterapia_convulsoes_mecanismo_escolha.md,9,"Bloqueadores de canal Na+ | Fenitoína, carbamazepina, lamotrigina, oxcarbazepina, topiramato, valproato | idem p.13 | CONFIRMADO",
capsules/EISA_II/farmacoterapia_convulsoes_mecanismo_escolha.md,10,"Bloqueadores de canal Ca2+ (tipo T) | Lamotrigina, ácido valproico, gabapentina, etossuximida | idem p.14 | CONFIRMADO",
capsules/EISA_II/farmacoterapia_convulsoes_mecanismo_escolha.md,11,"Moduladores alostéricos GABA-A | Benzodiazepínicos, fenobarbital, primidona, topiramato | idem p.15 | CONFIRMADO",
capsules/EISA_II/farmacoterapia_convulsoes_mecanismo_escolha.md,12,Inibidores de captação/transaminase GABA | Tiagabina (captação); vigabatrina e valproato (transaminase) | idem p.16 | CONFIRMADO,
capsules/EISA_II/farmacoterapia_convulsoes_mecanismo_escolha.md,13,Antagonista NMDA | Felbamato — retarda epileptogênese | idem p.17 | CONFIRMADO,
capsules/EISA_II/farmacoterapia_convulsoes_mecanismo_escolha.md,14,"Fenitoína — efeitos EV | Arritmia cardíaca, depressão do SNC | idem p.19 | CONFIRMADO",
capsules/EISA_II/farmacoterapia_convulsoes_mecanismo_escolha.md,15,"Fenitoína — efeitos orais | Nistagmo, diplopia, ataxia, hirsutismo, hiperplasia gengival, osteomalacia com hipocalcemia | idem p.19 | CONFIRMADO",
capsules/EISA_II/farmacoterapia_convulsoes_mecanismo_escolha.md,16,"Carbamazepina | Relação linear dose-nível sérico; diplopia, ataxia, leucopenia, anemia aplásica, hepatotoxicidade | idem p.20 | CONFIRMADO",
capsules/EISA_II/farmacoterapia_convulsoes_mecanismo_escolha.md,17,"Valproato — efeitos indesejáveis | Anorexia, náuseas, vômito; insuficiência hepática fatal (rara); risco ↑ em crianças <2 anos e politerapia | idem p.22 | CONFIRMADO",
capsules/EISA_II/farmacoterapia_convulsoes_mecanismo_escolha.md,18,"Etossuximida | Inibe canal Ca2+ tipo T; indicação = crises de ausência; náuseas, anorexia, letargia, tontura | idem p.27 | CONFIRMADO",
capsules/EISA_II/farmacoterapia_convulsoes_mecanismo_escolha.md,19,"Lamotrigina | Mecanismo semelhante a carbamazepina/fenitoína, espectro mais amplo; risco de exantema (maior em crianças) podendo evoluir a Stevens-Johnson | idem p.28 | CONFIRMADO",
capsules/EISA_II/farmacoterapia_convulsoes_mecanismo_escolha.md,20,"Topiramato | Bloqueio Na+/K+, potencialização GABAérgica, bloqueio AMPA; glaucoma agudo de ângulo fechado; contraindicado em glaucoma ou cálculo renal | idem p.29 | CONFIRMADO",
capsules/EISA_II/farmacoterapia_convulsoes_mecanismo_escolha.md,21,"Fármacos com mais interações medicamentosas | Fenitoína, fenobarbital, carbamazepina, oxcarbazepina, topiramato | idem p.30 | CONFIRMADO",
capsules/EISA_II/farmacoterapia_convulsoes_mecanismo_escolha.md,22,"Fármacos com menos interações | Gabapentina, pregabalina, tiagabina, levetiracetam | idem p.30 | CONFIRMADO",
capsules/EISA_II/farmacoterapia_convulsoes_mecanismo_escolha.md,23,"Contraindicação em arritmia cardíaca | Não usar fenitoína, carbamazepina, oxcarbazepina e lamotrigina | idem p.32 | CONFIRMADO",
capsules/EISA_II/farmacoterapia_convulsoes_mecanismo_escolha.md,24,"Crises parciais/tônico-clônicas — terapia clássica | Carbamazepina, valproato, fenitoína, barbitúricos | idem p.33 | CONFIRMADO",
capsules/EISA_II/farmacoterapia_convulsoes_mecanismo_escolha.md,25,"Crises parciais/tônico-clônicas — terapia atual | Limitar sedativos (barbitúricos/benzodiazepínicos); preferir fármacos mais novos (lamotrigina, oxcarbazepina, topiramato, gabapentina, vigabatrina, clobazam, levetiracetam) | idem p.33 | CONFIRMADO",
capsules/EISA_II/farmacoterapia_convulsoes_mecanismo_escolha.md,26,"Crise de ausência — fármacos | Etossuximida, valproato, clonazepam | idem p.34 | CONFIRMADO",
capsules/EISA_II/farmacoterapia_convulsoes_mecanismo_escolha.md,27,"Crise mioclônica — fármacos | Valproato, levetiracetam | idem p.34 | CONFIRMADO",
capsules/EISA_II/farmacoterapia_convulsoes_mecanismo_escolha.md,28,"Crise atônica — fármacos | Valproato, lamotrigina | idem p.34 | CONFIRMADO",
capsules/EISA_II/farmacoterapia_diabetes_i_nao_secretagogos.md,4,"Metformina — apresentações | Cp 500/850/1000 mg; XR 500 mg (liberação controlada, melhor tolerada) | P7_FAMENE_FARMACOTERAPIA_DO_DIABETES_2025_1_1a_aula p.40 | CONFIRMADO",
capsules/EISA_II/farmacoterapia_diabetes_i_nao_secretagogos.md,5,"Metformina — ajuste renal | Reduzir 50% (máx 1 g/dia) se TFG 30–45 mL/min/1,73m²; suspender se TFG<30 (risco de acidose láctica) | idem p.52 (Diretriz SBD 2024) | CONFIRMADO",
capsules/EISA_II/farmacoterapia_diabetes_i_nao_secretagogos.md,6,Metformina — efeitos na glicemia | ↓glicemia de jejum 20–30%; ↓pós-prandial 30–40%; ↓HbA1c 1–2% (valor absoluto) | idem p.45 | CONFIRMADO,
capsules/EISA_II/farmacoterapia_diabetes_i_nao_secretagogos.md,7,Metformina — efeitos indesejáveis | Diarreia/náusea/vômito (mais comuns); ↓absorção B12 (raro); acidose láctica (baixa incidência) | idem p.49 | CONFIRMADO,
capsules/EISA_II/farmacoterapia_diabetes_i_nao_secretagogos.md,8,"Pioglitazona — apresentação | Cp 15/30/45 mg, 1x/dia | idem p.53 | CONFIRMADO",
capsules/EISA_II/farmacoterapia_diabetes_i_nao_secretagogos.md,9,"Glitazona — vantagens | ↓glicemia jejum 35–65 mg/dL; ↓HbA1c 0,5–1,4%; ↓espessamento mediointimal carotídeo; ↓TG; raramente hipoglicemia | idem p.55 | CONFIRMADO",
capsules/EISA_II/farmacoterapia_diabetes_i_nao_secretagogos.md,10,Glitazona — efeitos indesejáveis | ↑peso 2–3 kg (dobra com insulina); edema; ↑risco ICC; ↑fraturas em mulheres; câncer de bexiga; evitar se TFG<15 | idem p.57 | CONFIRMADO,
capsules/EISA_II/farmacoterapia_diabetes_i_nao_secretagogos.md,11,"Glitazona — contraindicações | Hepatopatia grave, alcoolismo, gestação, IC sintomática classes III–IV | idem p.58 | CONFIRMADO",
capsules/EISA_II/farmacoterapia_diabetes_i_nao_secretagogos.md,12,iSGLT2 — fármacos e doses | Dapagliflozina 10 mg 1x/dia; Empagliflozina 10–25 mg 1x/dia; Canagliflozina 100–300 mg 1x/dia | idem p.59 | CONFIRMADO,
capsules/EISA_II/farmacoterapia_diabetes_i_nao_secretagogos.md,13,"iSGLT2 — efeitos | ↓HbA1c 0,7–1,0%; ↓2–4 kg peso; ↓2–5 mmHg PAS; glicosúria 50–100g/dia; baixo risco de hipoglicemia | idem p.62 | CONFIRMADO",
capsules/EISA_II/farmacoterapia_diabetes_i_nao_secretagogos.md,14,iSGLT2 — desfechos CV | ↓morte cardiovascular 38%; ↓hospitalização por IC 35%; ↓morte por qualquer causa 32% | idem p.63 | CONFIRMADO,
capsules/EISA_II/farmacoterapia_diabetes_i_nao_secretagogos.md,15,"iSGLT2 — efeitos indesejáveis | ITU/genital fúngica e bacteriana; cetoacidose diabética (a longo prazo, inclusive euglicêmica); contraindicado em IR grave | idem p.66 | CONFIRMADO",
capsules/EISA_II/farmacoterapia_diabetes_i_nao_secretagogos.md,16,iSGLT2 — cortes renais por fármaco | Dapagliflozina: exp. limitada TFG<25; Empagliflozina: TFG<30; Canagliflozina: TFG<35 | idem p.37 (tabela renal SBD 2024) | CONFIRMADO,
capsules/EISA_II/farmacoterapia_diabetes_i_nao_secretagogos.md,17,"Acarbose — apresentação e mecanismo | Cp 50/100 mg, 3x/dia; inibe α-glicosidase → retarda absorção de glicose | idem p.67–68 | CONFIRMADO",
capsules/EISA_II/farmacoterapia_diabetes_i_nao_secretagogos.md,18,"Acarbose — efeitos | ↓glicemia jejum 20–30 mg/dL (slide grafa ""g/dL"", provável erro de digitação); ↓HbA1c 0,5–0,8%; não aumenta peso; indicação principal: hiperglicemia pós-prandial com jejum normal | idem p.69 | CORRIGIDO (unidade do slide provavelmente errada; valor mantido, unidade assumida mg/dL)",
capsules/EISA_II/farmacoterapia_diabetes_i_nao_secretagogos.md,19,"Acarbose — efeitos indesejáveis | Diarreia, flatulência, dor abdominal | idem p.69 | CONFIRMADO",
capsules/EISA_II/farmacoterapia_diabetes_i_nao_secretagogos.md,20,Acarbose — corte renal | Evitar se TFG<45 | idem p.37 | CONFIRMADO,
capsules/EISA_II/farmacoterapia_diabetes_i_nao_secretagogos.md,21,"DM2 + ASCVD | AR GLP-1 ou iSGLT2 recomendados como 1ª linha para reduzir eventos e mortalidade CV, independente da HbA1c | idem p.36 | CONFIRMADO",
capsules/EISA_II/farmacoterapia_diabetes_ii_secretagogos.md,4,"Sulfonilureias — efeito geral | ↓glicemia jejum 60–70 mg/dL; ↓HbA1c 1,5–2,0%; ↓risco de complicações microvasculares | P7_FAMENE_FARMACOTERAPIA_DO_DIABETES_2025_1_2a_aula p.8 | CONFIRMADO",
capsules/EISA_II/farmacoterapia_diabetes_ii_secretagogos.md,5,"Clorpropamida (1ª geração) | Cp 250 mg, dose inicial 250 mg/dia (1x/dia); duração >48h (↑risco de hipoglicemia/coma); favorece ganho de peso; não protege contra retinopatia | idem p.9 | CONFIRMADO",
capsules/EISA_II/farmacoterapia_diabetes_ii_secretagogos.md,6,"Glibenclamida (2ª geração) | Cp 5 mg, dose inicial 2,5–5 mg/dia (1–3x/dia); evitar em IR e idosos; maior risco de hipoglicemia grave; ↑peso 1,7 kg | idem p.10 | CONFIRMADO",
capsules/EISA_II/farmacoterapia_diabetes_ii_secretagogos.md,7,"Glimepirida (2ª geração) | Cp 1/2/3/4/6 mg, dose inicial 1 mg/dia (1x/dia); baixo potencial de hipoglicemia, segura em idosos; ↑peso 4,0 kg (o maior da classe, apesar do baixo risco de hipoglicemia) | idem p.10 | CONFIRMADO",
capsules/EISA_II/farmacoterapia_diabetes_ii_secretagogos.md,8,"Gliclazida (2ª geração) | Cp 30/60/80 mg, dose inicial 80–160 mg/dia (1x/dia); maior seletividade β-pancreática, não interfere em KATP cardíaco, menor hipoglicemia, ação antioxidante, menor ganho de peso (0,7 kg); mais indicada em IR | idem p.10 | CONFIRMADO",
capsules/EISA_II/farmacoterapia_diabetes_ii_secretagogos.md,9,Sulfonilureias — efeitos indesejáveis | Hipoglicemia; ↑peso 1–4 kg; náuseas/vômitos; hipersensibilidade | idem p.11 | CONFIRMADO,
capsules/EISA_II/farmacoterapia_diabetes_ii_secretagogos.md,10,Sulfonilureias — contraindicações | Gravidez (exceto glibenclamida); lactação (exceto glibenclamida e glipizida); insuficiência hepática ou renal significativa | idem p.13 | CONFIRMADO,
capsules/EISA_II/farmacoterapia_diabetes_ii_secretagogos.md,11,"Meglitinidas (repaglinida/nateglinida) | Repaglinida cp 0,5/1/2 mg; início 1x/dia, ajustar para 3x/dia após 15 dias | idem p.14 | CONFIRMADO",
capsules/EISA_II/farmacoterapia_diabetes_ii_secretagogos.md,12,"Meglitinidas vs sulfonilureia | ↑peso; hipoglicemia (menor que SU); ↓glicemia jejum 20–30 mg/dL; ↓HbA1c 1,0–1,5%; maior frequência de uso; custo maior | idem p.15 | CONFIRMADO",
capsules/EISA_II/farmacoterapia_diabetes_ii_secretagogos.md,13,"Linagliptina | Cp 5 mg, 1x/dia; ÚNICO iDPP-4 sem necessidade de ajuste renal (excreção biliar) | idem p.24 | CONFIRMADO",
capsules/EISA_II/farmacoterapia_diabetes_ii_secretagogos.md,14,Sitagliptina/Vildagliptina/Saxagliptina/Alogliptina | Todos exigem ajuste de dose em insuficiência renal | idem p.24 | CONFIRMADO,
capsules/EISA_II/farmacoterapia_diabetes_ii_secretagogos.md,15,Saxagliptina e alogliptina | ↑internações por IC (estudo SAVOR-TIMI) | idem p.24 | CONFIRMADO,
capsules/EISA_II/farmacoterapia_diabetes_ii_secretagogos.md,16,"iDPP-4 — efeito geral | ↑>2x GIP/GLP-1 plasmáticos; ↓HbA1c ~0,8% (associado a metformina/TZD/SU: ↓adicional ~0,5%); mínimo risco de hipoglicemia | idem p.21 | CONFIRMADO",
capsules/EISA_II/farmacoterapia_diabetes_ii_secretagogos.md,17,"iDPP-4 — atenção | Sem efeito direto sobre sensibilidade à insulina, motilidade gástrica ou saciedade; efeito neutro sobre peso; NÃO melhoraram desfechos cardiovasculares | idem p.23 | CONFIRMADO",
capsules/EISA_II/farmacoterapia_diabetes_ii_secretagogos.md,18,"GLP-1 RA — efeito geral | ↓HbA1c 0,5–1,86%; SC (canetas); perfil de segurança semelhante entre fármacos da classe | idem p.26 | CONFIRMADO",
capsules/EISA_II/farmacoterapia_diabetes_ii_secretagogos.md,19,"GLP-1 RA — benefício CV comprovado | Liraglutida (SC, Victoza/Saxenda, 1,2–1,8mg 1x/dia): SIM; Semaglutida SC (Ozempic/Wegovy, 0,25–1mg/semana): SIM; Dulaglutida (Trulicity, 1,5mg/semana): SIM; Exenatida (Byetta, 5μg 2x/dia): NÃO; Lixisenatida (Lyxumia, 20μg 1x/dia): NÃO; Semaglutida VO (Rybelsus, 14mg 1x/dia): NÃO; Exenatida ER (Bydureon, 2mg/semana): NÃO | idem p.31 | CONFIRMADO",
capsules/EISA_II/farmacoterapia_diabetes_ii_secretagogos.md,20,Wegovy | Aprovado apenas para perda de peso (17% em 1 ano e 4 meses) | idem p.31 | CONFIRMADO,
capsules/EISA_II/farmacoterapia_diabetes_ii_secretagogos.md,21,"Agonistas duais GLP-1/GIP (tirzepatida) | ↓HbA1c 2,0–2,3% (maior redução que GLP-1 RA isolado); SC, perfil de segurança semelhante entre a classe | idem p.36 | CONFIRMADO",
capsules/EISA_II/glaucoma_e_catarata.md,4,Definição de glaucoma | PIO suficientemente elevada para causar dano ao nervo óptico | resumed saúde do adulto 2 (p.~229) | CONFIRMADO,
capsules/EISA_II/glaucoma_e_catarata.md,5,Segmento acometido — glaucoma | Posterior (nervo óptico) | resumed saúde do adulto 2 (p.~229) | CONFIRMADO,
capsules/EISA_II/glaucoma_e_catarata.md,6,Segmento acometido — catarata | Anterior (cristalino) | resumed saúde do adulto 2 (p.~229) | CONFIRMADO,
capsules/EISA_II/glaucoma_e_catarata.md,7,Fator de risco principal para glaucoma | Hipertensão ocular | resumed saúde do adulto 2 (p.~229-230) | CONFIRMADO,
capsules/EISA_II/glaucoma_e_catarata.md,8,"Outros fatores de risco | Idade, raça, história familiar, diabetes, doenças cardiovasculares, alta miopia, cirurgia intraocular prévia | resumed saúde do adulto 2 (p.~230) | CONFIRMADO",
capsules/EISA_II/glaucoma_e_catarata.md,9,"Classificação | Congênito; primário (ângulo aberto / ângulo fechado); secundário (cristalino, trauma, uveíte, neovascular) | resumed saúde do adulto 2 (p.~230-231) | CONFIRMADO",
capsules/EISA_II/glaucoma_e_catarata.md,10,Glaucoma congênito — critério | Buftalmo com diâmetro corneano horizontal (DCH) >12 mm antes de 1 ano de idade; edema de córnea; PIO elevada; fotofobia; blefaroespasmo | resumed saúde do adulto 2 (p.~230) | CONFIRMADO,
capsules/EISA_II/glaucoma_e_catarata.md,11,"Glaucoma de ângulo fechado — quadro agudo | Dor, visão turva, cefaleia frontal, náusea e vômito; pode ser desencadeado pela dilatação pupilar | resumed saúde do adulto 2 (p.~231) | CONFIRMADO",
capsules/EISA_II/glaucoma_e_catarata.md,12,"Tratamento medicamentoso do glaucoma | Betabloqueador (timolol), inibidor da anidrase carbônica (dorzolamida/brinzolamida — marcas citadas: Azopt, Trusopt), análogo de prostaglandina (latanoprosta/bimatoprosta/travoprosta — marcas Xalatan, Lumigan, Travatan), alfa-agonista (brimonidina — marca Alphagan) | resumed saúde do adulto 2 (p.~232) | CONFIRMADO",
capsules/EISA_II/glaucoma_e_catarata.md,13,"Tratamento a laser/cirúrgico do glaucoma | Trabeculoplastia, iridotomia (laser); goniotomia, trabeculotomia, trabeculectomia, implantes (cirúrgico) | resumed saúde do adulto 2 (p.~232) | CONFIRMADO",
capsules/EISA_II/glaucoma_e_catarata.md,14,Causa mais frequente de catarata | Senil | resumed saúde do adulto 2 (p.~232-233) | CONFIRMADO,
capsules/EISA_II/glaucoma_e_catarata.md,15,"Classificação da catarata | Congênita (ex.: rubéola congênita); secundária (uveíte, tumor intraocular, glaucoma, descolamento de retina, trauma, doença endócrina como DM/hipoparatireoidismo, corticoide tópico/sistêmico, radiação); senil | resumed saúde do adulto 2 (p.~232-233) | CONFIRMADO",
capsules/EISA_II/glaucoma_e_catarata.md,16,Indicação cirúrgica de catarata | Acuidade visual pior que 20/60 já é considerada visão prejudicial/indicação cirúrgica | resumed saúde do adulto 2 (p.~229) | CONFIRMADO,
capsules/EISA_II/glaucoma_e_catarata.md,17,"Corticoide como causa de catarata | Uso de corticoide tópico, sistêmico ou nasal pode desencadear catarata precocemente | resumed saúde do adulto 2 (p.~233) | CONFIRMADO",
capsules/EISA_II/glaucoma_e_catarata.md,18,"Cirurgia de catarata | FACO+LIO (facoemulsificação com lente intraocular dobrável, microincisão, sem sutura) para núcleos moles (2-3 cruzes); FEC+LIO (facectomia extracapsular com lente rígida, incisão maior, com sutura) para núcleos mais duros (4 cruzes) | resumed saúde do adulto 2 (p.~233) | CONFIRMADO",
capsules/EISA_II/glaucoma_e_catarata.md,19,"Causa de cegueira no mundo | 80% dos casos de cegueira mundial poderiam ser evitados/tratados; glaucoma = principal causa de cegueira **irreversível**; catarata = principal causa de cegueira **reversível** | resumed saúde do adulto 2 (p.~229, ~233) | CONFIRMADO",
capsules/EISA_II/glomerulopatias_primarias.md,4,Indicações de biópsia renal | Síndrome nefrótica ou proteinúria >1–2g/dia; IRA de causa indeterminada; alteração de creatinina sem causa evidente (principalmente com hematúria/proteinúria); acometimento renal pelo lúpus | PDF_Glomerulopatias p.8 | CONFIRMADO,
capsules/EISA_II/glomerulopatias_primarias.md,5,Contraindicações de biópsia renal | Rins atrofiados ao US; rim único; rins policísticos; coagulopatia/uso de anticoagulante; HAS não controlada; ITU ativa; lesão de pele no sítio; hidronefrose; paciente não cooperativo | PDF_Glomerulopatias p.8 | CONFIRMADO,
capsules/EISA_II/glomerulopatias_primarias.md,6,Mapeamento síndrome → doença (AUA) | Hematúria micro assintomática = IgA/GNMP; hematúria macro recorrente = IgA; proteinúria assintomática = GESF/GNM | PDF_Glomerulopatias p.22 | CONFIRMADO,
capsules/EISA_II/glomerulopatias_primarias.md,7,"Mapeamento síndrome → doença (nefrítica) | GNDA, nefropatia por IgA, GNMP | PDF_Glomerulopatias p.22 | CONFIRMADO",
capsules/EISA_II/glomerulopatias_primarias.md,8,"Mapeamento síndrome → doença (GNRP) | GN anti-MBG, GN de imunocomplexos, GN pauci-imune | PDF_Glomerulopatias p.23 | CONFIRMADO",
capsules/EISA_II/glomerulopatias_primarias.md,9,"Mapeamento síndrome → doença (nefrótica) | DLM (GNLM), GNM, GESF, GNMP tipo I e II | PDF_Glomerulopatias p.23 | CONFIRMADO",
capsules/EISA_II/glomerulopatias_primarias.md,10,"Complemento NORMAL | PAN, Wegener, púrpura de Henoch-Schönlein, Goodpasture, Berger (IgA), GNRP pauci-imune, GNRP anti-MBG | PDF_Glomerulopatias p.19 | CONFIRMADO",
capsules/EISA_II/glomerulopatias_primarias.md,11,"Complemento BAIXO | LES, crioglobulinemia, nefrite do shunt, GNDA, GNMP, endocardite bacteriana | PDF_Glomerulopatias p.19 | CONFIRMADO",
capsules/EISA_II/glomerulopatias_primarias.md,12,Indicações de biópsia na GNDA | Oligoanúria >48–72h; oligúria/azotemia persistente >4 sem; HAS persistente >4 sem; hematúria macro >4 sem; complemento baixo persistente >8 sem; proteinúria nefrótica (>50mg/kg/dia) >4 sem | PDF_Glomerulopatias p.28 | CONFIRMADO,
capsules/EISA_II/glomerulopatias_primarias.md,13,"Distribuição histológica (série da fonte) | GESF 29,7% > GNM 20,7% > nefropatia por IgA 17,8% > DLM 9,1% > GNMP 7% | PDF_Glomerulopatias p.24 | CONFIRMADO (casuística local — ver Pegadinhas)",
capsules/EISA_II/glomerulopatias_primarias.md,14,Histologia DLM (GNLM) | MO normal; IF negativa; ME fusão de processos podais | PDF_Glomerulopatias p.56 | CONFIRMADO,
capsules/EISA_II/glomerulopatias_primarias.md,15,Histologia GESF | MO hialinose e/ou esclerose segmentar e focal; IF negativa ou IgM+C3; ME esclerose focal + fusão de processos podais | PDF_Glomerulopatias p.56 | CONFIRMADO,
capsules/EISA_II/glomerulopatias_primarias.md,16,Histologia GNM (membranosa) | MO parede capilar espessada com espículas na MBG; IF IgG+C3 granular nas alças capilares; ME depósitos subepiteliais | PDF_Glomerulopatias p.56 | CONFIRMADO,
capsules/EISA_II/glomerulopatias_primarias.md,17,Histologia GNMP I | MO celularidade mesangial aumentada + duplicação das alças capilares; IF C3+imunoglobulinas variadas; ME depósitos subendoteliais + interposição mesangial | PDF_Glomerulopatias p.56 | CONFIRMADO,
capsules/EISA_II/glomerulopatias_primarias.md,18,"Estratificação de risco da nefropatia membranosa | Baixo: Cr normal + proteinúria subnefrótica; Moderado: proteinúria 3,5–6g/dia + função renal próxima do normal; Alto: alteração de função renal OU proteinúria >6g/dia OU anti-PLA2R >50 RU/ml; Muito alto: proteinúria >10g/24h | PDF_Glomerulopatias p.44 | CONFIRMADO",
capsules/EISA_II/glomerulopatias_secundarias.md,4,Envolvimento renal no LES | 50–75% dos pacientes em algum momento; proteinúria persistente >500mg/dia; cilindros celulares no sedimento | Glomerulopatias_Secund p.3 | CONFIRMADO,
capsules/EISA_II/glomerulopatias_secundarias.md,5,"Classe I (ISN/RPS) | Mesangial mínima — glomérulos normais à MO, depósitos só à IF; urina/Cr/complemento normais | Glomerulopatias_Secund p.4 | CONFIRMADO",
capsules/EISA_II/glomerulopatias_secundarias.md,6,"Classe II | Mesangial proliferativa — hipercelularidade mesangial sem depósito subendotelial à MO; hematúria+, proteinúria-, Cr e complemento normais | Glomerulopatias_Secund p.4 | CONFIRMADO",
capsules/EISA_II/glomerulopatias_secundarias.md,7,"Classes III/IV | Focal (<50% glomérulos) / Difusa (≥50%) — depósito subendotelial, as mais graves; hematúria+, proteinúria++, Cr aumentada, complemento reduzido | Glomerulopatias_Secund p.4 | CONFIRMADO",
capsules/EISA_II/glomerulopatias_secundarias.md,8,"Classe V | Membranosa — depósito subepitelial; proteinúria isolada em nível nefrótico é o sinal de alerta; hematúria-, Cr normal ou aumentada, complemento normal | Glomerulopatias_Secund p.4 | CONFIRMADO",
capsules/EISA_II/glomerulopatias_secundarias.md,9,Classe VI | Esclerose glomerular avançada (≥90% sem atividade residual) — evolução de classes não tratadas a tempo | Glomerulopatias_Secund p.4 | CONFIRMADO,
capsules/EISA_II/glomerulopatias_secundarias.md,10,"Confirmação de nefrite lúpica na IF | Padrão ""full house"": IgG, IgM, IgA, C3, C1q todos presentes no mesmo espécime | Glomerulopatias_Secund p.4 | CONFIRMADO",
capsules/EISA_II/glomerulopatias_secundarias.md,11,"Indução nas classes III/IV | Pulsoterapia com metilprednisolona IV 0,5–1g por 3 dias, seguida de prednisona 0,5–1mg/kg/dia por 3–4 semanas com redução progressiva (5–10mg/dia aos 6 meses), associada a ciclofosfamida semanal OU micofenolato a cada 15 dias | Glomerulopatias_Secund p.5 | CONFIRMADO",
capsules/EISA_II/glomerulopatias_secundarias.md,12,"Momento de início do tratamento em III/IV | Deve ser imediato diante de suspeita clínico-laboratorial, mesmo antes do resultado da imunofluorescência/biópsia | Glomerulopatias_Secund p.5 | CONFIRMADO",
capsules/EISA_II/glomerulopatias_secundarias.md,13,"Exames de triagem do LES renal | Creatinina (aumento >20% já é alerta), VHS/PCR, complemento (CH50 e C3, reduzidos na atividade), anti-DNA (associado a nefrite), hematúria, proteinúria, biópsia renal | Glomerulopatias_Secund p.3 | CONFIRMADO",
capsules/EISA_II/glomerulopatias_secundarias.md,14,Discriminador de nódulo mesangial | Vermelho Congo positivo (verde-maçã sob luz polarizada) SÓ em amiloidose; doença de depósito de cadeia leve e nefropatia diabética são Congo-negativas | Glomerulopatias_Secund p.12 | CONFIRMADO,
capsules/EISA_II/glomerulopatias_secundarias.md,15,"Doença de depósito de cadeia leve — achado de IF/ME | IF: cadeia leve monoclonal (geralmente kappa), não corada pelo Vermelho Congo; ME: depósitos eletrodensos granulosos contínuos na MB (não fibrilares) | Glomerulopatias_Secund p.9 | CONFIRMADO",
capsules/EISA_II/glomerulopatias_secundarias.md,16,"Doença de depósito de cadeia leve — órgãos extrarrenais | Fígado e coração também são sítios de depósito (miocardiopatia, hepatomegalia) | Glomerulopatias_Secund p.9 | CONFIRMADO",
capsules/EISA_II/glomerulopatias_secundarias.md,17,Doença de depósito de cadeia leve x mieloma | 74% dos pacientes com doença de depósito de cadeia leve NÃO desenvolvem mieloma múltiplo | Glomerulopatias_Secund p.9 | CONFIRMADO,
capsules/EISA_II/glomerulopatias_secundarias.md,18,Associação hepatite → glomerulopatia | HCV: GNMP + crioglobulinemia; HBV: GN membranosa / GNMP / DLM; cirrose hepática isolada: nefropatia por IgA secundária | Glomerulopatias_Secund p.17 | CONFIRMADO,
capsules/EISA_II/glomerulopatias_secundarias.md,19,Síndrome de Goodpasture | IRA (padrão GNRP) + hemorragia pulmonar; IF com IgG em padrão **linear** ao longo da MBG (não granular); anticorpo anti-NC1 da cadeia α3 do colágeno IV; tratamento = plasmaférese + corticoide + ciclofosfamida | Glomerulopatias_Secund p.16-17 | CONFIRMADO,
capsules/EISA_II/glomerulopatias_secundarias.md,20,"Púrpura de Henoch-Schönlein | Forma sistêmica da nefropatia por IgA; diagnóstico clínico, complemento **normal**, FAN/FR/ANCA negativos; biópsia (quando necessária) mostra IgA mesangial | Glomerulopatias_Secund p.16 | CONFIRMADO",
capsules/EISA_II/glomerulopatias_secundarias.md,21,"Glomerulopatia paraneoplásica | Responde por ~11% das síndromes nefróticas em adultos; tumor sólido (pulmão, TGI) → GN membranosa; linfoma de Hodgkin / LLC / carcinoma de células renais → DLM; LLC → GNMP | Glomerulopatias_Secund p.18 | CONFIRMADO",
capsules/EISA_II/has_nefrogena_renovascular.md,4,Prevalência estimada de HA secundária | 10–20% dos hipertensos | DBHA_2020 p.607 | CONFIRMADO,
capsules/EISA_II/has_nefrogena_renovascular.md,5,"Definição de HARV | Estenose uni ou bilateral da artéria renal ou ramos, geralmente com obstrução >70%, causando isquemia renal significativa | DBHA_2020 p.607 | CONFIRMADO",
capsules/EISA_II/has_nefrogena_renovascular.md,6,Etiologia por perfil | Jovens (principalmente mulheres): displasia fibromuscular; idosos: aterosclerose (associada a doença aterosclerótica periférica/coronariana) | DBHA_2020 p.607 | CONFIRMADO,
capsules/EISA_II/has_nefrogena_renovascular.md,7,Gatilho de investigação de estenose | Aumento de creatinina ≥50% após uso de IECA ou BRA | DBHA_2020 p.612 | CONFIRMADO,
capsules/EISA_II/has_nefrogena_renovascular.md,8,"Perfil clínico de alerta | HA grave de início recente em >55 anos + sopro abdominal + assimetria de tamanho renal >1,5cm | DBHA_2020 p.612 | CONFIRMADO",
capsules/EISA_II/has_nefrogena_renovascular.md,9,"Exame de rastreio recomendado | US com Doppler renal (GR I, NE B) — sensibilidade 75%, especificidade 90%, mas observador-dependente | DBHA_2020 p.607 | CONFIRMADO",
capsules/EISA_II/has_nefrogena_renovascular.md,10,"Padrão-ouro | Arteriografia renal convencional (GR I, NE A) — invasiva, NÃO deve ser procedimento inicial (GR I, NE B) | DBHA_2020 p.607/613 | CONFIRMADO",
capsules/EISA_II/has_nefrogena_renovascular.md,11,Alternativas de imagem por função renal | Angio-RNM por subtração digital/BOLD se RFG-e >30 mL/min; TC espiral se RFG-e >60 mL/min | DBHA_2020 p.607/613 | CONFIRMADO,
capsules/EISA_II/has_nefrogena_renovascular.md,12,Eficácia comparada tratamento farmacológico x revascularização | Equivalentes em controle de PA e mortalidade CV (RCTs + metanálise) | DBHA_2020 p.607 | CONFIRMADO,
capsules/EISA_II/has_nefrogena_renovascular.md,13,"Indicação de revascularização | DFM: sempre indicada; aterosclerótica: só se refratária ao tratamento, perda progressiva de função renal ou descompensação clínica cardiológica (EAP, IC, angina refratária) | DBHA_2020 p.607 | CONFIRMADO",
capsules/EISA_II/has_nefrogena_renovascular.md,14,Displasia fibromuscular — perfil | 80–90% mulheres; Doppler renal é o exame de rastreio preconizado | DBHA_2020 p.607 | CONFIRMADO,
capsules/EISA_II/has_nefrogena_renovascular.md,15,Tratamento da DFM | Angioplastia isolada é o procedimento indicado; stent reservado para complicação (dissecção/ruptura arterial); AAS 75–100mg/dia contínuo para prevenção trombótica | DBHA_2020 p.607 | CONFIRMADO,
capsules/EISA_II/has_nefrogena_renovascular.md,16,"Seguimento pós-angioplastia em DFM | Doppler renal em 30 dias, depois a cada 6 meses nos primeiros 2 anos, depois anual (rastreio de reestenose) | DBHA_2020 p.607 | CONFIRMADO",
capsules/EISA_II/has_nefrogena_renovascular.md,17,Definição de DRC (para HA nefrógena) | Anormalidade de função/morfologia renal >3 meses; RFG-e <60 mL/min ou albuminúria ≥30mg/24h ou alteração morfológica | DBHA_2020 p.607 | CONFIRMADO,
capsules/EISA_II/has_nefrogena_renovascular.md,18,HA como consequência da DRC | Presente em até 90% dos pacientes em DRC estágio G5 | DBHA_2020 p.607 | CONFIRMADO,
capsules/EISA_II/has_nefrogena_renovascular.md,19,Coarctação de aorta — achado discriminador | PAS na artéria braquial ≥10mmHg maior que na poplítea; ausência/diminuição de pulsos em MMII; sopro sistólico interescapular | DBHA_2020 p.607 | CONFIRMADO,
capsules/EISA_II/has_nefrogena_renovascular.md,20,Coarctação de aorta — exames | Ecocardiograma = rastreio principal; RNM = padrão-ouro para avaliação e seguimento pós-intervenção | DBHA_2020 p.607 | CONFIRMADO,
capsules/EISA_II/hiperaldosteronismo_primario_feocromocitoma.md,4,HAP — prevalência em hipertensos gerais | 8–10% | slide p.11 | CONFIRMADO,
capsules/EISA_II/hiperaldosteronismo_primario_feocromocitoma.md,5,HAP — prevalência em HAS resistente | até 20% | slide p.11 | CONFIRMADO,
capsules/EISA_II/hiperaldosteronismo_primario_feocromocitoma.md,6,HAP — hipocalemia presente | apenas 9–37% dos pacientes (baixa sensibilidade; ausência tem baixo valor preditivo negativo) | slide p.11 | CONFIRMADO,
capsules/EISA_II/hiperaldosteronismo_primario_feocromocitoma.md,7,Quem investigar HAP | PA≥150/100 em 3 medidas em dias diferentes · HAS resistente a 3 fármacos (com diurético) · HAS controlada com ≥4 fármacos · HAS+hipocalemia espontânea/induzida · incidentaloma adrenal · apneia do sono · história familiar DAC/AVC<40a · familiares 1º grau de HAP · FA · HAS+CA papilífero de tireoide | slide pp.16–17 | CONFIRMADO,
capsules/EISA_II/hiperaldosteronismo_primario_feocromocitoma.md,8,Diretrizes recentes — quem rastrear | TODOS os pacientes com HAS (AHA 2024; Soc. Endocrinologia Japonesa 2022; Vilar 2025) | slide p.13 | CONFIRMADO,
capsules/EISA_II/hiperaldosteronismo_primario_feocromocitoma.md,9,RAR — screening positivo | RAR >20 + aldosterona >6 ng/dL + APR suprimida (<1 ng/mL/h) | slide p.32 | CONFIRMADO,
capsules/EISA_II/hiperaldosteronismo_primario_feocromocitoma.md,10,RAR — maior sensibilidade/especificidade | RAR >30 + aldosterona >15 ng/dL (sens/espec 90%/91%) | slide p.32 | CONFIRMADO,
capsules/EISA_II/hiperaldosteronismo_primario_feocromocitoma.md,11,RAR — patognomônico | RAR >50 | slide p.32 | CONFIRMADO,
capsules/EISA_II/hiperaldosteronismo_primario_feocromocitoma.md,12,"RAR — não retirar anti-hipertensivos antes do 1º rastreio | correto (AHA 2024, Vilar 2025) — só ajustar fármacos se resultado inicial for duvidoso | slide p.28 | CONFIRMADO",
capsules/EISA_II/hiperaldosteronismo_primario_feocromocitoma.md,13,"Teste de sobrecarga salina (confirmatório) | aldosterona <5,0 ng/dL exclui · 5–10 ng/dL inconclusivo · >10 ng/dL confirma HAP | slide p.85 | CONFIRMADO",
capsules/EISA_II/hiperaldosteronismo_primario_feocromocitoma.md,14,Teste do captopril (confirmatório) | positivo se não houver queda >30% da aldosterona OU aldosterona >12 ng/dL | slide p.86 | CONFIRMADO,
capsules/EISA_II/hiperaldosteronismo_primario_feocromocitoma.md,15,Teste da furosemida (confirmatório) | positivo se APR <2 ng/mL/h após 2h de deambulação | slide p.85 | CONFIRMADO,
capsules/EISA_II/hiperaldosteronismo_primario_feocromocitoma.md,16,Quando dispensar testes confirmatórios | hipocalemia + renina indetectável + aldosterona >20 ng/dL | slide p.33 | CONFIRMADO,
capsules/EISA_II/hiperaldosteronismo_primario_feocromocitoma.md,17,Quando dispensar AVS antes de adrenalectomia | idade <35 anos + hipocalemia espontânea + aldosterona muito elevada + lesão unilateral com aspecto de adenoma cortical | slide p.38 | CONFIRMADO,
capsules/EISA_II/hiperaldosteronismo_primario_feocromocitoma.md,18,"Espironolactona — 1ª linha, dose | 25–200 mg/dia (1–2x/dia) | slide p.43 | CONFIRMADO",
capsules/EISA_II/hiperaldosteronismo_primario_feocromocitoma.md,19,"Eplerenona — 2ª linha, dose | 25–100 mg/dia (2x/dia) | slide p.43 | CONFIRMADO",
capsules/EISA_II/hiperaldosteronismo_primario_feocromocitoma.md,20,"Pós-adrenalectomia — cuidado com potássio | SF 0,9% IV sem KCl, exceto se K⁺ <3,0 mmol/L | slide p.88 | CONFIRMADO",
capsules/EISA_II/hiperaldosteronismo_primario_feocromocitoma.md,21,Pós-adrenalectomia — hipoaldosteronismo persistente | ocorre em até 5%; tratar com fludrocortisona | slide p.88 | CONFIRMADO,
capsules/EISA_II/hiperaldosteronismo_primario_feocromocitoma.md,22,FEO/PGL — proporção | 80–85% feocromocitoma · 15–20% paraganglioma | slide p.47 | CONFIRMADO,
capsules/EISA_II/hiperaldosteronismo_primario_feocromocitoma.md,23,FEO/PGL — idade e sexo | 40–50 anos; adultos 1:1 (H:M); crianças 2:1 (H:M) | slide p.47 | CONFIRMADO,
capsules/EISA_II/hiperaldosteronismo_primario_feocromocitoma.md,24,"FEO — assintomático | ~10% dos casos, sobretudo doença familiar ou tumores císticos grandes (>50g) | slide p.52 | CONFIRMADO",
capsules/EISA_II/hiperaldosteronismo_primario_feocromocitoma.md,25,"FEO/PGL — tríade clássica e frequência | cefaleia + sudorese + palpitações; taquicardia/palpitação 50–70%, sudorese 40–60%, HAS mantida 50–60%, HAS paroxística 40–60% | slide p.50–51 | CONFIRMADO",
capsules/EISA_II/hiperaldosteronismo_primario_feocromocitoma.md,26,FEO/PGL — HAS presente | até 90% dos casos | slide p.120 | CONFIRMADO,
capsules/EISA_II/hiperaldosteronismo_primario_feocromocitoma.md,27,Metanefrinas livres de plasma — corte | 4x o limite superior da normalidade (LSN) já fortemente diagnóstico | slide p.64 | CONFIRMADO,
capsules/EISA_II/hiperaldosteronismo_primario_feocromocitoma.md,28,"Bloqueio pré-operatório — fármaco e tempo | doxazosina (alfa-bloqueio), 7–14 dias antes da cirurgia (pode se prolongar) | slide p.70 | CONFIRMADO",
capsules/EISA_II/hiperaldosteronismo_primario_feocromocitoma.md,29,"Cirurgia — via de acesso | laparoscópica se FEO <6 cm; aberta se >6 cm, invasivo, ou PGL extra-adrenal | slide p.68 | CONFIRMADO",
capsules/EISA_II/hiperaldosteronismo_primario_feocromocitoma.md,30,Malignidade em PPGL | definida por metástase em tecido não cromafínico; prevalência 10–17% | slide p.62 | CONFIRMADO,
capsules/EISA_II/hiperandrogenismo_hac_sop_tumor_virilizante.md,4,HAC — % dos casos por deficiência de 21-hidroxilase | 90% | slide p.15 | CONFIRMADO,
capsules/EISA_II/hiperandrogenismo_hac_sop_tumor_virilizante.md,5,HAC — atividade enzimática residual por forma | ausente/mínima: perdedora de sal · baixa (3–7%): virilizante simples · forma não clássica: >20% | slide p.15 | CONFIRMADO,
capsules/EISA_II/hiperandrogenismo_hac_sop_tumor_virilizante.md,6,HAC forma perdedora de sal — % dos casos clássicos | 75% | slide p.16 | CONFIRMADO,
capsules/EISA_II/hiperandrogenismo_hac_sop_tumor_virilizante.md,7,HAC forma perdedora de sal — apresentação | RN com genitália ambígua (sexo feminino); sintomas de deficiência de aldosterona em 1–2 semanas de vida (hiperK + acidose) | slide p.16 | CONFIRMADO,
capsules/EISA_II/hiperandrogenismo_hac_sop_tumor_virilizante.md,8,"HAC — diagnóstico bioquímico | 17-OHP, androstenediona, testosterona e DHEA elevados; aldosterona e APR reduzidas na forma perdedora de sal; hiponatremia e hipercalemia | slide p.22 | CONFIRMADO",
capsules/EISA_II/hiperandrogenismo_hac_sop_tumor_virilizante.md,9,Teste da cortrosina (ACTH) | 250 mcg IV em bolus; dosar 17-OHP e cortisol após 60 min | slide p.22 | CONFIRMADO,
capsules/EISA_II/hiperandrogenismo_hac_sop_tumor_virilizante.md,10,"HAC — tratamento (glicocorticoide obrigatório) | reposição contínua de GC; mineralocorticoide obrigatório na forma perdedora de sal, pode ser usado na virilizante simples | slide p.23 | CONFIRMADO",
capsules/EISA_II/hiperandrogenismo_hac_sop_tumor_virilizante.md,11,HAC formas hipertensivas — deficiência de 11β-hidroxilase | 7% dos casos de HAC; vírilização + hipertensão mineralocorticoide | slide p.25 | CONFIRMADO,
capsules/EISA_II/hiperandrogenismo_hac_sop_tumor_virilizante.md,12,"HAC formas hipertensivas — deficiência de 17α-hidroxilase | muito rara, 2ª mais comum no Brasil entre as hipertensivas; hipogonadismo + hipocortisolismo + HAS + alcalose metabólica + hipocalemia | slide p.28 | CONFIRMADO",
capsules/EISA_II/hiperandrogenismo_hac_sop_tumor_virilizante.md,13,SOP — prevalência | 6–20% das mulheres em idade reprodutiva; endocrinopatia mais comum nessa faixa | slide p.32 | CONFIRMADO,
capsules/EISA_II/hiperandrogenismo_hac_sop_tumor_virilizante.md,14,SOP — critérios de Rotterdam | 2 de 3: hiperandrogenismo clínico/laboratorial · disfunção menstrual (oligo/amenorreia) · ovários policísticos/HAM elevado — sempre excluindo outras causas | slide p.33 (imagem confirmada) | CONFIRMADO,
capsules/EISA_II/hiperandrogenismo_hac_sop_tumor_virilizante.md,15,"SOP — ciclo irregular (definição) | <21 ou >35 dias, ou <8 ciclos/ano | slide p.39 | CONFIRMADO",
capsules/EISA_II/hiperandrogenismo_hac_sop_tumor_virilizante.md,16,Escala de Ferriman-Gallwey | leve 8–15 pontos · moderado 16–25 · grave >25 | slide p.38 (imagem confirmada) | CONFIRMADO,
capsules/EISA_II/hiperandrogenismo_hac_sop_tumor_virilizante.md,17,"SOP — critério ultrassonográfico (USG transvaginal) | ≥20 folículos em 1 ovário, 2–9mm, e/ou volume ovariano ≥10cm³; se USG pélvica (via abdominal): pelo menos 10 folículos | slide p.41 | CONFIRMADO",
capsules/EISA_II/hiperandrogenismo_hac_sop_tumor_virilizante.md,18,"SOP — tratamento hormonal | ACO (etinilestradiol + progestagênio anti-androgênico — ciproterona, drospirenona) por ≥6 meses | slide p.43 | CONFIRMADO",
capsules/EISA_II/hiperandrogenismo_hac_sop_tumor_virilizante.md,19,"SOP — metformina, indicação | IMC ≥25 kg/m² | slide p.43 | CONFIRMADO",
capsules/EISA_II/hiperandrogenismo_hac_sop_tumor_virilizante.md,20,SOP — antiandrogênicos | espironolactona 25–100mg/dia; flutamida (hepatotoxicidade); finasterida | slide p.43 | CONFIRMADO,
capsules/EISA_II/hiperandrogenismo_hac_sop_tumor_virilizante.md,21,Tumor virilizante — sítio | adrenal ou ovariano | slide p.44 | CONFIRMADO,
capsules/EISA_II/hiperandrogenismo_hac_sop_tumor_virilizante.md,22,Tumor virilizante — diagnóstico/tratamento | dosagem hormonal de andrógenos + TC/RNM de abdome; tratamento = excisão cirúrgica (glicocorticoide se origem adrenal) | slide p.44 | CONFIRMADO,
capsules/EISA_II/hiperfuncao_hipofisaria.md,4,Ordem de frequência dos adenomas hipofisários secretores | 1. Prolactina · 2. GH · 3. FSH/LH · 4. ACTH · 5. TSH | HIPERFUNÇÃO HIPOFISÁRIA slide 9 | CONFIRMADO,
capsules/EISA_II/hiperfuncao_hipofisaria.md,5,Hiperprolactinemia — prevalência por sexo | mulheres 10× mais que homens; prolactinoma = 40-66% dos tumores hipofisários | HIPERFUNÇÃO HIPOFISÁRIA slide 13 | CONFIRMADO,
capsules/EISA_II/hiperfuncao_hipofisaria.md,6,"PRL — causa fisiológica x adenoma | fisiológica: PRL <50 ng/mL (exceto gravidez) · adenoma produtor: PRL >100 ng/mL · >150-200 ng/mL: fortemente sugestivo de prolactinoma | APOSTILA p.230-231 (só B — não presente na Parte 01 do slide) | CONFIRMADO_COM_CORREÇÕES — dado rotulado como B, sem confirmação em A",
capsules/EISA_II/hiperfuncao_hipofisaria.md,7,"Efeito gancho | se houver discrepância entre o tamanho do tumor e a PRL pouco elevada, afastar artefato de gancho diluindo a amostra 1:100 | HIPERFUNÇÃO HIPOFISÁRIA slide 18 | CONFIRMADO",
capsules/EISA_II/hiperfuncao_hipofisaria.md,8,Diagnóstico — sintomático | RNM de sela túrcica com contraste: normal = hiperPRL idiopática; adenoma = prolactinoma | HIPERFUNÇÃO HIPOFISÁRIA slide 18 | CONFIRMADO,
capsules/EISA_II/hiperfuncao_hipofisaria.md,9,Diagnóstico — assintomático | pesquisa de macroprolactina: recuperação >65% = negativa; <30% = positiva (macroprolactinemia) | HIPERFUNÇÃO HIPOFISÁRIA slide 18 | CONFIRMADO,
capsules/EISA_II/hiperfuncao_hipofisaria.md,10,"Tratamento — cabergolina | 0,5 a 2 mg/semana, 1 a 2×/semana; 1ª escolha; agonistas dopaminérgicos mantidos por ~2 anos | HIPERFUNÇÃO HIPOFISÁRIA slide 19 | CONFIRMADO",
capsules/EISA_II/hiperfuncao_hipofisaria.md,11,"Tratamento — bromocriptina | 2,5 a 7,5 mg/dia, 2 a 3×/dia; preferida na gestação | HIPERFUNÇÃO HIPOFISÁRIA slide 19 | CONFIRMADO",
capsules/EISA_II/hiperfuncao_hipofisaria.md,12,"Prolactinoma — exceção da hipófise | é o único excesso hormonal hipofisário cuja 1ª linha é medicamentosa, não cirúrgica, mesmo em macroadenoma | HIPERFUNÇÃO HIPOFISÁRIA slide 19; APOSTILA p.231 (concordam, ""diferentemente dos outros casos... aqui a 1ª opção é medicamentosa"") | CONFIRMADO",
capsules/EISA_II/hiperfuncao_hipofisaria.md,13,Cirurgia transesfenoidal no prolactinoma — indicações | crescimento apesar do tratamento medicamentoso · intolerância/resistência/contraindicação ao agonista dopaminérgico · compressão persistente do quiasma óptico · fístula liquórica | HIPERFUNÇÃO HIPOFISÁRIA slide 19 | CONFIRMADO,
capsules/EISA_II/hiperfuncao_hipofisaria.md,14,Hipercortisolismo — localização pelo par ACTH/cortisol | ACTH e cortisol ambos altos = origem hipofisária/ectópica (ACTH-dependente) · cortisol alto + ACTH baixo/normal = origem adrenal (ACTH-independente) | APOSTILA p.231 (só B) | CONFIRMADO_COM_CORREÇÕES — rotulado B,
capsules/EISA_II/hiperfuncao_hipofisaria.md,15,Doença de Cushing — proporção | 70-80% dos casos ACTH-dependentes | APOSTILA p.232 (só B) | CONFIRMADO_COM_CORREÇÕES — rotulado B,
capsules/EISA_II/hiperfuncao_hipofisaria.md,16,"Testes de detecção/confirmação de hipercortisolismo | Liddle 1 (cortisol pós 1mg dexametasona): + se ≥1,8 mcg/dL · Cortisol urinário livre 24h: + se 3-4× LSN · Cortisol salivar da meia-noite: + se ≥2× LSN · Liddle 2 (0,5mg 6/6h por 2 dias): + se ≥1,8 mcg/dL | APOSTILA p.232 (só B) | CONFIRMADO_COM_CORREÇÕES — rotulado B; nenhum dado de A disponível para confronto",
capsules/EISA_II/hiperfuncao_hipofisaria.md,17,"Tratamento de Cushing — medicamento de escolha (quando indicado) | cetoconazol; geralmente não necessário antes de operar, indicado em casos graves ou sem remissão | APOSTILA p.232 (só B) | CONFIRMADO_COM_CORREÇÕES — rotulado B",
capsules/EISA_II/hiperfuncao_hipofisaria.md,18,"Acromegalia — triagem e confirmação | IGF-1 (triagem, secreção integrada e estável) · GH basal não serve (secreção pulsátil, grande flutuação) · padrão-ouro: GH pós-TOTG (75g dextrosol, dosar a cada 30min por 2h) — normal = supressão <0,4; acromegalia = não suprime (>0,4) | APOSTILA p.233-234 (só B) | CONFIRMADO_COM_CORREÇÕES — rotulado B",
capsules/EISA_II/hiperfuncao_hipofisaria.md,19,"Acromegalia — tratamento | cirurgia (CTE) é 1ª escolha; medicamentoso (análogo de somatostatina ou agonista dopaminérgico) é adjuvante ou, em casos selecionados, pode ser primário; radioterapia para tumores agressivos não controlados | APOSTILA p.234 (só B) | CONFIRMADO_COM_CORREÇÕES — rotulado B",
capsules/EISA_II/hiperplasia_adrenal_congenita.md,4,Causa mais comum de HAC | deficiência de 21-hidroxilase (CYP21A2) — 90% dos casos | slide p.15 | CONFIRMADO,
capsules/EISA_II/hiperplasia_adrenal_congenita.md,5,Herança | autossômica recessiva | slide p.15 | CONFIRMADO,
capsules/EISA_II/hiperplasia_adrenal_congenita.md,6,"Deficiência de 21-hidroxilase — vias bloqueadas | cortisol E aldosterona (a via androgênica fica livre, sem bloqueio) | slide p.9/17 (diagrama) | CONFIRMADO",
capsules/EISA_II/hiperplasia_adrenal_congenita.md,7,Atividade enzimática residual → forma clínica (21-OH) | ausente/mínima → perdedora de sal · 3–7% → virilizante simples · >20% → não clássica | slide p.15 | CONFIRMADO,
capsules/EISA_II/hiperplasia_adrenal_congenita.md,8,Forma perdedora de sal — % das formas clássicas | 75% | slide p.16 | CONFIRMADO,
capsules/EISA_II/hiperplasia_adrenal_congenita.md,9,Forma perdedora de sal — apresentação | RN com genitália ambígua (sexo feminino); hiperK e acidose em 1–2 semanas de vida | slide p.16 | CONFIRMADO,
capsules/EISA_II/hiperplasia_adrenal_congenita.md,10,"Forma virilizante simples — apresentação | genitália ambígua ao nascer + pseudopuberdade precoce; se não tratada, fechamento epifisário precoce → baixa estatura | slide p.18 | CONFIRMADO",
capsules/EISA_II/hiperplasia_adrenal_congenita.md,11,"Forma não clássica — apresentação | pubarca precoce, amenorreia 1ª/2ª, hirsutismo, anovulação/infertilidade, acne, alopecia androgênica — mimetiza SOP | slide p.20 | CONFIRMADO",
capsules/EISA_II/hiperplasia_adrenal_congenita.md,12,"Diagnóstico bioquímico (21-OH) | 17-OHP, androstenediona, testosterona e DHEA elevados; na forma PS: aldosterona e APR reduzidas, hiponatremia e hipercalemia | slide p.22 | CONFIRMADO",
capsules/EISA_II/hiperplasia_adrenal_congenita.md,13,Teste da cortrosina (ACTH) | 250 mcg IV bolus; dosar 17-OHP e cortisol aos 60 min | slide p.22 | CONFIRMADO,
capsules/EISA_II/hiperplasia_adrenal_congenita.md,14,Diagnóstico molecular | mutações do gene CYP21A2 | slide p.22 | CONFIRMADO,
capsules/EISA_II/hiperplasia_adrenal_congenita.md,15,"Tratamento — glicocorticoide (infância) | hidrocortisona manipulada, 3 tomadas/dia (menor interferência no crescimento linear) OU dexametasona/prednisolona em dose única diária | slide p.24 | CONFIRMADO",
capsules/EISA_II/hiperplasia_adrenal_congenita.md,16,Tratamento — mineralocorticoide | fludrocortisona (Florinefe®) — obrigatória na forma perdedora de sal; pode ser usada na virilizante simples | slide p.23 | CONFIRMADO,
capsules/EISA_II/hiperplasia_adrenal_congenita.md,17,Deficiência de 11β-hidroxilase — % dos casos de HAC | 7% | slide p.25 | CONFIRMADO,
capsules/EISA_II/hiperplasia_adrenal_congenita.md,18,Deficiência de 11β-hidroxilase — fenótipo | virilização + hipertensão mineralocorticoide (acúmulo de 11-desoxicorticosterona) | slide p.25 | CONFIRMADO,
capsules/EISA_II/hiperplasia_adrenal_congenita.md,19,Deficiência de 11β-hidroxilase — tratamento | glicocorticoide (hidrocortisona/prednisolona); anti-hipertensivo (espironolactona/BCC/BRA) se mal controle pressórico | slide p.27 | CONFIRMADO,
capsules/EISA_II/hiperplasia_adrenal_congenita.md,20,Deficiência de 17α-hidroxilase — raridade e posição no Brasil | muito rara; 2ª forma hipertensiva mais comum no Brasil | slide p.28 | CONFIRMADO,
capsules/EISA_II/hiperplasia_adrenal_congenita.md,21,"Deficiência de 17α-hidroxilase — fenótipo | hipogonadismo + hipocortisolismo + HAS + alcalose metabólica + hipocalemia (bloqueia via androgênica, ao contrário das outras formas) | slide p.28 | CONFIRMADO",
capsules/EISA_II/hiperplasia_adrenal_congenita.md,22,"Deficiência de 17α-hidroxilase — diagnóstico | corticosterona, 18-OH-corticosterona e 18-OH-DOC elevados; progesterona alta | slide p.30 | CONFIRMADO",
capsules/EISA_II/hiperplasia_adrenal_congenita.md,23,Deficiência de 17α-hidroxilase — conduta de sexo/tratamento | geralmente criados como mulheres; glicocorticoide + estrógenos para completar feminização e massa óssea | slide p.31 | CONFIRMADO,
capsules/EISA_II/hiperplasia_prostatica_benigna_clinica_e_tratamento.md,4,"PSA normal por idade | 45–55 anos: ≤2,5 ng/dL; >55 anos: ≤4 ng/dL | APOSTILA p.120; Hiperplasia_I_unidade p.4 (slide 155–158) | CONFIRMADO (2 fontes B)",
capsules/EISA_II/hiperplasia_prostatica_benigna_clinica_e_tratamento.md,5,"Zona cinzenta de PSA | 4,1–10 ng/dL → pedir relação PSA livre/total | APOSTILA p.120; AULA_HPB slide 1 (camada A) | CONFIRMADO (A+B)",
capsules/EISA_II/hiperplasia_prostatica_benigna_clinica_e_tratamento.md,6,Corte da relação PSA livre/total | <10% → biópsia; >10% → favorece HPB (só se aplica em >55 anos) | APOSTILA p.120; AULA_HPB slide 1 (camada A) | CONFIRMADO (A+B),
capsules/EISA_II/hiperplasia_prostatica_benigna_clinica_e_tratamento.md,7,PSA absoluto para biópsia | >10 ng/dL = indicação absoluta | APOSTILA p.120; Hiperplasia_I_unidade p.4 | CONFIRMADO (2 fontes B),
capsules/EISA_II/hiperplasia_prostatica_benigna_clinica_e_tratamento.md,8,"Cinética de PSA | >0,75 ng/mL/ano → encaminhar para biópsia | APOSTILA p.120; Hiperplasia_I_unidade p.5 | CONFIRMADO (2 fontes B)",
capsules/EISA_II/hiperplasia_prostatica_benigna_clinica_e_tratamento.md,9,Fatores de risco que antecipam rastreio para 45 anos | Histórico familiar positivo; sobrepeso/obesidade; afrodescendência | APOSTILA p.120 | CONFIRMADO,
capsules/EISA_II/hiperplasia_prostatica_benigna_clinica_e_tratamento.md,10,Corte de próstata para terapia combinada precoce | >40g: alfa-bloq + inibidor de 5-α-redutase; <40g: monoterapia com alfa-bloqueador | APOSTILA p.121; Hiperplasia_I_unidade p.6 | CONFIRMADO (2 fontes B),
capsules/EISA_II/hiperplasia_prostatica_benigna_clinica_e_tratamento.md,11,"Dose dos inibidores de 5-α-redutase | Finasterida 5mg/dia (SUS, isoforma tipo II); Dutasterida 0,5mg/dia (ambas isoformas) | Hiperplasia_I_unidade p.6 | CONFIRMADO",
capsules/EISA_II/hiperplasia_prostatica_benigna_clinica_e_tratamento.md,12,"Dose inicial de tansulosina | 0,4mg/dia (bloqueia só alfa-1A, sem risco de hipotensão) | APOSTILA p.121 | CONFIRMADO",
capsules/EISA_II/hiperplasia_prostatica_benigna_clinica_e_tratamento.md,13,"""Terapia dos 2 T's"" | Tansulosina 0,4mg (manhã) + Tadalafila 5mg (noite); não associar tadalafila com doxazosina | APOSTILA p.121 | CONFIRMADO",
capsules/EISA_II/hiperplasia_prostatica_benigna_clinica_e_tratamento.md,14,"Indicações cirúrgicas **absolutas** | ITU recorrente apesar do tto clínico; litíase vesical; divertículos vesicais >7cm; deterioração do trato urinário superior (IRA pós-renal/hidronefrose bilateral); hematúria secundária a HPB (diagnóstico de exclusão, uroTC + cistoscopia); **mais de 2 episódios** de RUA com necessidade de sondagem | APOSTILA pp.121–122; AULA_HPB slide 4 (camada A) | CONFIRMADO (A+B)",
capsules/EISA_II/hiperplasia_prostatica_benigna_clinica_e_tratamento.md,15,Corte para técnica cirúrgica | RTU: próstata ≤80g; prostatectomia transvesical (aberta): >80g | APOSTILA p.122; AULA_HPB slide 5 (camada A) | CONFIRMADO (A+B),
capsules/EISA_II/hiperplasia_prostatica_benigna_clinica_e_tratamento.md,16,Contraindicação do Urolift | Crescimento do lobo mediano (não tem benefício); indicado em contraindicação cirúrgica/anestésica | APOSTILA p.122; AULA_HPB slide 5 (camada A) | CONFIRMADO (A+B),
capsules/EISA_II/hiperplasia_prostatica_benigna_clinica_e_tratamento.md,17,Indicação do laser | Paciente que não pode suspender anticoagulante | APOSTILA p.122 | CONFIRMADO,
capsules/EISA_II/hipertensao_intracraniana.md,4,"Conteúdo intracraniano | líquor 10% (150 mL); parênquima 85% (1200 mL); sangue 4,5 mL/100g | APOSTILA p.71 | CONFIRMADO",
capsules/EISA_II/hipertensao_intracraniana.md,5,PPC | PPC = PAM − PIC (simplificação prática usada na apostila; fórmula completa PPC=PAM/RVC − PIC/RVC) | APOSTILA p.71 | CONFIRMADO,
capsules/EISA_II/hipertensao_intracraniana.md,6,"Autorregulação cerebral mantém FSC constante | PAM entre 60–140 mmHg (faixa de proteção citada 50–160 mmHg para ""pequenas alterações de FSC"") | APOSTILA p.71–72 | CONFIRMADO",
capsules/EISA_II/hipertensao_intracraniana.md,7,Indicações de monitorização de PIC | TC de crânio anormal na admissão; ECG < 9; lesões múltiplas; pós-operatório de cirurgia intracraniana | APOSTILA p.72–73 | CONFIRMADO,
capsules/EISA_II/hipertensao_intracraniana.md,8,Contraindicações de monitorização de PIC | paciente vígil; coagulopatia | APOSTILA p.73 | CONFIRMADO,
capsules/EISA_II/hipertensao_intracraniana.md,9,Cateter intraparenquimatoso | mais fidedigno; cateter ventricular permite drenagem além de medir; cateter epidural é o menos efetivo | APOSTILA p.73 | CONFIRMADO,
capsules/EISA_II/hipertensao_intracraniana.md,10,Alvo ventilatório na HIC | manter PO2 > 70 mmHg e PCO2 entre 30–40 mmHg (hiperventilação terapêutica visa PCO2 < 30) | APOSTILA p.73 | CONFIRMADO,
capsules/EISA_II/hipertensao_intracraniana.md,11,"Limiar de PIC associado a pior desfecho | PIC > 20 mmHg é o corte usado tanto como critério cirúrgico do hematoma subdural agudo (slide do professor) quanto como divisor de mortalidade na lesão axonal difusa (51% se PIC>20 vs 16% se PIC<20) | TRAUMATISMO_CRANIO_ENCEFALICO pptx p.13 (slide ""hematoma subdural agudo""); APOSTILA p.84 | CONFIRMADO (mesmo limiar em dois contextos diferentes da mesma fonte-professor/apostila)",
capsules/EISA_II/hipertensao_intracraniana.md,12,Cabeceira elevada | 30º — melhora retorno venoso | APOSTILA p.73 | CONFIRMADO,
capsules/EISA_II/hipertireoidismo_tireotoxicose.md,4,Doença de Graves — % dos casos de hipertireoidismo | 80% | slide p.4 | CONFIRMADO,
capsules/EISA_II/hipertireoidismo_tireotoxicose.md,5,Doença de Graves — perfil | autoimune (TRAb); mulher > homem; potencialmente fatal por complicações cardiovasculares | slide p.4 | CONFIRMADO,
capsules/EISA_II/hipertireoidismo_tireotoxicose.md,6,Fisiopatologia Graves | linfócitos B produzem TRAb → TRAb ativa receptor de TSH → secreção excessiva de hormônio tireoidiano + aumento do volume da tireoide → hipertireoidismo | slide p.5 | CONFIRMADO,
capsules/EISA_II/hipertireoidismo_tireotoxicose.md,7,"Manifestações clínicas — 3 eixos | hipertireoidismo com bócio difuso (""metabolismo acelerado"") · oftalmopatia (orbitopatia/exoftalmia) · dermopatia (mixedema pré-tibial) | slide p.6 | CONFIRMADO",
capsules/EISA_II/hipertireoidismo_tireotoxicose.md,8,"Hipertireoidismo apático — perfil | acomete idosos; NÃO há sintomas de hiperatividade adrenérgica; predominam astenia, fraqueza muscular, prostração, depressão grave; manifestações CV predominantes (FA, IC refratária) | slide p.8 | CONFIRMADO",
capsules/EISA_II/hipertireoidismo_tireotoxicose.md,9,Etiologias do hipertireoidismo (5) | Doença de Graves · Tireoidite de Hashimoto (fase hashitoxicose) · Iatrogênica (suplementação de levotiroxina) · Adenoma hipofisário produtor de TSH · Gestação | slide p.3 | CONFIRMADO,
capsules/EISA_II/hipertireoidismo_tireotoxicose.md,10,Oftalmopatia — etiopatogênese | TRAb causa agressão intraorbitária → espessamento dos músculos extraoculares + aumento da gordura retrobulbar → protrusão do globo ocular (proptose/exoftalmia) | slide p.10 | CONFIRMADO,
capsules/EISA_II/hipertireoidismo_tireotoxicose.md,11,Diagnóstico laboratorial — 3 padrões | TSH↓ + T4L e T3T↑ = hipertireoidismo franco · TSH↓ + T4L e T3T normais = hipertireoidismo subclínico · TSH↓ + T4L normal e T3T↑ = T3-toxicose | slide p.13 | CONFIRMADO,
capsules/EISA_II/hipertireoidismo_tireotoxicose.md,12,Anticorpos relevantes | TRAb · Anti-Tg · Anti-TPO | slide p.13 | CONFIRMADO,
capsules/EISA_II/hipertireoidismo_tireotoxicose.md,13,RAIU 24h — padrão | elevada em Doença de Graves; tireoidite pós-parto e tireoidite linfocítica aguda podem cursar com hipertireoidismo e **baixa** captação | slide p.14 | CONFIRMADO,
capsules/EISA_II/hipertireoidismo_tireotoxicose.md,14,"USG de tireoide com Doppler — Graves | hipervascularização, aumento de volume (volume normal da tireoide: 5–15g) | slide p.14 | CONFIRMADO",
capsules/EISA_II/hipertireoidismo_tireotoxicose.md,15,Cintilografia de tireoide | hipertireoidismo + nódulo hipercaptante = Adenoma de Plummer | slide p.14 | CONFIRMADO,
capsules/EISA_II/hipertireoidismo_tireotoxicose.md,16,Tireotoxicose por amiodarona — Tipo 1 | doença tireoideana subjacente ou ATPO+; aumento da síntese e liberação hormonal (excesso de oferta de iodo) | slide p.16 | CONFIRMADO,
capsules/EISA_II/hipertireoidismo_tireotoxicose.md,17,Tireotoxicose por amiodarona — Tipo 2 | tireoidite destrutiva; liberação excessiva de T3/T4 sem aumento de síntese | slide p.16 | CONFIRMADO,
capsules/EISA_II/hipertireoidismo_tireotoxicose.md,18,Tratamento — pilares | tionamidas (DAT) + betabloqueador (controle sintomático) · radioiodoterapia · cirurgia | slide p.17 | CONFIRMADO,
capsules/EISA_II/hipertireoidismo_tireotoxicose.md,19,Tionamidas — opções | Metimazol (MMI/Tapazol®) · Propiltiouracil (PTU) | slide p.18 | CONFIRMADO,
capsules/EISA_II/hipertireoidismo_tireotoxicose.md,20,Tionamidas na gestação | 1º trimestre = PTU (menor efeito colateral/teratogenicidade); 2º e 3º trimestre = PTU ou MMI | slide p.18 | CONFIRMADO,
capsules/EISA_II/hipertireoidismo_tireotoxicose.md,21,Radioiodoterapia — dose | 12/15/20 mCi para destruição da tireoide | slide p.18 | CONFIRMADO,
capsules/EISA_II/hipertireoidismo_tireotoxicose.md,22,Radioiodoterapia — cuidado | se tabagista e oftalmopatia ativa: cobrir com corticoide antes (RAI pode piorar oftalmopatia) | slide p.18 | CONFIRMADO,
capsules/EISA_II/hipertireoidismo_tireotoxicose.md,23,Cirurgia | tireoidectomia total | slide p.18 | CONFIRMADO,
capsules/EISA_II/hipertireoidismo_tireotoxicose.md,24,Seguimento pós-iodo | avaliar efeitos colaterais e identificar hipotireoidismo precoce; reavaliar TSH/T4L/T3T em 15 dias e 2 meses | slide p.21 | CONFIRMADO,
capsules/EISA_II/hipertireoidismo_tireotoxicose.md,25,"Sinal ocular específico (tipo de diplopia/oftalmoplegia) | referido no slide p.11, legenda parcialmente obstruída na foto | slide p.11 | confirmar no slide — trecho parcialmente coberto pela cabeça do aluno na fotografia",
capsules/EISA_II/hipertireoidismo_tireotoxicose.md,26,"Forma rara de oftalmopatia (unilateral/bilateral) | referida no slide p.12, conteúdo majoritariamente ilegível na foto | slide p.12 | confirmar no slide — página quase sem texto legível na fotografia",
capsules/EISA_II/hipoparatireoidismo_e_hipocalcemia.md,4,"Regulação do cálcio | PTH, vitamina D (1,25OHD) e calcitonina; Ca sérico alto → PTH↓ e calcitonina↑; Ca sérico baixo → PTH↑ e calcitonina↓ | Slide (Cálcio, Vitamina D, Calcitonina) | CONFIRMADO",
capsules/EISA_II/hipoparatireoidismo_e_hipocalcemia.md,5,"Hipoparatireoidismo — critério laboratorial | PTH baixo ou inapropriadamente normal (LIN) + cálcio baixo + fósforo normal ou alto; repetir com 15 dias e avaliar magnésio | Slide p.28 e p.36, conferido visualmente | CONFIRMADO",
capsules/EISA_II/hipoparatireoidismo_e_hipocalcemia.md,6,"Pseudohipoparatireoidismo — critério laboratorial | PTH ELEVADO + cálcio baixo + fósforo normal ou alto (resistência periférica à ação do PTH) | Slide p.28 e p.31, conferido visualmente | CONFIRMADO",
capsules/EISA_II/hipoparatireoidismo_e_hipocalcemia.md,7,"Etiologia adquirida | cirurgias (tireoidectomia) — mais comum; autoimune; doenças infiltrativas; distúrbios do magnésio | Slide p.34, conferido visualmente | CONFIRMADO",
capsules/EISA_II/hipoparatireoidismo_e_hipocalcemia.md,8,"Etiologia congênita | síndrome de DiGeorge; doenças mitocondriais; mutações do gene do PTH; hipocalcemia hipercalciúrica familiar | Slide p.34, conferido visualmente | CONFIRMADO",
capsules/EISA_II/hipoparatireoidismo_e_hipocalcemia.md,9,"Hipopara pós-cirúrgico — mecanismo | retirada inadvertida ou isquemia das paratireoides; hipocalcemia 24h após cirurgia = hipoparatireoidismo | Slide p.30, conferido visualmente | CONFIRMADO",
capsules/EISA_II/hipoparatireoidismo_e_hipocalcemia.md,10,"Hipopara pós-cirúrgico — transitório x permanente | duração <1 ano = transitório; após 1 ano = permanente | Slide p.30, conferido visualmente | CONFIRMADO",
capsules/EISA_II/hipoparatireoidismo_e_hipocalcemia.md,11,"Hipopara pós-cirúrgico — valor prognóstico do PTH | PTH<10 = maior risco de hipopara permanente; PTH>10 = menor risco | Slide p.30, conferido visualmente | CONFIRMADO",
capsules/EISA_II/hipoparatireoidismo_e_hipocalcemia.md,12,"Manifestações clínicas (diagrama) | extrapiramidais (calcificação de núcleos da base); catarata subcapsular/papiledema; convulsões; broncoespasmo; parestesias/tetania; câimbras/mialgias; fraqueza muscular; irritabilidade/depressão/ansiedade/confusão mental; hipoplasia do esmalte/cáries; prolongamento de QT/insuficiência cardíaca; nefrolitíase/IRC | Slide p.32 (imagem — não presente no texto extraído), conferido visualmente | CONFIRMADO",
capsules/EISA_II/hipoparatireoidismo_e_hipocalcemia.md,13,"Tratamento — hipocalcemia aguda grave | sintomas graves (cardíacos, respiratórios, neurológicos) e/ou Ca<7,0 → gluconato de cálcio EV lento | Slide p.37, conferido visualmente | CONFIRMADO",
capsules/EISA_II/hipoparatireoidismo_e_hipocalcemia.md,14,"Tratamento — hipocalcemia crônica | calcitriol + suplementação de cálcio + hidroclorotiazida (se hipercalciúria); menção a PTH1-84 como opção adicional | Slide p.37, conferido visualmente | CONFIRMADO",
capsules/EISA_II/hipoparatireoidismo_e_hipocalcemia.md,15,"Seguimento | 3-12 meses: cálcio, fósforo, magnésio, creatinina e TFG · 6-12 meses: 25OHD e calciúria 24h | Slide p.37, conferido visualmente | CONFIRMADO",
capsules/EISA_II/hipoparatireoidismo_e_hipocalcemia.md,16,"Correção do cálcio total pela albumina | Ca real = Ca encontrado + 0,8 × (4,0 − albumina) | Slide (seção de hiperparatireoidismo, mesma aula) p.~9 | CONFIRMADO — fórmula geral de correção, válida também para interpretar hipocalcemia aparente por hipoalbuminemia",
capsules/EISA_II/hipopituitarismo.md,4,Causas adquiridas — proporção por tumor hipofisário | tumores hipofisários e seu tratamento (cirurgia/radioterapia) representam até 2/3 dos casos | slide p.7 | CONFIRMADO,
capsules/EISA_II/hipopituitarismo.md,5,Síndrome de Sheehan | necrose hipofisária durante/após o parto; causa comum de hipopituitarismo em mulheres em países em desenvolvimento | slide p.9 | CONFIRMADO,
capsules/EISA_II/hipopituitarismo.md,6,Sequência típica de perda hormonal | GH → FSH/LH → TSH → ACTH | slide p.12 | CONFIRMADO,
capsules/EISA_II/hipopituitarismo.md,7,Sintomas compressivos de tumor hipofisário | cefaleia · hemianopsia bitemporal (compressão do quiasma óptico) · diplopia (invasão do seio cavernoso) · rinorreia liquórica | slide p.13 | CONFIRMADO,
capsules/EISA_II/hipopituitarismo.md,8,Hipotireoidismo primário — padrão | TSH alto + T4 livre baixo | slide p.19–21 | CONFIRMADO,
capsules/EISA_II/hipopituitarismo.md,9,"Hipotireoidismo central — padrão | TSH baixo, normal OU levemente elevado (<10 UI/L) + T4 livre baixo | slide p.24 | CONFIRMADO",
capsules/EISA_II/hipopituitarismo.md,10,Hipotireoidismo central — diferenças clínicas do primário | ausência de bócio; sintomas de menor gravidade | slide p.23 | CONFIRMADO,
capsules/EISA_II/hipopituitarismo.md,11,"Hipotireoidismo central — tratamento | levotiroxina, dose média adulto 1,6 µg/kg/dia; doses menores e titulação cautelosa em idosos/cardiopatas/doença neurológica; T3 não recomendado | slide p.25 | CONFIRMADO",
capsules/EISA_II/hipopituitarismo.md,12,"Hipotireoidismo central — seguimento | reavaliar sintomas/T4L a cada 6–8 semanas durante titulação, depois a cada 6–12 meses; alvo T4L na metade superior do intervalo de referência; coleta antes da dose diária de LT4 | slide p.26 | CONFIRMADO",
capsules/EISA_II/hipopituitarismo.md,13,Regra de segurança — ordem de reposição | sempre avaliar eixo adrenal ANTES de repor LT4 (risco de crise adrenal) | slide p.27 | CONFIRMADO,
capsules/EISA_II/hipopituitarismo.md,14,"GH + LT4 — interação | reposição de GH aumenta conversão T4→T3, pode exigir ajuste da dose de LT4 | slide p.27 | CONFIRMADO",
capsules/EISA_II/hipopituitarismo.md,15,IA secundária — o que a diferencia da primária | ausência de manchas hipercrômicas (hiperpigmentação) | slide p.31 | CONFIRMADO,
capsules/EISA_II/hipopituitarismo.md,16,"IA secundária — achados laboratoriais | anemia normocítica normocrômica · eosinofilia · hiponatremia · hipoglicemia · hipercalemia | slide p.33 | CONFIRMADO — nota: hipercalemia na IA secundária diverge do ensino clássico (eixo mineralocorticoide teoricamente preservado); registrado exatamente como consta no slide do professor, que é a fonte de maior peso para a prova",
capsules/EISA_II/hipopituitarismo.md,17,Diagnóstico de IA — coleta de cortisol | dosar entre 8h e 9h da manhã | slide p.34 | CONFIRMADO,
capsules/EISA_II/hipopituitarismo.md,18,"ITT (teste de tolerância à insulina) — contraindicações | epilepsia, arritmias cardíacas, doenças cerebrovasculares | slide p.34 | CONFIRMADO",
capsules/EISA_II/hipopituitarismo.md,19,"IA secundária — tratamento | hidrocortisona 15–20mg/dia em 2–3 doses (maior dose ao acordar) OU prednisona 2,5–5mg/dia; equivalência 1mg prednisona = 4mg hidrocortisona; mineralocorticoide NÃO necessário na IA secundária | slide p.35 | CONFIRMADO",
capsules/EISA_II/hipopituitarismo.md,20,IA secundária — ajuste em doença aguda | elevar a dose de glicocorticoide em 2–3x até resolução do quadro | slide p.35 | CONFIRMADO,
capsules/EISA_II/hipopituitarismo.md,21,Hipogonadismo hipogonadotrófico — laboratório | mulheres: estradiol baixo + FSH/LH baixos ou inapropriadamente normais; homens: testosterona baixa + FSH/LH baixos ou inapropriadamente normais | slide p.41 | CONFIRMADO,
capsules/EISA_II/hipopituitarismo.md,22,Reposição de testosterona — contraindicações | CA de mama ou próstata; nódulo/endurecimento prostático + PSA>4 (ou >3 com risco aumentado) sem avaliação urológica; hematócrito elevado; apneia do sono grave não tratada; sintomas urinários graves; ICC não controlada; IAM/AVC <6 meses; trombofilia | slide p.47 | CONFIRMADO,
capsules/EISA_II/hipopituitarismo.md,23,Reposição de testosterona — monitoramento | hematócrito e PSA no 1º ano de tratamento | slide p.48 | CONFIRMADO,
capsules/EISA_II/hipopituitarismo.md,24,"Deficiência de GH — dose inicial por perfil | ≥60 anos: 0,1mg · homens jovens: 0,2mg · mulheres jovens: 0,3mg · período de transição: 0,4–0,7mg; titular mensalmente por IGF-1 (meta: mediana a limite superior da normalidade) | slide p.53 | CONFIRMADO",
capsules/EISA_II/hipopituitarismo.md,25,"Deficiência de GH — contraindicações ao tratamento | malignidade ativa, diabetes não controlada, retinopatia diabética, hipertensão intracraniana | slide p.53 | CONFIRMADO",
capsules/EISA_II/hipotireoidismo.md,4,"Hipotireoidismo primário | TSH ↑ / T4 livre ↓ / Anti-TPO ↑ se Hashimoto | HIPOTIREOIDISMO_2025.1 p.35 (slide ""Diagnóstico laboratorial"") | CONFIRMADO",
capsules/EISA_II/hipotireoidismo.md,5,"Hipotireoidismo central | TSH normal, ↓ ou pouco ↑ (<10 mU/L) / T4 livre ↓ | HIPOTIREOIDISMO_2025.1 p.35 | CONFIRMADO",
capsules/EISA_II/hipotireoidismo.md,6,Hipotireoidismo primário — prevalência | ~95% dos casos | HIPOTIREOIDISMO_2025.1 p.8 (epidemiologia) | CONFIRMADO,
capsules/EISA_II/hipotireoidismo.md,7,Meia-vida da levotiroxina | 7 dias (esqueceu 1 dia → toma dobro no dia seguinte) | resumed p.203; HIPOTIREOIDISMO_2025.1 p.36 | CONFIRMADO,
capsules/EISA_II/hipotireoidismo.md,8,"Dose adulto (16-65a) / >65a sem ressalva | 1,6–1,87 mcg/kg/dia / 1,6 mcg/kg/dia | HIPOTIREOIDISMO_2025.1 p.39 (Vilar 2021), conferido visualmente | CONFIRMADO",
capsules/EISA_II/hipotireoidismo.md,9,"Dose peds (neonato → 10-16a) | decrescente com a idade: 10-15 (neonato) até 2-4 mcg/kg/dia (10-16a) | HIPOTIREOIDISMO_2025.1 p.39, conferido visualmente | CONFIRMADO",
capsules/EISA_II/hipotireoidismo.md,10,"Situações especiais (>65 anos, coronariopata, hipoT grave de longa duração) | iniciar 12,5–25 mcg/dia; reajustar 12,5–25 mcg a cada 15–30 dias | HIPOTIREOIDISMO_2025.1 p.40, conferido visualmente | CONFIRMADO",
capsules/EISA_II/hipotireoidismo.md,11,"Reavaliação de TSH após início/ajuste de dose | 6 a 8 semanas | HIPOTIREOIDISMO_2025.1 p.41, conferido visualmente (resumed cita ""45 dias"" — divergência numérica pequena, prevalece camada A: 6–8 semanas) | CONFIRMADO_COM_CORREÇÕES",
capsules/EISA_II/hipotireoidismo.md,12,"Metas de TSH sob reposição, por idade | 20–60a: 1–2,5 · 60–70a: 3–4 · >70a: 4–6 mU/L | HIPOTIREOIDISMO_2025.1 p.41, conferido visualmente | CONFIRMADO",
capsules/EISA_II/hipotireoidismo.md,13,"Meta de TSH no idoso em geral (SBEM 2022) | 2,0 a 6,0 mIU/L | HIPOTIREOIDISMO_2025.1 p.43 | CONFIRMADO",
capsules/EISA_II/hipotireoidismo.md,14,Meta no hipotireoidismo central | T4 livre no terço superior da faixa de normalidade (não usar TSH como meta) | HIPOTIREOIDISMO_2025.1 p.42 | CONFIRMADO,
capsules/EISA_II/hipotireoidismo.md,15,Subclínico — limiares para tratar | TSH >10 sempre · TSH >7 se risco CV elevado · Anti-TPO+ · alteração de USG compatível · desejo de engravidar · sintomático → teste terapêutico | HIPOTIREOIDISMO_2025.1 p.44 | CONFIRMADO,
capsules/EISA_II/hipotireoidismo.md,16,"Idoso >80–85 anos com subclínico | vigilância (seguimento) é a melhor opção, mesmo com TSH elevado | HIPOTIREOIDISMO_2025.1 p.45–46 | CONFIRMADO",
capsules/EISA_II/hipotireoidismo.md,17,Idoso 65-80 anos com subclínico | individualizar; considerar tratar se TSH persistentemente >10 mUI/L | HIPOTIREOIDISMO_2025.1 p.45–46 | CONFIRMADO,
capsules/EISA_II/hipotireoidismo.md,18,Terapia combinada T4+T3 | NÃO usar — sem evidência de vantagem sobre LT4 isolada | HIPOTIREOIDISMO_2025.1 p.47 (SBEM 2022) | CONFIRMADO,
capsules/EISA_II/hipotireoidismo.md,19,"Gestação — dose por faixa (FEBRASGO 2022) | TSH>10: 2 mcg/kg/d · TSH 4–10 com T4L baixo: 2 mcg/kg/d · TSH 4–10 com T4L normal: 1 mcg/kg/d · TSH 2,5–4 com Anti-TPO+: 50 mcg/dia fixo | HIPOTIREOIDISMO_2025.1 p.51, conferido visualmente | CONFIRMADO",
capsules/EISA_II/hipotireoidismo.md,20,"Meta de TSH na gestação (1º trimestre) | <2,5 mUI/L | HIPOTIREOIDISMO_2025.1 p.51-52; resumed p.203 (concordam) | CONFIRMADO",
capsules/EISA_II/hipotireoidismo.md,21,"Hipotireoidismo prévio à gestação | assim que engravidar, aumentar dose de LT4 em ~30%, reavaliar a cada 4 semanas | HIPOTIREOIDISMO_2025.1 p.53 (concorda com resumed ""25-30%"") | CONFIRMADO",
capsules/EISA_II/hipotireoidismo.md,22,Puerpério — hipoT prévio à gestação | retornar à dose pré-gestacional | HIPOTIREOIDISMO_2025.1 p.54 | CONFIRMADO,
capsules/EISA_II/hipotireoidismo.md,23,Puerpério — hipoT diagnosticado na gestação/Anti-TPO+ | se dose final <50 mcg/dia: suspender e reavaliar em 6 sem · se >50 mcg/dia: reduzir 25-50% e reavaliar em 6 sem | HIPOTIREOIDISMO_2025.1 p.54 | CONFIRMADO,
capsules/EISA_II/hipotireoidismo.md,24,Coma mixedematoso — tríade | alteração do estado mental + termorregulação deficiente (hipotermia) + fator precipitante | HIPOTIREOIDISMO_2025.1 p.31; resumed p.205 (concordam) | CONFIRMADO,
capsules/EISA_II/hipotireoidismo.md,25,"Coma mixedematoso — mortalidade | slide A: ~50% mesmo com tratamento em tempo hábil; camada B (resumed): 15–60% | HIPOTIREOIDISMO_2025.1 p.31 vs resumed p.205 | CONFIRMADO_COM_CORREÇÕES — prevalece a camada A: usar ""~50%, mortalidade elevada mesmo tratado""; a faixa 15-60% da apostila é compatível como intervalo mais amplo",
capsules/EISA_II/hipotireoidismo.md,26,Efeito Wolff-Chaikoff | excesso de iodo → BLOQUEIA síntese → hipotireoidismo | HIPOTIREOIDISMO_2025.1 p.13 | CONFIRMADO,
capsules/EISA_II/hipotireoidismo.md,27,Fenômeno Jod-Basedow | excesso de iodo → ESTIMULA síntese → hipertireoidismo | HIPOTIREOIDISMO_2025.1 p.13 | CONFIRMADO,
capsules/EISA_II/infeccoes_sexualmente_transmissiveis.md,4,"Tratamento de uretrite (protocolo atual) | Ceftriaxona 1g IM + Azitromicina 1g VO, ambas em dose única, SEMPRE juntas (cobre as 2 isoformas); sem azitro: Doxiciclina 100mg VO 12/12h por 7 dias | IST_ATUALIZADA slide p.9 (""para não ter dúvida alguma"") | CONFIRMADO — corrige protocolo sequencial (cipro→ceftriaxona) descrito em Uro_DOENA_A_SEXUALMENTE p.7",
capsules/EISA_II/infeccoes_sexualmente_transmissiveis.md,5,Agente uretrite gonocócica | Neisseria gonorrhoeae; diplococos Gram-negativos intracelulares; incubação 3–5 dias | IST_ATUALIZADA p.6 | CONFIRMADO,
capsules/EISA_II/infeccoes_sexualmente_transmissiveis.md,6,"Agente uretrite não gonocócica | Chlamydia trachomatis (mais comum) + Ureaplasma urealyticum, Mycoplasma hominis, Trichomonas vaginalis; incubação 1–3 semanas | IST_ATUALIZADA p.7 | CONFIRMADO",
capsules/EISA_II/infeccoes_sexualmente_transmissiveis.md,7,"Adenopatia do cancro mole | Unilateral em 2/3 dos casos (30–50% dos pacientes têm acometimento linfonodal) | IST_ATUALIZADA p.26 | CORRIGIDO — Uro_DOENA_A_SEXUALMENTE p.7 registrava "">70%""; prevalece o valor do slide",
capsules/EISA_II/infeccoes_sexualmente_transmissiveis.md,8,Tratamento cancro mole | Azitromicina 1g VO DU OU Ceftriaxona 250mg IM DU OU Ciprofloxacino VO 2x/dia por 3 dias; gestante: estearato de eritromicina 7 dias | IST_ATUALIZADA p.28 | CONFIRMADO,
capsules/EISA_II/infeccoes_sexualmente_transmissiveis.md,9,"VDRL reagente para sífilis | Titulação ≥1:32; falsos-positivos têm título <1:32 (hanseníase virchowiana, LES) | ANOTAC_O_ES_IST p.3; Uro_DOENA_A_SEXUALMENTE p.6 | CONFIRMADO (2 fontes B convergentes)",
capsules/EISA_II/infeccoes_sexualmente_transmissiveis.md,10,FTA-Abs | Sorologia treponêmica específica/confirmatória; alta sensibilidade e especificidade; qualitativo; permanece positivo a vida toda mesmo após cura — NÃO serve para controle de cura | IST_ATUALIZADA p.24 | CONFIRMADO,
capsules/EISA_II/infeccoes_sexualmente_transmissiveis.md,11,Controle de cura da sífilis | VDRL (quantitativo); negativa entre 9–12 meses pós-tratamento | ANOTAC_O_ES_IST p.3 | CONFIRMADO,
capsules/EISA_II/infeccoes_sexualmente_transmissiveis.md,12,"Tratamento sífilis | Penicilina benzatina 2,4 milhões UI IM DU (1,2 milhão em cada nádega simultaneamente) | Uro_DOENA_A_SEXUALMENTE p.6; ANOTAC_O_ES_IST p.3 | CONFIRMADO (2 fontes B convergentes; slide não detalha dose neste ponto — confirmar no slide)",
capsules/EISA_II/infeccoes_sexualmente_transmissiveis.md,13,Herpes genital — tto infecção primária | Aciclovir 200–400mg VO 5x/dia por 5–10 dias; Valaciclovir 1g VO 12/12h por 7 dias; Fanciclovir 250mg VO 8/8h por 7 dias | IST_ATUALIZADA p.48 | CORRIGIDO — Uro_DOENA_A_SEXUALMENTE p.11 registrava Fanciclovir por 5 dias; slide traz 7 dias,
capsules/EISA_II/infeccoes_sexualmente_transmissiveis.md,14,Herpes genital — tto recorrência | Aciclovir 400mg VO 8/8h por 5 dias; Fanciclovir 125mg VO 12/12h por 5 dias; Valaciclovir 500mg VO 12/12h por 5 dias | IST_ATUALIZADA p.48 | CONFIRMADO,
capsules/EISA_II/infeccoes_sexualmente_transmissiveis.md,15,"HPV + preservativo | Única IST que pode ocorrer em usuário de preservativo (lesão em região suprapúbica/peno-escrotal, não coberta) | IST_ATUALIZADA p.56 | CONFIRMADO",
capsules/EISA_II/infeccoes_sexualmente_transmissiveis.md,16,"Donovanose x carcinoma de pênis | Úlcera peniana persistente >4–6 semanas: biopsiar sempre antes de rotular donovanose, para excluir carcinoma epidermoide | IST_ATUALIZADA p.34 (""por que biopsiar?"") | CONFIRMADO",
capsules/EISA_II/infeccoes_sexualmente_transmissiveis.md,17,Rastreio obrigatório em toda IST | VDRL + anti-HIV 1 e 2 + sorologia hepatite B e C (propor vacina se não imunizado para hepatite B) | Uro_DOENA_A_SEXUALMENTE p.2; ANOTAC_O_ES_IST p.1 | CONFIRMADO (2 fontes B convergentes; confirmar no slide),
capsules/EISA_II/insulinoterapia_classificacao_farmacocinetica.md,4,"Insulinoterapia intensiva — benefício | ↓76% retinopatia; ↓60% neuropatia; ↓39% nefropatia | P7_FAMENE_FARMACOTERAPIA_DO_DIABETES_2025_1_2a_aula p.59 (texto) | confirmar no slide (página não fotografada na amostra desta verificação; valor extraído de slide nativo do mesmo deck, mas não reaberta a imagem)",
capsules/EISA_II/insulinoterapia_classificacao_farmacocinetica.md,5,"Categorias farmacocinéticas de insulina | 5 categorias: ultrarrápida, rápida, intermediária, longa, ultralonga | idem p.62–63 | CONFIRMADO",
capsules/EISA_II/insulinoterapia_classificacao_farmacocinetica.md,6,"Ultrarrápidas (lispro, asparte, glulisina) | Início <15 min; pico 30–90 min; duração 3–4h; aplicar 15 min antes ou durante a refeição | idem p.68 (tabela) | CONFIRMADO",
capsules/EISA_II/insulinoterapia_classificacao_farmacocinetica.md,7,Regular (rápida) | Início 30–60 min; pico 120–180 min; duração 4–6h; aplicar 30 min antes da refeição; variabilidade de absorção ~25% | idem p.68 (tabela) | CONFIRMADO,
capsules/EISA_II/insulinoterapia_classificacao_farmacocinetica.md,8,NPH (intermediária) — slide descritivo | Início 1–4h; pico 4–10h; duração **12–18h**; variabilidade de absorção ~50%; maior probabilidade de hipoglicemia noturna e hiperglicemia de jejum | idem p.69 | CONFIRMADO (nesta página),
capsules/EISA_II/insulinoterapia_classificacao_farmacocinetica.md,9,"NPH — tabela comparativa ""ação longa"" | Início 1–4h; pico 4–10h; duração **10–16h** | idem p.71 (tabela) | CONFIRMADO (nesta página) — DIVERGE do valor de p.69; ambos registrados, ver Limitações da fonte",
capsules/EISA_II/insulinoterapia_classificacao_farmacocinetica.md,10,Detemir (longa) | Início 1–4h; sem pico; duração 20–24h; aplicação 2x/dia | idem p.71 | CONFIRMADO,
capsules/EISA_II/insulinoterapia_classificacao_farmacocinetica.md,11,Glargina (longa) | Início 1–4h; sem pico; duração 20–24h; aplicação 1x/dia | idem p.71 | CONFIRMADO,
capsules/EISA_II/insulinoterapia_classificacao_farmacocinetica.md,12,Degludeca (ultralonga) | Início 30–90 min; sem pico; duração 36–42h; aplicação 1x/dia | idem p.71 | CONFIRMADO,
capsules/EISA_II/insulinoterapia_classificacao_farmacocinetica.md,13,"Insulinas humanas vs análogos | Humanas (regular, NPH): DNA recombinante, menor imunogenicidade; análogos: lispro, asparte, glulisina, glargina, detemir | idem p.55 (texto) | CONFIRMADO",
capsules/EISA_II/insulinoterapia_classificacao_farmacocinetica.md,14,Insulina — efeitos indesejáveis | Hipoglicemia; aumento de peso | idem p.73 (texto) | CONFIRMADO,
capsules/EISA_II/insulinoterapia_no_dm1_e_dm2.md,4,"Indicação de insulina — DM2 recém-diagnosticado, assintomático, sem DCV/renal | terapia dupla (metformina+insulina) deve ser CONSIDERADA | Insulinoterapia (1) p.13, conferido visualmente | CONFIRMADO",
capsules/EISA_II/insulinoterapia_no_dm1_e_dm2.md,5,"Indicação de insulina — DM2 sintomático (poliúria/perda de peso) com HbA1c>9% ou GJ≥250 mg/dl | terapia à base de insulina é RECOMENDADA, mesmo que transitória | Insulinoterapia (1) p.14, conferido visualmente | CONFIRMADO",
capsules/EISA_II/insulinoterapia_no_dm1_e_dm2.md,6,"Indicação de insulina — falha de terapia dupla/tripla | HbA1c acima do alvo mesmo após dupla/tripla terapia com GLP1-RA ou GLP1-RA+GIP → insulina | Insulinoterapia (1) p.11-12 (roteiro OCR, conteúdo simples e concordante com resumed) | CONFIRMADO",
capsules/EISA_II/insulinoterapia_no_dm1_e_dm2.md,7,"Como iniciar insulinoterapia (qualquer indicação) | escolher basal longa/ultralonga; iniciar 10U ou 0,1-0,2 U/kg; objetivo = controle da glicemia de jejum; aumentar 2U a cada 3 dias até meta | Insulinoterapia (1) p.18, conferido visualmente | CONFIRMADO",
capsules/EISA_II/insulinoterapia_no_dm1_e_dm2.md,8,"DM2 — 1ª etapa (basal) | 10 U/dia ou 0,1-0,2 U/kg/dia, ao dormir + metformina; ajustar por glicemia de jejum | Diabetes_3_insulinoterapia p.5 (camada B, concorda com slide A) | CONFIRMADO",
capsules/EISA_II/insulinoterapia_no_dm1_e_dm2.md,9,"DM2 — 2ª/3ª etapa (basal-plus) | adicionar 4U ou 0,1 U/kg ou 10% da dose basal por refeição, começando na refeição de pior glicemia pós-prandial; aumentar 1-2U 2x/semana | Insulinoterapia (1) p.26 (ADA 2023), conferido visualmente; Diabetes_3 p.5 (concordam) | CONFIRMADO",
capsules/EISA_II/insulinoterapia_no_dm1_e_dm2.md,10,"Sinais de que a basal não é mais suficiente | dose basal >0,5 U/kg/dia · hipoglicemias frequentes/grande variabilidade · descontrole pós-prandial importante · diferença bed-time × jejum de 50-55 mg/dl | Insulinoterapia (1) p.25, conferido visualmente | CONFIRMADO",
capsules/EISA_II/insulinoterapia_no_dm1_e_dm2.md,11,DM2 — 4ª etapa (basal-bolus pleno) | 1-2 doses basal + 3 doses prandiais (antes de cada refeição principal) | Diabetes_3 p.5-6 | CONFIRMADO,
capsules/EISA_II/insulinoterapia_no_dm1_e_dm2.md,12,"IDegLira (degludeca+liraglutida) — dose inicial | 10U se virgem de insulina; 16U se uso prévio de insulina ou GLP1-RA; dose máxima 50U da combinação | Insulinoterapia (1) p.20 e 22, conferido visualmente (2 páginas concordantes) | CONFIRMADO",
capsules/EISA_II/insulinoterapia_no_dm1_e_dm2.md,13,"Estudo DUAL V — IDegLira x IGlar U100 (ambos + metformina) | ΔHbA1c: -1,81 x -1,13 (p<0,001) · Δpeso: -1,4kg x +1,8kg (p<0,001) · hipoglicemia: 2,23 x 5,05 eventos/paciente-ano (p<0,001) · HbA1c final: 6,6% x 7,1% | Insulinoterapia (1) p.22-23, conferido visualmente | CONFIRMADO",
capsules/EISA_II/insulinoterapia_no_dm1_e_dm2.md,14,"DM1 — dose total diária ao diagnóstico | ~0,5 U/kg/dia (exemplo: 60kg → 30U/dia) | Insulinoterapia (1) p.35, conferido visualmente | CONFIRMADO",
capsules/EISA_II/insulinoterapia_no_dm1_e_dm2.md,15,"DM1 — divisão basal/bolus | esquema simples: 40-50% basal + 50-60% bolus fixa, dividida nas refeições (ex.: 15U basal + 15U bolus = 5U antes de cada refeição) | Insulinoterapia (1) p.32 e 35, conferido visualmente | CONFIRMADO",
capsules/EISA_II/insulinoterapia_no_dm1_e_dm2.md,16,"Fator de sensibilidade (FS) | 1800 ÷ dose total diária de insulina (ex.: 1800/30 = 60 → 1U baixa 60mg/dl) | Insulinoterapia (1) p.38, conferido visualmente | CONFIRMADO",
capsules/EISA_II/insulinoterapia_no_dm1_e_dm2.md,17,"Dose de correção | (glicemia atual − meta) ÷ FS (ex.: alvo 100, glicemia 300, FS 60 → (300-100)/60 = 3,3 ≈ 3U) | Insulinoterapia (1) p.38, conferido visualmente | CONFIRMADO",
capsules/EISA_II/insulinoterapia_no_dm1_e_dm2.md,18,"RIC — relação insulina-carboidrato | 400 ÷ dose total diária de insulina (ex.: 400/30 = 13,3 → RIC 1:13, ou seja 1U cobre ~13g de carboidrato) | Insulinoterapia (1) p.39, conferido visualmente | CONFIRMADO",
capsules/EISA_II/insulinoterapia_no_dm1_e_dm2.md,19,"Dose total pré-refeição (correção + carboidrato) | soma das duas doses calculadas separadamente (ex.: 3U correção + 5U carboidrato = 8U pré-almoço) | Insulinoterapia (1) p.40, conferido visualmente | CONFIRMADO",
capsules/EISA_II/insulinoterapia_no_dm1_e_dm2.md,20,"Perfil de ação — insulinas rápidas | Regular: início 30min-1h, duração 10-16h, maior risco de hipoglicemia · Aspart/Lispro/Glulisina (ultrarrápidas): início 5-15min, duração 3-5h, menor risco | Diabetes_3 p.4 (camada B; concorda com o gráfico da camada A p.17) | CONFIRMADO",
capsules/EISA_II/insulinoterapia_no_dm1_e_dm2.md,21,"Perfil de ação — insulinas basais | NPH: início 30min-1h/dura 10-16h (maior risco hipo) · Detemir: 1-3h/18-22h · Glargina U100: 2-4h/20-24h · Glargina U300: 6h/36h · Degludeca: 21-41min/42h (menor risco, ""a melhor"") | Diabetes_3 p.4-5; Insulinoterapia (1) p.17 (gráfico, concordam) | CONFIRMADO",
capsules/EISA_II/insulinoterapia_no_dm1_e_dm2.md,22,Ordem de risco de hipoglicemia entre basais | NPH > Detemir > Glargina U100 > Glargina U300 = Degludeca | Diabetes_3 p.5 | CONFIRMADO (não presente na camada A — rotulado como B),
capsules/EISA_II/insulinoterapia_no_dm1_e_dm2.md,23,"Mistura de insulinas na mesma seringa | somente NPH pode ser misturada com rápida/ultrarrápida; aspirar a rápida primeiro | Insulinoterapia (1) p.27, conferido visualmente | CONFIRMADO",
capsules/EISA_II/insulinoterapia_no_dm1_e_dm2.md,24,"Efeito Somogyi | hiperglicemia de rebote por hipoglicemia noturna → hormônios contrarreguladores; tratamento: DIMINUIR a dose de NPH/lenta da noite | Diabetes_3 p.7 (definição e tratamento; camada A traz só a definição, sem o tratamento, na p.44) | CONFIRMADO",
capsules/EISA_II/insulinoterapia_no_dm1_e_dm2.md,25,"Fenômeno do alvorecer | resistência tissular à insulina entre 5h-8h (pico de cortisol); tratamento: trocar horário da NPH para a hora de deitar, ou aumentar basal via bomba nesse intervalo | Diabetes_3 p.7; Insulinoterapia (1) p.44 (definição, concordam) | CONFIRMADO",
capsules/EISA_II/insulinoterapia_no_dm1_e_dm2.md,26,"Metas glicêmicas individualizadas | DM1/DM2 padrão: HbA1c<7,0, GJ/pré-prandial 80-130, pós-prandial<180 · idoso saudável: HbA1c<7,5 · idoso comprometido: HbA1c<8,0 · idoso muito comprometido: evitar sintomas de hiper/hipo · criança/adolescente: HbA1c<7,0, GJ 70-130 | Insulinoterapia (1) p.24, conferido visualmente | CONFIRMADO",
capsules/EISA_II/lesao_renal_aguda_lra.md,4,"Janela temporal LRA / doença renal aguda / DRC | LRA: até 7 dias; doença renal aguda: 7–90 dias; DRC: >90 dias | Inju_ria_renal_aguda p.1 | CONFIRMADO (fonte única explícita, coerente com definição de cronicidade de DRC de 3 meses)",
capsules/EISA_II/lesao_renal_aguda_lra.md,5,Principal fator de risco para LRA | Ser portador de DRC (agudização) | Inju_ria_renal_aguda p.1; Nefrologia_LesA_o p.7 | CONFIRMADO (2 fontes),
capsules/EISA_II/lesao_renal_aguda_lra.md,6,"KDIGO Estágio I | Cr sérica ↑≥0,3mg/dL em 48h OU ↑1,5–1,9× o basal OU diurese <0,5mL/kg/h por 6–12h | Inju_ria_renal_aguda p.2; Lesa_o_renal_aguda p.1 | CONFIRMADO (2 fontes independentes, valores idênticos)",
capsules/EISA_II/lesao_renal_aguda_lra.md,7,"KDIGO Estágio II | Cr ↑2,0–2,9× o basal OU diurese <0,5mL/kg/h por >12h | Inju_ria_renal_aguda p.2; Lesa_o_renal_aguda p.1 | CONFIRMADO (2 fontes)",
capsules/EISA_II/lesao_renal_aguda_lra.md,8,"KDIGO Estágio III | Cr ↑≥3× o basal OU Cr sérica ≥4mg/dL (independente da variação) OU início de TRS OU (<18a: TFG<35mL/min) OU diurese <0,3mL/kg/h por >24h OU anúria >12h | Inju_ria_renal_aguda p.2; Lesa_o_renal_aguda p.1-2 | CONFIRMADO (2 fontes)",
capsules/EISA_II/lesao_renal_aguda_lra.md,9,"Regra do ""pior estágio"" | Quando os dois critérios (variação e valor absoluto de Cr) apontam estágios diferentes, vale o mais grave | Inju_ria_renal_aguda p.2 (com exemplo numérico) | CONFIRMADO",
capsules/EISA_II/lesao_renal_aguda_lra.md,10,Distribuição etiológica | Pré-renal 30–60%; renal ~40%; pós-renal ~10% | Inju_ria_renal_aguda p.4/6 | CONFIRMADO,
capsules/EISA_II/lesao_renal_aguda_lra.md,11,"Causa mais comum de LRA renal | Necrose tubular aguda (NTA), predominantemente isquêmica, lesando o segmento S3 do túbulo contorcido proximal | Inju_ria_renal_aguda p.4 | CONFIRMADO",
capsules/EISA_II/lesao_renal_aguda_lra.md,12,Diferenciação pré-renal x NTA | Cilindros granulares (Tamm-Horsfall) = NTA; osmolaridade urinária alta + Na urinário baixo = pré-renal; osmolaridade baixa + Na alto = NTA | Inju_ria_renal_aguda p.5; Nefrologia_LesA_o p.6 | CONFIRMADO (2 fontes),
capsules/EISA_II/lesao_renal_aguda_lra.md,13,Relação ureia/creatinina | Ureia desproporcionalmente maior que creatinina é típico de LRA pré-renal | Nefrologia_LesA_o p.5 | CONFIRMADO (fonte única),
capsules/EISA_II/lesao_renal_aguda_lra.md,14,Classificação por diurese | Anúria <100mL/dia; oligúria 100–400mL/dia; não oligúrica >400mL/dia | Inju_ria_renal_aguda p.3 | CONFIRMADO,
capsules/EISA_II/lesao_renal_aguda_lra.md,15,"IECA/BRA na LRA em curso | Contraindicado — bloqueia a vasoconstrição compensatória da arteríola eferente e derruba ainda mais a TFG; na DRC estável com proteinúria, o mesmo fármaco é nefroprotetor | Inju_ria_renal_aguda p.4; Nefrologia_LesA_o p.4 | CONFIRMADO (2 fontes)",
capsules/EISA_II/lesao_renal_aguda_lra.md,16,"Nefropatia por contraste | Surge 2–7 dias após exposição, geralmente autolimitada, raramente exige diálise | Inju_ria_renal_aguda p.8 | CONFIRMADO (fonte única)",
capsules/EISA_II/lesao_renal_aguda_lra.md,17,"Indicações de TRS na LRA | Uremia, hipercalemia refratária, hipervolemia refratária, acidose metabólica refratária, ou causas não renais — indicada quando a conduta inicial falha, independente da etiologia | Inju_ria_renal_aguda p.7 | CONFIRMADO",
capsules/EISA_II/lesao_renal_aguda_lra.md,18,Metas de diálise (quando indicada) | Manter ureia <180mg/dL e creatinina <8mg/dL | Lesa_o_renal_aguda p.4 | CONFIRMADO (fonte única — 1 de 3),
capsules/EISA_II/lesao_renal_aguda_lra.md,19,"Tipos de TRS | Hemodiálise clássica (~4h); diálise peritoneal; SLED/hemodiálise estendida (~12h, remoção mais lenta); hemodiafiltração contínua (~72h) — escolha guiada pela estabilidade hemodinâmica | Inju_ria_renal_aguda p.8 | CONFIRMADO",
capsules/EISA_II/lesao_renal_aguda_lra.md,20,"Creatinina como marcador | Marcador tardio — a TFG já caiu antes da Cr subir; não existe ainda biomarcador precoce validado (cistatina C, NGAL, NAG, IL-18, KIM-1 são promissores mas não disponíveis na prática) | Inju_ria_renal_aguda p.7; Nefrologia_LesA_o p.6 | CONFIRMADO (2 fontes)",
capsules/EISA_II/linfedema.md,4,"Consistência do edema | Duro, pouco depressível, sem sinal de cacifo/godet (edema rico em proteína) | APOSTILA SA II (p.246); resumed saúde do adulto 2 (p.~227) | CONFIRMADO (2 fontes convergentes)",
capsules/EISA_II/linfedema.md,5,Sinal clínico específico | Sinal de Stemmer — não pregueamento da pele dos dedos dos pés | APOSTILA SA II (p.246) | CONFIRMADO,
capsules/EISA_II/linfedema.md,6,"Achado cutâneo tardio | Pele em ""casca de laranja"" | APOSTILA SA II (p.246) | CONFIRMADO",
capsules/EISA_II/linfedema.md,7,"Classificação etiológica | Primário (congênito) ou secundário (trauma, cirurgia, neoplasia, erisipela de repetição) | APOSTILA SA II (p.246) | CONFIRMADO",
capsules/EISA_II/linfedema.md,8,"Principal causa mundial (nesta disciplina) | Erisipela (de repetição) | resumed saúde do adulto 2 (p.~227, ""qual a principal causa de linfedema no mundo? Erisipela"") | CONFIRMADO — rotulado como enquadramento da disciplina de Angiologia; ressalva de que em Parasitologia a resposta canônica para elefantíase é filariose",
capsules/EISA_II/linfedema.md,9,Segunda causa mais citada | Câncer (ex.: pós-mastectomia com esvaziamento linfonodal) | resumed saúde do adulto 2 (p.~227) | CONFIRMADO,
capsules/EISA_II/linfedema.md,10,"Reversibilidade inicial | No início, reversível com repouso noturno/elevação do membro; com recorrência (múltiplos episódios), torna-se irreversível → elefantíase | APOSTILA SA II (p.246); resumed saúde do adulto 2 (p.~226-227) | CONFIRMADO",
capsules/EISA_II/linfedema.md,11,"Exames complementares (casos de dúvida diagnóstica) | TC, linfocintilografia, linfografia | APOSTILA SA II (p.246) | CONFIRMADO",
capsules/EISA_II/linfedema.md,12,"Tratamento | Perda de peso (se obeso), elevação do membro, drenagem linfática manual, contenção inelástica/elástica, compressão pneumática intermitente; pode-se usar cumarínicos/diosmina/hesperidina | APOSTILA SA II (p.246) | CONFIRMADO",
capsules/EISA_II/litiase_urinaria.md,4,"Prevalência | 9% (uma fonte descreve ""risco de formação de cálculos"" de 5–20%, métrica distinta de prevalência pontual) | APOSTILA p.147; 1-Litíase urinária p.1; Litíase Urinária pdf p.1 | CONFIRMADO (3/3 fontes que citam ""prevalência"" convergem em 9%)",
capsules/EISA_II/litiase_urinaria.md,5,Índice de recorrência | 50% em 10 anos | APOSTILA p.147; todas as 5 fontes B | CONFIRMADO (5 fontes convergentes),
capsules/EISA_II/litiase_urinaria.md,6,Pico de incidência por década | 3ª–5ª década | Uro-Litíase (Edine) p.1; Litíase Urinária pdf p.1; Litíase II unidade p.1; 1-Litíase urinária p.1 | CORRIGIDO — Apostila oficial cita 4ª–6ª década (1 fonte); prevalece a maioria (4 fontes B) por ausência de camada A,
capsules/EISA_II/litiase_urinaria.md,7,"Relação por sexo (M:F) | 1,3:1 | APOSTILA p.147; 1-Litíase urinária p.1; Litíase Urinária pdf p.1 (grafado ""1:3:1"", provável erro de digitação de ""1,3:1"") | CONFIRMADO_COM_CORREÇÕES — 3 fontes convergem em 1,3:1 contra 2 fontes (Edine; Litíase II unidade) que citam 3:1; prevalece a maioria",
capsules/EISA_II/litiase_urinaria.md,8,"Classificação por composição e frequência | Oxalato/fosfato de cálcio 60–80% (idiopático 25%); estruvita 10–15% (infecção); ácido úrico 5–10% (idiopático 50%); cistina 1%; outros (xantina, indinavir) 1% | APOSTILA p.148 | CONFIRMADO",
capsules/EISA_II/litiase_urinaria.md,9,Hipercalciúria idiopática | Cálcio urinário >200mg/24h (uma fonte usa o corte >4mg/kg/dia) | APOSTILA p.148; Uro-Litíase p.2 | CONFIRMADO,
capsules/EISA_II/litiase_urinaria.md,10,Hiperoxalúria | Excreção diária >40mg/dia | APOSTILA p.148; Uro-Litíase p.3 | CONFIRMADO,
capsules/EISA_II/litiase_urinaria.md,11,Hipocitratúria | Citrato urinário <320mg/24h | APOSTILA p.148; Uro-Litíase p.4 | CONFIRMADO,
capsules/EISA_II/litiase_urinaria.md,12,"Hiperuricosúria | Ácido úrico urinário >600–700mg/dia, pH >5,5 | APOSTILA p.148 (""600mg""); Uro-Litíase p.4 (""700mg"") | CONFIRMADO_COM_CORREÇÕES — usar faixa 600–700mg/dia",
capsules/EISA_II/litiase_urinaria.md,13,Cistinúria | >250mg/24h; ocorre em 1–2% dos formadores de cálculo | APOSTILA p.149; Uro-Litíase p.4 | CONFIRMADO,
capsules/EISA_II/litiase_urinaria.md,14,"Cálculo de ácido úrico — pH e composição | pH urinário <5,5; <5% dos cálculos; radiotransparente/radiolucente | APOSTILA p.149; Uro-Litíase p.4 | CONFIRMADO",
capsules/EISA_II/litiase_urinaria.md,15,Sensibilidade/especificidade da TC sem contraste | 97% / 96% | APOSTILA p.149; Uro-Litíase p.5 | CONFIRMADO (2 fontes),
capsules/EISA_II/litiase_urinaria.md,16,"RX simples de abdome | Diagnostica ~85–90% dos cálculos (radiopacos) | APOSTILA p.149 (""85%""); Uro-Litíase p.5 (""90%"") | CONFIRMADO_COM_CORREÇÕES — usar faixa 85–90%",
capsules/EISA_II/litiase_urinaria.md,17,Corte para conduta conservadora | Cálculo até 1cm | APOSTILA p.150; Uro-Litíase p.6 | CONFIRMADO,
capsules/EISA_II/litiase_urinaria.md,18,"Indicação de LECO | Cálculos renais até 2cm; densidade ≤1000UH; cálculo em polo inferior <1cm; cálculos ureterais proximais | APOSTILA p.150; Uro-Litíase p.6 (""0,8 a 2cm"") | CONFIRMADO",
capsules/EISA_II/litiase_urinaria.md,19,Contraindicações de LECO | Gravidez; HAS não controlada; ITU não tratada; coagulopatia grave/anticoagulante; obstrução urinária distal ao cálculo | APOSTILA p.151; Uro-Litíase p.6 | CONFIRMADO,
capsules/EISA_II/litiase_urinaria.md,20,"Indicação de nefrolitotripsia percutânea | Cálculo renal >2cm; cálculo em cálice inferior >1,5cm; cálculo resistente à LECO (densidade >1000UH) | APOSTILA p.151; Uro-Litíase p.7 | CONFIRMADO",
capsules/EISA_II/litiase_urinaria.md,21,"Indicação de ureterolitotripsia endoscópica | Cálculos ureterais médio/distal de qualquer tamanho (1ª linha, sucesso ~90%); cálculo proximal até 1cm | APOSTILA p.151; Uro-Litíase p.7 | CONFIRMADO",
capsules/EISA_II/manejo_clinico_ambulatorial_do_dm.md,4,"Exame físico inicial do diabético | peso, altura, IMC, circunferência abdominal, PA, fundo de olho, pele, acantose nigricans, local de aplicação de insulina, exame dos pés | Oficina p.2 | CONFIRMADO",
capsules/EISA_II/manejo_clinico_ambulatorial_do_dm.md,5,"Avaliação laboratorial inicial e seguimento | EAS+sedimentoscopia, creatinina, colesterol total+HDL, triglicérides, ECG (anual), avaliação oftalmológica (anual, exceto DM1 só a partir de 3 anos de diagnóstico) | Oficina p.3 | CONFIRMADO",
capsules/EISA_II/manejo_clinico_ambulatorial_do_dm.md,6,Frequência de retorno | a cada 3 meses ou menos até atingir metas glicêmicas/lipídicas/de peso/PA; a cada 4-6 meses se estável nesses parâmetros | Oficina p.3 (SBD 2019) | CONFIRMADO,
capsules/EISA_II/manejo_clinico_ambulatorial_do_dm.md,7,"Inércia terapêutica — impacto CV | atraso de 6 meses na intensificação (vs imediata) aumenta risco de doença CV/IM de 20% para 26% em 5 anos (n=110.543) | Oficina p.6 (Paul S, et al. Diabetologia 2013) | CONFIRMADO",
capsules/EISA_II/manejo_clinico_ambulatorial_do_dm.md,8,Meta pressórica | sem DAC: PAS<130/PAD<80 · com DAC: não reduzir <120/70 · idosos >80 anos: até PAS<150 · com albuminúria (>30mg/g): PAS<130/PAD<80 | Oficina p.15 (Bertoluci et al. 2017) | CONFIRMADO,
capsules/EISA_II/manejo_clinico_ambulatorial_do_dm.md,9,Estratificação de risco CV no DM | idade >49 (H) ou >56 (M); DM>10 anos; DAC familiar prematura; síndrome metabólica (IDF); HAS tratada/não tratada; tabagismo atual; TFG<60 ou albuminúria>30mg/g; neuropatia autonômica cardíaca; retinopatia diabética | Oficina p.15 | CONFIRMADO,
capsules/EISA_II/manejo_clinico_ambulatorial_do_dm.md,10,Antiagregação plaquetária | prevenção primária sem doença aterosclerótica: geralmente NÃO recomendada; alto risco + >65 anos + baixo risco de sangramento: pode ser útil; risco muito alto (doença aterosclerótica estabelecida/evento CV prévio): indicada | Oficina p.16 | CONFIRMADO,
capsules/EISA_II/manejo_clinico_ambulatorial_do_dm.md,11,"Situação especial — disfunção hepática | evitar metformina; se etilismo importante, evitar também sulfonilureia (risco de hipoglicemia grave/acidose lática) | Oficina p.17 | CONFIRMADO",
capsules/EISA_II/manejo_clinico_ambulatorial_do_dm.md,12,Situação especial — gestação/lactação | preferir insulinoterapia; metformina antes da insulina é incerto (marcado com interrogação na fonte) | Oficina p.17 | CONFIRMADO,
capsules/EISA_II/manejo_clinico_ambulatorial_do_dm.md,13,"Situação especial — disfunção renal | evitar metformina, liraglutida, glibenclamida, glimepirida se ClCr<30 mL/min/1,73m²; ajustar dose de inibidores de DPP-4 (exceto linagliptina) se ClCr<30; evitar inibidor de SGLT-2 se ClCr<45 | Oficina p.17 | CONFIRMADO",
capsules/EISA_II/manejo_clinico_ambulatorial_do_dm.md,14,"Situação especial — idoso | evitar sulfonilureia, principalmente glibenclamida (maior risco de hipoglicemia); se necessário, preferir glimepirida ou gliclazida | Oficina p.17 | CONFIRMADO",
capsules/EISA_II/manejo_clinico_ambulatorial_do_dm.md,15,"Caso clínico — evolução em 6 meses | GJ 245→113 mg/dL; HbA1c 9,6%→6,9%; creatinina 1,5→1,2; TFGe 53→70; CT 203→164; LDL 110→68; TG 250→168; peso 99,8→93kg (-6,8kg); PA 160x88→120x80 | Oficina p.18-19 | CONFIRMADO",
capsules/EISA_II/manejo_clinico_ambulatorial_do_dm.md,16,"Anamnese — estrutura da 1ª consulta (roteiro Mirna de Sá) | identificação, QP, HDA (foco endócrino), medicações em uso (com posologia/horário), antecedentes pessoais (mulheres: menarca, GxPxAx, menopausa), antecedentes familiares (obesidade, doença tireoideana), exame físico (incluindo tireoide sempre), exames com data, hipóteses diagnósticas, conduta | ROTEIRO_ANAMNESE p.1 | CONFIRMADO",
capsules/EISA_II/manejo_clinico_ambulatorial_do_dm.md,17,"Anamnese — estrutura do retorno | hipóteses diagnósticas prévias, medicações em uso, evolução (melhora, queixa nova, adesão), exame físico, exames, conduta | ROTEIRO_ANAMNESE p.1 | CONFIRMADO",
capsules/EISA_II/manejo_clinico_ambulatorial_do_dm.md,18,"Anamnese específica — diabetes | tempo de doença, sintomas de descompensação (poliúria/polifagia/polidipsia/perda de peso), hipoglicemia recente, sintomas de neuropatia periférica, data do último fundo de olho, atividade física, dieta detalhada por refeição, mapa glicêmico por horário; exame dos pés com teste de sensibilidade na 1ª consulta e anual/semestralmente | ROTEIRO_ANAMNESE p.2 | CONFIRMADO",
capsules/EISA_II/manejo_clinico_ambulatorial_do_dm.md,19,"Anamnese específica — obesidade/sobrepeso | tempo/ritmo de ganho de peso, uso prévio de medicação para emagrecer, uso de corticoide prolongado, padrão alimentar (ansiedade/compulsão/beliscador/hiperfágico), circunferência abdominal, estigmas de Cushing | ROTEIRO_ANAMNESE p.2 | CONFIRMADO",
capsules/EISA_II/manejo_clinico_ambulatorial_do_dm.md,20,"Anamnese específica — tireoide | sintomas de hipo E hipertireoidismo, nódulos (já fez PAAF?), adesão e uso correto da levotiroxina (jejum, aguardar 30-40min), USG com descrição completa do nódulo (não só a conclusão) | ROTEIRO_ANAMNESE p.2 | CONFIRMADO",
capsules/EISA_II/manejo_clinico_ambulatorial_do_dm.md,21,"Anamnese específica — rastreio de osteoporose | mulheres >65 anos ou menopausa precoce, homens >70 anos, ou uso prolongado de corticoide → perguntar densitometria prévia, ingesta de cálcio, fratura prévia; anotar aparelho e T-score/Z-score de coluna lombar, colo do fêmur e fêmur total | ROTEIRO_ANAMNESE p.2 | CONFIRMADO",
capsules/EISA_II/nefropatia_diabetica.md,4,Posição epidemiológica da DRD | 1ª causa de DRC nos EUA; 1ª ou 2ª causa no Brasil (junto/atrás da HAS); >70% dos pacientes em diálise no Brasil são HAS+DM | Doenc_a_renal_do_diabetes p.1; Nefro_NEFROPATIA_DIABE p.1 | CONFIRMADO (2 fontes),
capsules/EISA_II/nefropatia_diabetica.md,5,"Prevalência de albuminúria aumentada | 34% dos pacientes com DM1 e 37% com DM2 | Doenc_a_renal_do_diabetes p.1; Nefro_NEFROPATIA_DIABE p.1 | CONFIRMADO (2 fontes, valores idênticos)",
capsules/EISA_II/nefropatia_diabetica.md,6,"Categorias de RAC (ADA/KDIGO) | <30mg/g: normal; 30–300mg/g: aumentada (ex-""microalbuminúria""); >300mg/g: muito aumentada (ex-""macroalbuminúria"") | Doenc_a_renal_do_diabetes p.1; Nefro_NEFROPATIA_DIABE p.1 | CONFIRMADO (2 fontes, valores idênticos)",
capsules/EISA_II/nefropatia_diabetica.md,7,Regra de confirmação da albuminúria | 2 de 3 amostras positivas (intervalo 3–6 meses); 1 exame isolado positivo não fecha diagnóstico | Doenc_a_renal_do_diabetes p.2 | CONFIRMADO,
capsules/EISA_II/nefropatia_diabetica.md,8,"Início do rastreio | DM2: no momento do diagnóstico; DM1: 5 anos após o diagnóstico (ou antes, se descompensação); depois, anual | Doenc_a_renal_do_diabetes p.2 | CONFIRMADO",
capsules/EISA_II/nefropatia_diabetica.md,9,Achado histológico mais comum (menos específico) | Glomeruloesclerose difusa (expansão mesangial difusa) | Doenc_a_renal_do_diabetes p.2; Nefro_NEFROPATIA_DIABE p.2 | CONFIRMADO (2 fontes),
capsules/EISA_II/nefropatia_diabetica.md,10,Achado histológico mais específico (menos comum) | Lesão de Kimmelstiel-Wilson (glomeruloesclerose nodular) — também vista em amiloidose (Congo+) e doença de depósito de cadeia leve (Congo-) | Doenc_a_renal_do_diabetes p.2; Nefro_NEFROPATIA_DIABE p.2 | CONFIRMADO (2 fontes),
capsules/EISA_II/nefropatia_diabetica.md,11,"Sinais de alarme contra DRD | Proteinúria com <5 anos de diagnóstico de DM; piora rápida de função apesar de IECA; cilindros hemáticos, leucocitúria, acantócitos no sumário de urina; ausência de retinopatia (não exclui, mas levanta suspeita, principalmente em DM1) | Doenc_a_renal_do_diabetes p.4 | CONFIRMADO",
capsules/EISA_II/nefropatia_diabetica.md,12,"Proteinúria em DM2 por outra causa | 10–20% dos pacientes com DM2 e proteinúria têm lesão renal por outra patologia, não o diabetes | Doenc_a_renal_do_diabetes p.4; Nefro_NEFROPATIA_DIABE p.2 | CONFIRMADO (2 fontes)",
capsules/EISA_II/nefropatia_diabetica.md,13,Velocidade de progressão | Declínio fisiológico pós-40 anos: ~1mL/min/ano; na DRD: ~12mL/min/ano | Doenc_a_renal_do_diabetes p.4 | CONFIRMADO,
capsules/EISA_II/nefropatia_diabetica.md,14,Meta de HbA1c | <7% | Doenc_a_renal_do_diabetes p.5 | CONFIRMADO,
capsules/EISA_II/nefropatia_diabetica.md,15,"Restrição proteica | 0,8–1g/kg/dia; evitar >1,3g/kg/dia (associado a mais albuminúria, queda mais rápida da TFG e maior mortalidade CV) | Doenc_a_renal_do_diabetes p.5 | CONFIRMADO",
capsules/EISA_II/nefropatia_diabetica.md,16,"Restrição de sódio | ADA: <1.500mg Na/dia (3,75g sal); KDIGO: <2.000mg Na/dia (5g sal); evitar ""sal light"" (KCl) pelo risco de hipercalemia | Doenc_a_renal_do_diabetes p.6 | CONFIRMADO",
capsules/EISA_II/nefropatia_diabetica.md,17,Metformina por TFG | TFG >45: pode usar; 30–44: avaliar caso a caso; <30: não usar (risco de acidose lática) | Doenc_a_renal_do_diabetes p.6 | CONFIRMADO,
capsules/EISA_II/nefropatia_diabetica.md,18,"SGLT2i (dapa/empaglifozina) por TFG | Iniciar só se TFG ≥20; se já em uso e TFG cair <20, pode manter até a diálise (nefroproteção é de longo prazo, não se inicia ""tarde demais"") | Doenc_a_renal_do_diabetes p.8 | CONFIRMADO",
capsules/EISA_II/nefropatia_diabetica.md,19,Pré-requisito para iniciar SGLT2i | Paciente já deve estar em dose máxima tolerada de IECA/BRA | Doenc_a_renal_do_diabetes p.8 | CONFIRMADO,
capsules/EISA_II/nefropatia_diabetica.md,20,"Duplo bloqueio SRAA (IECA+BRA) | Não deve ser feito — não reduz proteinúria adicionalmente, aumenta efeitos colaterais e mortalidade | Doenc_a_renal_do_diabetes p.9 | CONFIRMADO",
capsules/EISA_II/nefropatia_diabetica.md,21,Indicação de IECA/BRA mesmo sem HAS | Diabético com PA normal (ex.: 120x80) e albuminúria confirmada (>30mg/g em 2 amostras) já deve receber IECA/BRA em dose máxima tolerada | Doenc_a_renal_do_diabetes p.9 | CONFIRMADO,
capsules/EISA_II/nefropatia_diabetica.md,22,"Finerenona | Antagonista do receptor mineralocorticoide não esteroide; indicada em DM2 com albuminúria e alto risco CV; pode ser usada com TFG <25 e K <4,8 | Doenc_a_renal_do_diabetes p.9 | CONFIRMADO",
capsules/EISA_II/nefropatia_diabetica.md,23,Meta pressórica (ADA) | PA <140x90mmHg (geral); <130x80mmHg em jovens ou alto risco de AVC/DCV/proteinúria elevada | Doenc_a_renal_do_diabetes p.9 | CONFIRMADO,
capsules/EISA_II/neoplasia_vesical.md,4,Posição epidemiológica | 4º tumor mais incidente em homens; 9º em mulheres; 9ª causa de mortalidade por câncer em homens | APOSTILA p.144; Larissa Pinheiro p.1 | CONFIRMADO (2 fontes),
capsules/EISA_II/neoplasia_vesical.md,5,Idade média ao diagnóstico | 73 anos; raro <40 anos | APOSTILA p.144 | CONFIRMADO,
capsules/EISA_II/neoplasia_vesical.md,6,"Tabagismo | Principal fator de risco; presente em ~94% dos pacientes (Larissa); responsável por ~50% dos casos de CaB, aumentando o risco individual em 2–4× (Apostila) | APOSTILA p.145; Larissa Pinheiro p.1 | CONFIRMADO_COM_CORREÇÕES — os dois enquadramentos não são contraditórios (prevalência de tabagistas entre os casos x risco relativo do tabagismo), registrar ambos",
capsules/EISA_II/neoplasia_vesical.md,7,"Histologia | Carcinoma urotelial/transicional 90–94% (fator: tabagismo); carcinoma epidermoide/escamoso 3–7% (fator: irritação crônica — cálculo, sonda de demora, ITU recorrente); adenocarcinoma ~2% (causas congênitas: úraco patente, extrofia vesical, divertículo) | APOSTILA p.145; Larissa Pinheiro p.1–2 | CONFIRMADO (2 fontes convergentes)",
capsules/EISA_II/neoplasia_vesical.md,8,"Quadro clínico | Hematúria indolor, cíclica/intermitente (macro ou micro) é o sinal mais comum; 10% da hematúria microscópica e 25% da macroscópica correspondem a neoplasia urinária (a mais comum é a vesical) | APOSTILA p.145; Larissa Pinheiro p.1 | CONFIRMADO (2 fontes)",
capsules/EISA_II/neoplasia_vesical.md,9,"Regra de suspeita clínica | >40 anos, tabagista, hematúria e/ou sintomas irritativos = tumor de bexiga até que se prove o contrário → cistoscopia | APOSTILA p.145 (""+40 anos""); Larissa Pinheiro p.2 ("">40 anos"") | CONFIRMADO",
capsules/EISA_II/neoplasia_vesical.md,10,Cistoscopia | Padrão-ouro de diagnóstico/acompanhamento; pode ser falso-negativa em até 25% dos casos na 1ª avaliação | APOSTILA p.145; Larissa Pinheiro p.2 | CONFIRMADO,
capsules/EISA_II/neoplasia_vesical.md,11,"Biópsia transcistoscópica | Define se é tumor, tipo histológico e grau (alto/baixo) — **não** define profundidade/invasão muscular; biópsia positiva sempre encaminha para RTU | Larissa Pinheiro p.2 | CONFIRMADO (fonte única, mas detalhamento operacional coerente com a lógica de estadiamento da Apostila)",
capsules/EISA_II/neoplasia_vesical.md,12,"Estadiamento | Tis: plano, restrito à mucosa, **sempre alto grau** (não existe Tis de baixo grau); Ta: papilífero, mucosa; T1: papilífero + córion; T2: papilífero + muscular (já é invasivo) | APOSTILA p.146; Larissa Pinheiro p.3 | CONFIRMADO (2 fontes)",
capsules/EISA_II/neoplasia_vesical.md,13,"Distribuição por estágio | 70–80% dos tumores são superficiais; destes, a maioria é Ta (70%); Tis representa 10% dos tumores de bexiga, sendo 50% associado a tumor papilar/invasivo concomitante | APOSTILA p.146; Larissa Pinheiro p.3 | CONFIRMADO (2 fontes)",
capsules/EISA_II/neoplasia_vesical.md,14,Indicações de Re-RTU | Ressecção incompleta (tumor grande/múltiplo ou procedimento >50min) OU T1 de alto grau; detecção de invasão muscular aumenta em até 10% na 2ª RTU | APOSTILA p.146; Larissa Pinheiro p.3 | CONFIRMADO (2 fontes),
capsules/EISA_II/neoplasia_vesical.md,15,Indicações de terapia intravesical | Multiplicidade; tamanho >3cm; alto grau; T1; Tis; recorrência prévia | APOSTILA p.146; Larissa Pinheiro p.3 | CONFIRMADO (2 fontes),
capsules/EISA_II/neoplasia_vesical.md,16,"BCG intravesical | Reduz recorrência em 60–90%; não pode ser aplicado antes de 4 semanas pós-RTU; contraindicado em hematúria persistente, HIV+/CD4 baixo e gestação — nesses casos usar mitomicina C ou adriamicina | Larissa Pinheiro p.3 | CONFIRMADO (fonte única, dado operacional específico)",
capsules/EISA_II/neoplasia_vesical.md,17,Tumor invasivo — prognóstico sem tratamento | <15% de sobrevida em 2 anos se não tratado | APOSTILA p.146; Larissa Pinheiro p.4 | CONFIRMADO (2 fontes),
capsules/EISA_II/neoplasia_vesical.md,18,"Cistectomia radical — técnica | Linfadenectomia pélvica bilateral + cistoprostatovesiculectomia; na mulher, exanteração pélvica anterior (útero, tubas, ovários, bexiga, uretra, parede vaginal anterior) | APOSTILA p.147; Larissa Pinheiro p.4 | CONFIRMADO (2 fontes)",
capsules/EISA_II/neoplasia_vesical.md,19,Cistectomia em doença superficial | Indicada em múltiplas recidivas de T1 de alto grau (risco de até 10% de infiltração muscular oculta) | Larissa Pinheiro p.4 | CONFIRMADO,
capsules/EISA_II/neoplasia_vesical.md,20,"Neobexiga ileal — critérios (3, todos obrigatórios) | Uretra não comprometida por tumor; TGI íntegro (sem doença inflamatória intestinal); função renal preservada (creatinina <2,5) | Larissa Pinheiro p.4; APOSTILA p.147 (creatinina <2,5 e TFG >40mL/min) | CONFIRMADO (2 fontes)",
capsules/EISA_II/neoplasia_vesical.md,21,"Bricker (derivação heterotópica incontinente) | Indicado se falhar qualquer um dos 3 critérios da neobexiga: tumor invadindo trígono, hidronefrose bilateral com Cr >2,5, ou invasão de uretra | Larissa Pinheiro p.4 | CONFIRMADO",
capsules/EISA_II/neoplasia_vesical.md,22,Complicação tardia do Bricker | Elevação de ureia/creatinina → suspeitar de estenose da junção ureteroileal → USG (avalia hidronefrose bilateral) | Larissa Pinheiro p.4 | CONFIRMADO,
capsules/EISA_II/neoplasia_vesical.md,23,"Tratamento sistêmico metastático | Paclitaxel + carboplatina ou MVAC (metotrexato, vimblastina, doxorrubicina, cisplatina); sobrevida média ~13 meses | Larissa Pinheiro p.5 | CONFIRMADO",
capsules/EISA_II/neoplasia_vesical.md,24,"Radioterapia isolada | Reservada a paciente sem condição clínica para cistectomia, com hematúria macroscópica recorrente e queda de Hb/Ht — objetivo é hemostasia, não cura | Larissa Pinheiro p.5; APOSTILA p.147 | CONFIRMADO (2 fontes)",
capsules/EISA_II/neuroftalmologia.md,4,"Neurite óptica na esclerose múltipla | ocorre em 50% dos casos de EM; 15–20% dos pacientes com EM abrem o quadro com neurite | slide, seção ""Neurite óptica associada a desmielinização"" (camada A) | CONFIRMADO",
capsules/EISA_II/neuroftalmologia.md,5,Neurite óptica em EM — acuidade visual | entre 20/60 e 20/200 | slide (camada A) | CONFIRMADO,
capsules/EISA_II/neuroftalmologia.md,6,Neurite óptica em EM — prognóstico | 75% recuperam visão para 20/30; 10% evoluem com neurite óptica crônica | slide (camada A) | CONFIRMADO,
capsules/EISA_II/neuroftalmologia.md,7,Neurite óptica em EM — tratamento | metilprednisolona **oral** é CONTRAINDICADA (aumenta taxa de recidiva); não influencia resultado visual final | slide (camada A) | CONFIRMADO,
capsules/EISA_II/neuroftalmologia.md,8,NOIA não-arterítica — recidivas | 6% sofrem recidiva; 15% acometimento do olho contralateral em 5 anos | slide (camada A) | CONFIRMADO,
capsules/EISA_II/neuroftalmologia.md,9,"NOIA arterítica — tratamento | metilprednisolona IV 1g/dia por 3 dias + prednisolona oral, monitorado por PCR e VHS | slide (camada A) | CONFIRMADO",
capsules/EISA_II/neuroftalmologia.md,10,Neuropatia óptica nutricional (ambliopia álcool-tabaco) | hidroxicobalamina 1000 U por 10 semanas | slide (camada A) | CONFIRMADO,
capsules/EISA_II/neuroftalmologia.md,11,"Teste diagnóstico da pupila de Adie | pilocarpina 0,125% — pupila normal não contrai; pupila anormal tem hipersensibilidade (contrai) | slide (camada A) | CONFIRMADO",
capsules/EISA_II/neuroftalmologia.md,12,"Teste diagnóstico da síndrome de Horner | adrenalina 1:1000 — lesão pós-ganglionar: pupila dilata e ptose regride temporariamente | slide (camada A), p. 44 (imagem conferida) | CONFIRMADO",
capsules/EISA_II/neuroftalmologia.md,13,"Adenoma de hipófise | tumor primário intracraniano que mais produz achados neuroftalmológicos; craniofaringioma acomete mais crianças, meningioma mais mulheres de meia-idade | slide (camada A) | CONFIRMADO",
capsules/EISA_II/neuroinfeccoes.md,4,Neurocisticercose — tratamento | Albendazol 15 mg/kg por 8 dias OU Praziquantel 50 mg/kg por 21 dias; sempre associar glicocorticoide; anticonvulsivante se necessário; lesão calcificada não se trata | NEUROINFECOES2021 pptx p.13; APOSTILA p.77 | CONFIRMADO (A e B idênticos),
capsules/EISA_II/neuroinfeccoes.md,5,Neurocisticercose — critérios diagnósticos (Del Brutto 2001) | Absolutos: biópsia histológica; lesão cística com escólex à TC/RM; parasita subretiniano à fundoscopia. Maiores: lesão sugestiva à TC/RM; EITB positivo (indisponível no Brasil); resolução após albendazol/praziquantel; resolução espontânea de SSEL | NEUROINFECOES2021 pptx p.10 (quadro fotografado) | CONFIRMADO,
capsules/EISA_II/neuroinfeccoes.md,6,"LCR diferencial (achados na meningite) | Normal: 0-5 céls, linfócitos, proteína 15-45, glicose 3,3-4,5 mmol/L. Viral: até 2000 céls, linfócitos, proteína/glicose normais. Bacteriana aguda: 1000-50000 céls, polimorfos, proteína elevada, glicose reduzida. TB: até 10.000 céls, linfócitos, proteína acentuadamente elevada, glicose reduzida | NEUROINFECOES2021 pptx p.28 (tabela fotografada) | CONFIRMADO",
capsules/EISA_II/neuroinfeccoes.md,7,"TB meningoencefálica — tratamento | Esquema RHZE (COXCIP-4) por 2 meses + RH por 10 meses (total 12 meses); corticoide: prednisona 1-2 mg/kg/dia por 4 semanas (leve) OU dexametasona ~0,3-0,4 mg/kg/dia por 4-8 semanas com redução gradual (grave) | NEUROINFECOES2021 pptx p.30 | CONFIRMADO_COM_CORREÇÕES — o slide literalmente mostra ""0,3 A 0,3 MG/KG/DIA"", que é internamente inconsistente (mesmo valor nos dois extremos); mantido como registrado no slide mas sinalizado como provável erro de digitação do professor (valor usual da literatura é 0,3–0,4 mg/kg/dia) — **confirmar no slide original em maior resolução se possível**",
capsules/EISA_II/neuroinfeccoes.md,8,"Encefalite viral — tratamento | Aciclovir 10 mg/kg/dose, 8/8h, por 14-21 dias; fenitoína se crise convulsiva; iniciar já na suspeita | NEUROINFECOES2021 pptx (texto nativo, conteúdo idêntico ao apresentado na imagem); APOSTILA p.78 | CONFIRMADO (A e B idênticos)",
capsules/EISA_II/neuroinfeccoes.md,9,Neurotoxoplasmose — diagnóstico | TC/RM de crânio; sorologia IgG + título ELISA; anatomopatológico com taquizoítos; prova terapêutica; PCR positivo no LCR; CD4+ < 100 céls/mm³ | NEUROINFECOES2021 pptx p.45 | CONFIRMADO,
capsules/EISA_II/neuroinfeccoes.md,10,"Neurotoxoplasmose — tratamento | Pirimetamina 200 mg D1 + 50 mg/dia + Sulfadiazina 1 a 1,5 g 6/6h + ácido folínico 15 mg/dia, por 6 semanas; usar corticoide em casos graves; alternativas à sulfadiazina: clindamicina ou sulfa/trimetoprim | NEUROINFECOES2021 pptx p.46 | CONFIRMADO_COM_CORREÇÕES — o slide escreve ""SULFADIAZINA 1 A 1,5 MG 6/6H"", quase certamente erro de unidade (a dose padrão de sulfadiazina é em GRAMAS, não mg) — registrado como no slide, mas **confirmar unidade no slide original**",
capsules/EISA_II/neuroinfeccoes.md,11,Neurotoxoplasmose — profilaxia | Pirimetamina 25-50 mg/dia + sulfadiazina 500 mg 6/6h + ácido folínico 15 mg/dia; manter até CD4+ > 200; reiniciar se cair < 200 | NEUROINFECOES2021 pptx p.46 | CONFIRMADO,
capsules/EISA_II/neuroinfeccoes.md,12,Neuroesquistossomose — tratamento | Pulsoterapia com metilprednisolona 1 g/dia por 3-5 dias; Praziquantel 50 mg/kg em 2 tomadas com intervalo de 4h (dose única); Prednisona 1 mg/kg/dia por 6 meses com retirada gradual | NEUROINFECOES2021 pptx p.55; APOSTILA p.79 | CONFIRMADO (A e B idênticos),
capsules/EISA_II/neuroinfeccoes.md,13,"Abscesso cerebral — etiologia bacteriana | 70% Strepto milleri/anginosus/intermedius; 20% bactérias entéricas (E. coli, Proteus — neonatos); 15% Staphylococcus aureus (endocardite) | NEUROINFECOES2021 pptx p.56 | CONFIRMADO",
capsules/EISA_II/neuroinfeccoes.md,14,"Abscesso cerebral — tratamento empírico | Vancomicina ou oxacilina + Ceftriaxone + Metronidazol ou cloranfenicol (Neurosurgery Working Party of the British Society for Antimicrobial Chemotherapy, 2000) | NEUROINFECOES2021 pptx p.62 | CONFIRMADO",
capsules/EISA_II/nodulos_tireoidianos_e_cancer_de_tireoide.md,4,"Prevalência de nódulo tireoidiano | 3-7% à palpação · 20-76% à USG (Brasil: 17-35%) | Slide p.1 (foto ""Nódulos Tireoideanos — Epidemiologia"") | CONFIRMADO",
capsules/EISA_II/nodulos_tireoidianos_e_cancer_de_tireoide.md,5,"Sinais clínicos sugestivos de malignidade | idade <20 ou >70 anos · crescimento rápido · nódulo >4cm · firme/endurecido · sintomas compressivos · RT prévia de cabeça/pescoço · HF de carcinoma medular ou NEM · paralisia de cordas vocais | Slide p.2 (foto ""História Clínica"") | CONFIRMADO",
capsules/EISA_II/nodulos_tireoidianos_e_cancer_de_tireoide.md,6,"TSH baixo + nódulo | investigar por cintilografia (iodo-131 ou tecnécio); nódulo quente (hipercaptante) = baixo risco de malignidade, NÃO indica PAAF — dosar T4L e tratar hipertireoidismo (radioiodo ou antitireoidiano); nódulo frio/morno = prosseguir com PAAF | No_dulos_benignos_e_malignos p.9 (camada B — concorda com o slide A ""nódulo+hipertireoidismo → adenoma tóxico ou BMN tóxico?"") | CONFIRMADO",
capsules/EISA_II/nodulos_tireoidianos_e_cancer_de_tireoide.md,7,"Multinodular com >1 nódulo suspeito | ATA recomenda puncionar o nódulo dominante | No_dulos_benignos_e_malignos p.9 (só B) | CONFIRMADO_COM_CORREÇÕES — rotulado B, sem confronto A",
capsules/EISA_II/nodulos_tireoidianos_e_cancer_de_tireoide.md,8,"USG de tireoide — sensibilidade | melhor exame de imagem, sensibilidade 95% | Slide p.3 (foto ""Exame de Imagem — USG com Doppler"") | CONFIRMADO",
capsules/EISA_II/nodulos_tireoidianos_e_cancer_de_tireoide.md,9,"TIRADS-ACR — categorias e escores | Composição 0-2 · Ecogenicidade 0-3 · Morfologia 0-3 · Margens 0-3 · Focos ecogênicos 0-3, somados | Slide p.4 (foto ""TIRADS-ACR""), conferido visualmente | CONFIRMADO",
capsules/EISA_II/nodulos_tireoidianos_e_cancer_de_tireoide.md,10,"TIRADS — categorias e corte de PAAF | TR1 (0-1pt) benigno, sem PAAF · TR2 (2pt) não suspeito, sem PAAF · TR3 (3pt) pouco suspeito, PAAF se ≥2,5cm · TR4 (4-6pt) suspeito, PAAF se ≥1,5cm · TR5 (7pt) muito suspeito, PAAF se ≥1cm | Slide p.4, conferido visualmente | CONFIRMADO",
capsules/EISA_II/nodulos_tireoidianos_e_cancer_de_tireoide.md,11,"Indicação de PAAF (nódulo sólido/misto) | ≥1cm OU calcificação OU Chammas IV/V OU crescimento em 1 ano (≥50% do volume ou ≥20% em ≥2 dimensões) | Slide p.4 (foto ""PAAF — indicação"") | CONFIRMADO",
capsules/EISA_II/nodulos_tireoidianos_e_cancer_de_tireoide.md,12,Nódulo ≥4cm | PAAF não é representativa pelo tamanho — indicar cirurgia mesmo com Bethesda II (benigno) | Slide p.4 (obs. final); No_dulos_benignos_e_malignos p.~22 (concordam) | CONFIRMADO,
capsules/EISA_II/nodulos_tireoidianos_e_cancer_de_tireoide.md,13,"Bethesda I | amostra insatisfatória → repetir PAAF | Slide p.5-6, conferido visualmente | CONFIRMADO",
capsules/EISA_II/nodulos_tireoidianos_e_cancer_de_tireoide.md,14,Bethesda II | benigno → acompanhar (USG anual + função tireoidiana 6/6 meses) | Slide p.5-6 | CONFIRMADO,
capsules/EISA_II/nodulos_tireoidianos_e_cancer_de_tireoide.md,15,Bethesda III | atipia de significado indeterminado → testes genéticos (ThyroSeq v3 ou mir-THYp); maioria dos consensos recomenda repetir PAAF + considerar USG (zona cinzenta) | Slide p.5-6; No_dulos_benignos_e_malignos p.~9 (concordam sobre zona cinzenta) | CONFIRMADO,
capsules/EISA_II/nodulos_tireoidianos_e_cancer_de_tireoide.md,16,"Bethesda IV | neoplasia folicular → lobectomia OU vigilância (zona cinzenta — citologia não diferencia benigno/maligno em lesão folicular, precisa de histopatológico) | Slide p.5-6 | CONFIRMADO",
capsules/EISA_II/nodulos_tireoidianos_e_cancer_de_tireoide.md,17,Bethesda V | suspeito para malignidade → tireoidectomia total | Slide p.5-6 | CONFIRMADO,
capsules/EISA_II/nodulos_tireoidianos_e_cancer_de_tireoide.md,18,Bethesda VI | maligno → tireoidectomia total | Slide p.5-6 | CONFIRMADO,
capsules/EISA_II/nodulos_tireoidianos_e_cancer_de_tireoide.md,19,"Câncer de tireoide — epidemiologia | raro (1% dos cânceres); neoplasia endócrina maligna mais comum | Slide p.6 (foto ""Câncer de Tireoide"") | CONFIRMADO",
capsules/EISA_II/nodulos_tireoidianos_e_cancer_de_tireoide.md,20,"Carcinoma papilífero | 80% dos casos; predomina em jovens (3ª-5ª década); crescimento lento; prognóstico bom (raramente letal); mutação BRAF/RET/RAS; disseminação linfática; metástase para LFNs/extratireoidiana/pulmão; patologia: corpos psamomatosos, inclusões intranucleares (""Orphan Annie eye"") | Slide p.7 | CONFIRMADO",
capsules/EISA_II/nodulos_tireoidianos_e_cancer_de_tireoide.md,21,"Carcinoma folicular | 10%; predomina em adultos >5ª década, áreas deficientes em iodo; crescimento lento; prognóstico bom; mutação RAS/PAX8-PPARg/RET; disseminação hematogênica; metástase pulmão/osso(/cérebro); patologia: tumor bem encapsulado, invasão de cápsula e/ou vasos (é o que diferencia de adenoma folicular — só no histopatológico) | Slide p.7 | CONFIRMADO",
capsules/EISA_II/nodulos_tireoidianos_e_cancer_de_tireoide.md,22,"Carcinoma anaplásico (indiferenciado) | 10% (dos malignos); predomina em mulheres e idosos, áreas deficientes em iodo; crescimento RÁPIDO e agressivo + invasão local; prognóstico DESFAVORÁVEL (90% óbito em 6 meses); mutação BRAF/RET/RAS; disseminação hematogênica e linfática; metástase pulmão/osso(/cérebro); patologia: células grandes, núcleos fusiformes | Slide p.7 | CONFIRMADO",
capsules/EISA_II/nodulos_tireoidianos_e_cancer_de_tireoide.md,23,"Carcinoma medular | 10% (célula parafolicular); qualquer faixa etária; esporádico ou familiar (NEM2A, NEM2B, isolado); prognóstico agressivo (principalmente se NEM2B); mutação proto-oncogene RET — pesquisa OBRIGATÓRIA; se RET+, rastrear familiares; secreta calcitonina (+CEA, cromogranina A); disseminação hematogênica e linfática; metástase LFNs/pulmão/fígado/osso; patologia: depósito amilóide no estroma | Slide p.8 | CONFIRMADO",
capsules/EISA_II/nodulos_tireoidianos_e_cancer_de_tireoide.md,24,NEM 1 / NEM 2A / NEM 2B | NEM1: hipófise/paratireoides/pâncreas · NEM2A: CMT + feocromocitoma + hiperparatireoidismo · NEM2B: CMT + feo + hiperpara + hábitos marfanoides | Slide p.8 | CONFIRMADO,
capsules/EISA_II/nodulos_tireoidianos_e_cancer_de_tireoide.md,25,"Tratamento — cirurgia | para todos: tireoidectomia total (lobectomia é questionável/caso a caso); rastrear linfonodomegalia na USG cervical — LFN >0,8cm: punção +/- dosagem de Tg no aspirado | Slide p.8 (foto ""Tratamento — Cirurgia"") | CONFIRMADO",
capsules/EISA_II/nodulos_tireoidianos_e_cancer_de_tireoide.md,26,"Tratamento — radioiodoterapia (por risco, TNM) | baixo risco: nenhuma · risco médio (formas agressivas, pouca invasão extratireoidiana, invasão vascular, >5 LFN até 3cm): 100-150 mCi · alto risco (>4cm, invasão, LFN metastático >3cm ou à distância): >150 mCi; administração sob estímulo do TSH endógeno (suspensão de LT4) ou TSH recombinante (rhTSH) | Slide p.8 | CONFIRMADO",
capsules/EISA_II/nodulos_tireoidianos_e_cancer_de_tireoide.md,27,Tratamento — inibidores de tirosinoquinase | via oral; indicado em CDT refratário a radioiodo ou metástase rapidamente progressiva/sintomática/risco de morte iminente sem outras opções; sorafenibe (Nexavar) e lenvatinibe (Lenvima) | Slide p.8 | CONFIRMADO,
capsules/EISA_II/nodulos_tireoidianos_e_cancer_de_tireoide.md,28,"Seguimento — laboratorial | TSH, tireoglobulina (meta até 0,2 ng/mL), anti-Tg, PTH, cálcio, 25(OH)D, calcitonina (se medular) — a cada 6 meses | Slide p.8 (foto ""Seguimento"") | CONFIRMADO",
capsules/EISA_II/nodulos_tireoidianos_e_cancer_de_tireoide.md,29,Seguimento — imagem | USG cervical (linfonodos) anual; PCI (pesquisa de corpo inteiro) se necessário | Slide p.8 | CONFIRMADO,
capsules/EISA_II/obesidade_e_sindrome_metabolica.md,4,"Classificação de IMC | abaixo do peso <18,5 · normal 18,5-24,9 · sobrepeso 25-29,9 · obesidade ≥30 (grau I 30-34,9 · grau II 35-39,9 · grau III ≥40) · superobesidade ≥50 | Obesidade e Sind. Metabólica p.1 (concorda com Endocrino_OBESIDADE) | CONFIRMADO",
capsules/EISA_II/obesidade_e_sindrome_metabolica.md,5,IMC de menor mortalidade | em torno de 23 kg/m² (curva em U/J — extremos são piores) | Endocrino_OBESIDADE p.2 | CONFIRMADO,
capsules/EISA_II/obesidade_e_sindrome_metabolica.md,6,Circunferência abdominal — corte de risco | homem <90cm / mulher <80cm (marcador qualitativo de distribuição de gordura) | Obesidade e Sind. Metabólica p.6 | CONFIRMADO,
capsules/EISA_II/obesidade_e_sindrome_metabolica.md,7,"Relação cintura/quadril — corte de risco | homem >0,95 / mulher >0,8 | Obesidade e Sind. Metabólica p.6 | CONFIRMADO",
capsules/EISA_II/obesidade_e_sindrome_metabolica.md,8,"Critérios de síndrome metabólica (tabela numérica) | gatilho: cintura (H>94cm/M>80cm) OU IMC>30 + 2 de 4: glicemia jejum ≥100mg/dL (fonte registra "">99"") · PA sistólica ≥130 ou diastólica ≥85 (ou em tratamento) · triglicerídeos ≥150mg/dL · HDL <40mg/dL (H) / <50mg/dL (M) | Endocrino_OBESIDADE p.9 | CONFIRMADO_COM_CORREÇÕES — diretriz de origem não nomeada no texto; cortes de cintura (94/80) compatíveis com IDF etnia europoide, registrado como inferência, não confirmação",
capsules/EISA_II/obesidade_e_sindrome_metabolica.md,9,Síndrome metabólica — aumento de risco associado | risco de diabetes até 5× maior; risco de doença cardiovascular até 3× maior | Obesidade e Sind. Metabólica p.3 | CONFIRMADO,
capsules/EISA_II/obesidade_e_sindrome_metabolica.md,10,Reganho de peso pós-tratamento clínico | 50% do peso recuperado em 2 anos; 75% em 5 anos | Obesidade e Sind. Metabólica p.5 | CONFIRMADO,
capsules/EISA_II/obesidade_e_sindrome_metabolica.md,11,"Indicação de MEV | todo sobrepeso (IMC 25-29,9) e obesidade (IMC≥30) | Obesidade e Sind. Metabólica p.5 | CONFIRMADO",
capsules/EISA_II/obesidade_e_sindrome_metabolica.md,12,"Indicação de farmacoterapia | IMC≥30 isolado OU IMC 27-30 + comorbidade, se falha de MEV | Obesidade e Sind. Metabólica p.5 | CONFIRMADO",
capsules/EISA_II/obesidade_e_sindrome_metabolica.md,13,"Sibutramina | inibidor de recaptação de NE/serotonina; retirada do mercado em 2010 (EMA/FDA/Health Canada) por aumento de eventos CV (IAM não fatal, AVC não fatal, morte CV, PCR ressuscitada); ANVISA (2011) permite uso cauteloso, dose 10mg/dia, máximo 15mg/dia | Obesidade e Sind. Metabólica p.6 | CONFIRMADO",
capsules/EISA_II/obesidade_e_sindrome_metabolica.md,14,"Orlistate | 120mg, 3×/dia antes das refeições; perda de peso >11% (vs 6% placebo) no 1º ano; contraindicado em nefrolitíase por oxalato de cálcio; reduz absorção de vitaminas lipossolúveis (suplementar); efeitos GI em 15-30% (evitar refeição >30% de gordura) | Obesidade e Sind. Metabólica p.6 | CONFIRMADO",
capsules/EISA_II/obesidade_e_sindrome_metabolica.md,15,"Liraglutida (SCALE) | dose inicial 0,6mg SC, ajuste semanal até 3mg; indicação IMC≥27 com comorbidade ou ≥30; perda de peso média 6,2% (vs 0,2% placebo); ≥5% de perda em 50,5% dos pacientes (vs 21,8%) | Obesidade e Sind. Metabólica p.7 | CONFIRMADO",
capsules/EISA_II/obesidade_e_sindrome_metabolica.md,16,Cirurgia bariátrica — indicação | idade >18 anos; IMC>40 kg/m² OU IMC>35 kg/m² + comorbidade que ameace a vida (lista com >21 doenças) | Obesidade e Sind. Metabólica p.8; Endocrino_OBESIDADE p.8 (concordam) | CONFIRMADO,
capsules/EISA_II/obesidade_e_sindrome_metabolica.md,17,"Bypass em Y de Roux — complicação nutricional | risco de desnutrição: deficiência de ferro, ácido fólico, cálcio, vitamina D, vitamina B12 | Obesidade e Sind. Metabólica p.8 | CONFIRMADO",
capsules/EISA_II/obesidade_e_sindrome_metabolica.md,18,"Hipotireoidismo como causa de ganho de peso | ganho discreto (3-4kg), por retenção hídrica/acúmulo de glicosaminoglicanos — NÃO causa obesidade isoladamente | Endocrino_OBESIDADE p.4 (concorda com a cápsula de Hipotireoidismo: ""ganho de peso discreto, não causa obesidade"") | CONFIRMADO",
capsules/EISA_II/otites_aguda_cronica_externa.md,4,"OMA — agentes bacterianos mais comuns | S. pneumoniae 34%, H. influenzae 30%, Moraxella catarrhalis 15% | Otorrino - OTITES (camada B), p. 4 | CONFIRMADO",
capsules/EISA_II/otites_aguda_cronica_externa.md,5,"OMA recorrente — definição | ≥3 episódios em 6 meses OU ≥4 episódios em 1 ano | Otorrino - OTITES (camada B), p. 4 | CONFIRMADO",
capsules/EISA_II/otites_aguda_cronica_externa.md,6,"OMA — estágios de evolução | 1º hiperemia → 2º exsudação (abaulamento) → 3º supuração (perfuração) | Otorrino - OTITES (camada B), p. 4 | CONFIRMADO",
capsules/EISA_II/otites_aguda_cronica_externa.md,7,"OMC — definição de duração | processo inflamatório com secreção/otorreia por MT íntegra ou perfurada com duração superior a 3 meses | otite media cronica (camada A), p. 1 | CONFIRMADO",
capsules/EISA_II/otites_aguda_cronica_externa.md,8,OMC simples — perda auditiva | hipoacusia condutiva de 30–50 dB; perfurações <20% da MT causam perda leve (até 15 dB) | otite media cronica (camada A) | CONFIRMADO,
capsules/EISA_II/otites_aguda_cronica_externa.md,9,OE aguda difusa — etiologia | Pseudomonas aeruginosa ~38% (até 50% quando isolamento único); Staphylococcus spp. ~25% | Doenças da Orelha Externa (camada A) | CONFIRMADO,
capsules/EISA_II/otites_aguda_cronica_externa.md,10,OE maligna — mortalidade | 20% sem par craniano envolvido; 50% com paralisia facial periférica; 60% com outros pares cranianos envolvidos | Doenças da Orelha Externa (camada A) | CONFIRMADO,
capsules/EISA_II/otites_aguda_cronica_externa.md,11,"OE maligna — epidemiologia | ~90% dos casos em diabéticos, geralmente idosos e mal controlados | Doenças da Orelha Externa (camada A) | CONFIRMADO",
capsules/EISA_II/otites_aguda_cronica_externa.md,12,OE maligna — critério laboratorial constante | VHS sempre elevado; achado mais importante ao exame é tecido de granulação no assoalho do CAE | Doenças da Orelha Externa (camada A) | CONFIRMADO,
capsules/EISA_II/otites_aguda_cronica_externa.md,13,"Otite externa herpética (Ramsay Hunt) | reativação do vírus varicela-zoster no gânglio geniculado; paralisia facial + vesículas na zona de Ramsay Hunt + disacusia/vertigem | Questões otorrino P7 (camada C, evidência de prova) | CONFIRMADO",
capsules/EISA_II/patologia_cancer_de_tireoide.md,4,"Câncer de tireoide — proporção entre cânceres | 1% de todos os cânceres; tumor endócrino maligno mais comum | APOSTILA SA II, p. 158 | CONFIRMADO",
capsules/EISA_II/patologia_cancer_de_tireoide.md,5,"Pico de incidência geral | 3ª a 7ª década de vida | APOSTILA SA II, p. 158 | CONFIRMADO",
capsules/EISA_II/patologia_cancer_de_tireoide.md,6,"Carcinoma papilífero — frequência e perfil | até 90% dos cânceres esporádicos de tireoide nos EUA; idade 20–50 anos; relação mulher:homem 3:1 | APOSTILA SA II, p. 159 | CONFIRMADO",
capsules/EISA_II/patologia_cancer_de_tireoide.md,7,"Microtumor papilífero (oculto) | até 1cm de maior dimensão; frequentemente achado incidental; metástase pode ser o primeiro sinal | APOSTILA SA II, p. 159 | CONFIRMADO",
capsules/EISA_II/patologia_cancer_de_tireoide.md,8,"Achados nucleares diagnósticos do carcinoma papilífero | núcleos em vidro despolido (""olhos de Orphan Annie""), fendas nucleares, pseudoinclusões nucleares, corpos psamomatosos | APOSTILA SA II, p. 159 | CONFIRMADO",
capsules/EISA_II/patologia_cancer_de_tireoide.md,9,"Variantes de mau prognóstico do papilífero | folicular, células altas, células colunares, esclerosante difusa | APOSTILA SA II, p. 159 | CONFIRMADO",
capsules/EISA_II/patologia_cancer_de_tireoide.md,10,"Carcinoma papilífero — padrão de metástase | linfonodal é o mais comum (pode ser o primeiro sinal); disseminação hematogênica é infrequente | APOSTILA SA II, p. 160 | CONFIRMADO",
capsules/EISA_II/patologia_cancer_de_tireoide.md,11,"Carcinoma folicular — frequência e idade | 20–25% dos cânceres de tireoide; incidência após os 40 anos | APOSTILA SA II, p. 160 | CONFIRMADO",
capsules/EISA_II/patologia_cancer_de_tireoide.md,12,"Critério diagnóstico carcinoma folicular x adenoma folicular | presença de invasão vascular e/ou capsular (invasão maciça = pior prognóstico) | APOSTILA SA II, p. 160 | CONFIRMADO",
capsules/EISA_II/patologia_cancer_de_tireoide.md,13,"Carcinoma folicular — padrão de metástase | hematogênica é a mais comum (osso e pulmão preferencialmente); linfonodal é menos frequente; sobrevida descrita >15 anos em alguns casos | APOSTILA SA II, p. 160 | CONFIRMADO",
capsules/EISA_II/patologia_cancer_de_tireoide.md,14,"Carcinoma insular (pouco diferenciado) | após os 55 anos, mulher:homem 2:1; tireoglobulina positivo, calcitonina negativo (diferencia de medular) | APOSTILA SA II, p. 160 | CONFIRMADO",
capsules/EISA_II/patologia_cancer_de_tireoide.md,15,"Carcinoma anaplásico (indiferenciado) | neoplasia tireoidiana primária mais maligna e menos comum; incidência após os 60 anos, predomínio feminino; massa volumosa de crescimento rápido; mortalidade elevada | APOSTILA SA II, p. 160 | CONFIRMADO",
capsules/EISA_II/patologia_cancer_de_tireoide.md,16,"Carcinoma medular | origem nas células parafoliculares (células C), produtoras de calcitonina; ~5% dos carcinomas de tireoide; malignidade intermediária, evolução lenta; pode secretar prostaglandinas, serotonina, VIP e ACTH (diarreia, Cushing, síndrome carcinoide) | APOSTILA SA II, p. 161 | CONFIRMADO",
capsules/EISA_II/patologias_penianas_e_escrotais.md,4,Torção testicular — picos de idade | Infância e 12–15 anos (2º pico); emergência cirúrgica | APOSTILA p.141 | CONFIRMADO,
capsules/EISA_II/patologias_penianas_e_escrotais.md,5,Torção testicular — lateralidade | Malformação de badalo de sino geralmente bilateral; 40% dos casos têm torção contralateral | APOSTILA p.141 | CONFIRMADO,
capsules/EISA_II/patologias_penianas_e_escrotais.md,6,Torção testicular — sinais físicos | Reflexo cremastérico ausente (sinal de Rabinowitz); sinal de Brunzel (elevação do testículo) e de Angell (horizontalização); sinal de Prehn **ausente** (dor não melhora com elevação) | APOSTILA p.141 | CONFIRMADO,
capsules/EISA_II/patologias_penianas_e_escrotais.md,7,"Torção testicular — prognóstico por tempo de evolução | <6h: bom prognóstico; 12–24h: prognóstico incerto (hipotrofia); >24h: prognóstico ruim, geralmente exige orquiectomia | APOSTILA p.141 | CONFIRMADO",
capsules/EISA_II/patologias_penianas_e_escrotais.md,8,"Torção testicular — diferencial clínico com orquiepididimite | Torção: dor lancinante e **decrescente**, pós-esforço, náusea/vômito, dor em FI homolateral (diferencial com apendicite), sem prática sexual prévia (mais jovem). Orquiepididimite: dor **crescente** (progressiva), sem dor abdominal associada, mais comum após início de vida sexual | resumed_sa_de_do_adulto_2 pp.104–105 | CONFIRMADO (fonte única, mas coerente com a fisiopatologia descrita na Apostila)",
capsules/EISA_II/patologias_penianas_e_escrotais.md,9,Papel do USG Doppler no escroto agudo | Só é discriminativo nos extremos: ausência de fluxo = torção; hiperfluxo = inflamatório. Fluxo preservado pode ser torção incompleta — quadro clínico clássico não deve aguardar o exame | resumed_sa_de_do_adulto_2 p.105 | CONFIRMADO (fonte única),
capsules/EISA_II/patologias_penianas_e_escrotais.md,10,Epididimite — etiologia por idade | <35 anos: gonococo/clamídia (DST); >35 anos: E. coli (via retrógrada) | APOSTILA p.141 | CONFIRMADO,
capsules/EISA_II/patologias_penianas_e_escrotais.md,11,Epididimite — tratamento antibiótico | Gonococo/clamídia: ceftriaxona 250mg IM + ciprofloxacino 500mg 12/12h por 21 dias; E. coli: ciprofloxacino 500mg 12/12h por 14 dias | APOSTILA p.141 | CONFIRMADO,
capsules/EISA_II/patologias_penianas_e_escrotais.md,12,"Orquite — etiologia | Predominantemente viral (caxumba, myxovírus); 20% dos pré-púberes com caxumba desenvolvem orquite; atrofia em 40–70% dos casos pós-caxumba | APOSTILA p.142 | CONFIRMADO",
capsules/EISA_II/patologias_penianas_e_escrotais.md,13,Hidrocele — fechamento espontâneo (comunicante) | Conservador até 2 anos; cirurgia após 2 anos se não fechar espontaneamente | APOSTILA p.142; resumed_sa_de_do_adulto_2 p.340 | CONFIRMADO (2 fontes),
capsules/EISA_II/patologias_penianas_e_escrotais.md,14,Fimose — retratilidade prepucial fisiológica por idade | 4% ao nascer; 20% aos 6 meses; 50% aos 3 anos; 99% aos 17 anos | APOSTILA p.142; resumed_sa_de_do_adulto_2 p.341 | CONFIRMADO (2 fontes),
capsules/EISA_II/patologias_penianas_e_escrotais.md,15,Fimose — indicações cirúrgicas | Fimose verdadeira (anel cicatricial não retrátil); balanopostites de repetição; ITU recorrente; adolescentes/adultos jovens com ereção dolorosa | APOSTILA p.143; resumed_sa_de_do_adulto_2 p.341 | CONFIRMADO (2 fontes),
capsules/EISA_II/patologias_penianas_e_escrotais.md,16,"Fimose — contraindicações cirúrgicas | Hipospádia (uretra abre em posição ventral/anômala); epispádia (uretra abre em posição dorsal); prematuridade (aderências fisiológicas); pênis embutido (gordura inguinal recobrindo a haste, comum em obesos) | APOSTILA p.143; resumed_sa_de_do_adulto_2 p.341 | CORRIGIDO — a fonte `resumed_sa_de_do_adulto_2` descreve a epispádia como abertura uretral ""na região ventral"", o que contradiz o conhecimento anatômico padrão (epispádia = dorsal; hipospádia = ventral); mantida a definição anatomicamente correta (dorsal), rotulada como conhecimento geral",
capsules/EISA_II/patologias_penianas_e_escrotais.md,17,"Postectomia — técnica | Anestesia local (bupivacaína/xilocaína sem vasoconstritor); manter no mínimo 1–1,5cm de pele para não prejudicar a ereção | resumed_sa_de_do_adulto_2 p.341 | CONFIRMADO (fonte única)",
capsules/EISA_II/patologias_penianas_e_escrotais.md,18,Varicocele — prevalência geral | 15% (Apostila) a 15–20% (resumed_sa_de_do_adulto_2) da população masculina | APOSTILA p.143; resumed_sa_de_do_adulto_2 p.12040 | CONFIRMADO_COM_CORREÇÕES — usar faixa 15–20%,
capsules/EISA_II/patologias_penianas_e_escrotais.md,19,Varicocele — lateralidade | 80–90% à esquerda (drenagem perpendicular da veia espermática na veia renal esquerda) | APOSTILA p.143 | CONFIRMADO,
capsules/EISA_II/patologias_penianas_e_escrotais.md,20,Varicocele — classificação de Dubin/Amelar | Grau I: só com Valsalva; Grau II: palpável sem Valsalva; Grau III: visível a olho nu | APOSTILA p.143 | CONFIRMADO,
capsules/EISA_II/patologias_penianas_e_escrotais.md,21,"Varicocele — sinal de alerta oncológico | Varicocele de início súbito/recente, especialmente em homem mais velho e sem varicocele prévia, sugere trombo de veia renal esquerda por carcinoma de células renais — investigar | resumed_sa_de_do_adulto_2 p.12042–12054 | CONFIRMADO (fonte única — dado ausente da Apostila, mas coerente com a anatomia da drenagem venosa espermática à esquerda)",
capsules/EISA_II/pe_diabetico.md,4,Diferenciação por pulso | Pulso presente = pé diabético (microangiopatia); pulso ausente = DAP | Pé diabético - vascular II unidade (p.1-2); 15 - Pé-Diabético (p.169-170) | CONFIRMADO (2 fontes independentes convergentes),
capsules/EISA_II/pe_diabetico.md,5,"ITB — ponto de corte | Normal: >0,9 e <1,3. <0,9 = isquemia (sensibilidade 95%, especificidade ~100%). >1,3 = suspeitar calcificação de camada média (comum em diabéticos e IRC) | 15 - Pé-Diabético (p.148-151) | CONFIRMADO",
capsules/EISA_II/pe_diabetico.md,6,Teste de monofilamento — sensibilidade | 86 a 100% | 15 - Pé-Diabético (p.156) | CONFIRMADO,
capsules/EISA_II/pe_diabetico.md,7,Risco de ulceração — insensibilidade ao monofilamento | 18x maior | 15 - Pé-Diabético (p.157) | CONFIRMADO,
capsules/EISA_II/pe_diabetico.md,8,Risco de ulceração — reflexo aquileu abolido | ~6x maior | 15 - Pé-Diabético (p.158) | CONFIRMADO,
capsules/EISA_II/pe_diabetico.md,9,"Locais do teste de monofilamento (consenso brasileiro 1999) | 1º, 3º e 5º dedos + 1ª, 3ª e 5ª cabeças de metatarso | 15 - Pé-Diabético (p.155) | CONFIRMADO",
capsules/EISA_II/pe_diabetico.md,10,Classificação de Wagner | 0 = pé de risco sem úlcera; 1 = úlcera superficial; 2 = úlcera profunda sem osso; 3 = úlcera profunda com osso; 4 = gangrena parcial; 5 = gangrena de todo o pé | 15 - Pé-Diabético (p.274-275) | CONFIRMADO,
capsules/EISA_II/pe_diabetico.md,11,"Classificação de San Antônio | 0 a 6, combinando neuropatia/deformidade/Charcot/infecção/necrose | 15 - Pé-Diabético (p.246-270) | CONFIRMADO",
capsules/EISA_II/pe_diabetico.md,12,Amputações não traumáticas atribuíveis a DM | 40–60% de todas as amputações não traumáticas de MMII | 15 - Pé-Diabético (p.65-66) | CONFIRMADO,
capsules/EISA_II/pe_diabetico.md,13,Úlceras precedendo amputação | ~85% das amputações diabéticas | 15 - Pé-Diabético (p.72-73) | CONFIRMADO,
capsules/EISA_II/pe_diabetico.md,14,"Antibiótico infecção leve/moderada (planos superficiais) | Ciprofloxacino 500 mg 12/12h por 7 dias (resumo edine) / moxifloxacino ambulatorial (15-Pé Diabético) | resumo edine PÉ DIABÉTICO (p.2); 15-Pé Diabético (p.324-325) | CORRIGIDO/confirmar no slide — fontes B divergem no fármaco exato de 1ª linha para infecção leve (moxifloxacino vs. ciprofloxacino); ambos cobrem gram-positivos/streptococo/S.aureus; reter o princípio (VO, espectro estreito-moderado, ambulatorial) mais que o nome exato da droga",
capsules/EISA_II/pe_diabetico.md,15,"Antibiótico infecção moderada/grave (planos profundos) | Ciprofloxacino + clindamicina (cobertura gram+, gram-, anaeróbios) | resumo edine (p.2); 15-Pé Diabético (p.331-333, também cita ceftriaxona+clindamicina, piperacilina-tazobactam) | CONFIRMADO quanto ao princípio de amplo espectro cobrindo os 3 grupos",
capsules/EISA_II/pe_diabetico.md,16,Osteomielite — evolução em infecções moderadas/graves | Até 60% evoluem para osteomielite | 15 - Pé-Diabético (p.359) | CONFIRMADO,
capsules/EISA_II/pe_diabetico.md,17,"Radiografia simples para osteomielite | Sensibilidade 67%, especificidade 40%, acurácia 50% (baixa, mas alto valor preditivo e baixo custo) | 15 - Pé-Diabético (p.370-371) | CONFIRMADO",
capsules/EISA_II/sarcoma_de_partes_moles.md,4,"Incidência entre neoplasias malignas | ~1% das neoplasias malignas diagnosticadas por ano | Sarcoma de Partes Moles, p. 1 | CONFIRMADO",
capsules/EISA_II/sarcoma_de_partes_moles.md,5,"Partes moles no corpo | ~50% do peso corporal | Sarcoma de Partes Moles, p. 1 | CONFIRMADO",
capsules/EISA_II/sarcoma_de_partes_moles.md,6,"5 linhagens mesenquimais de origem | condroblástica, osteoblástica, lipoblástica, mioblástica, fibroblástica | Sarcoma de Partes Moles, p. 1 | CONFIRMADO",
capsules/EISA_II/sarcoma_de_partes_moles.md,7,"Casos novos/mortes (EUA, 2017) | 10.667 casos novos; 3.820 mortes | Sarcoma de Partes Moles, p. 1 | CONFIRMADO",
capsules/EISA_II/sarcoma_de_partes_moles.md,8,"Local anatômico mais comum (seção ""Avaliação diagnóstica"") | extremidade 59%, abdome/retroperitônio 32% | Sarcoma de Partes Moles, p. 1 | CONFIRMADO",
capsules/EISA_II/sarcoma_de_partes_moles.md,9,"Local anatômico mais comum (seção ""Distribuição"", mesma fonte) | extremidades ~48%, tronco/visceral/retroperitoneal ~29% | Sarcoma de Partes Moles, p. 1 | divergência interna registrada — sem fonte A para resolver",
capsules/EISA_II/sarcoma_de_partes_moles.md,10,"Critério de biópsia | massa de tecido mole sintomática, em crescimento, >5 cm, OU persistente por >4–6 semanas | Sarcoma de Partes Moles, p. 1 | CONFIRMADO",
capsules/EISA_II/sarcoma_de_partes_moles.md,11,"Técnica de biópsia recomendada | agulha grossa ou biópsia excisional; evitar agulha fina | Sarcoma de Partes Moles, p. 1 | CONFIRMADO",
capsules/EISA_II/sarcoma_de_partes_moles.md,12,"Sítio de metástase mais comum | pulmão; para SPM intra/retroperitoneais, fígado | Sarcoma de Partes Moles, p. 1 | CONFIRMADO",
capsules/EISA_II/sarcoma_de_partes_moles.md,13,"Estadiamento por grau/tamanho | baixo/intermediário grau <5cm → Rx de tórax; alto grau ou >5cm → TC de tórax; sarcomas abdominais → TC de abdome/pelve | Sarcoma de Partes Moles, p. 2 | CONFIRMADO",
capsules/EISA_II/sarcoma_de_partes_moles.md,14,"Prognóstico estádio III | menos de 30% dos pacientes vivos em 10 anos | sarcoma de partes moles - onco geral, p. 2 | CONFIRMADO",
capsules/EISA_II/sarcoma_de_partes_moles.md,15,"Principais drogas quimioterápicas | doxorrubicina, ifosfamida, docetaxel, gencitabina | Sarcoma de Partes Moles, p. 3 | CONFIRMADO",
capsules/EISA_II/sarcoma_de_partes_moles.md,16,"Seguimento pós-tratamento | consultas trimestrais nos primeiros 2 anos, semestrais nos 2 anos seguintes, depois anuais; imagem local anual; TC de tórax/abdome anual se sarcoma abdominal/RP | Sarcoma de Partes Moles, p. 3 | CONFIRMADO",
capsules/EISA_II/surdez_e_vertigem.md,4,"Classificação de perda auditiva por dB | normal: −10 a 25 dB; leve: 26–40 dB; moderada: 41–70 dB; severa: 71–90 dB; profunda: acima de 90 dB | Surdez e Vertigem, p. 1 | CONFIRMADO",
capsules/EISA_II/surdez_e_vertigem.md,5,"Epidemiologia de surdez (OMS/Brasil) | 10% da população mundial com algum grau de surdez; 10 milhões de deficientes auditivos no Brasil; 2,5 milhões de surdos profundos; 350 mil cofóticos (ausência completa de audição) | Surdez e Vertigem, p. 1 | CONFIRMADO",
capsules/EISA_II/surdez_e_vertigem.md,6,"Frequência da fala humana | 200 a 800 Hz | Surdez e Vertigem, p. 1 | CONFIRMADO",
capsules/EISA_II/surdez_e_vertigem.md,7,"Otosclerose | calcificação da platina do estribo; perda condutiva geralmente após os 30 anos; muito comum no Nordeste do Brasil | Surdez e Vertigem, p. 2 | CONFIRMADO",
capsules/EISA_II/surdez_e_vertigem.md,8,"BERA (audiometria de tronco cerebral) | não firma diagnóstico em criança menor de 6 meses | Surdez e Vertigem, p. 2 | CONFIRMADO",
capsules/EISA_II/surdez_e_vertigem.md,9,"Doença de Ménière | hidropsia endolinfática crônica; tríade: redução da audição, zumbido e tontura | Surdez e Vertigem, p. 2 | CONFIRMADO",
capsules/EISA_II/surdez_e_vertigem.md,10,"Neurite vestibular | vertigem severa de início súbito, causa viral ou inflamatória (sem hipoacusia associada, diferente de Ménière) | Surdez e Vertigem, p. 2 | CONFIRMADO",
capsules/EISA_II/surdez_e_vertigem.md,11,"Surdez súbita | perda súbita da audição, geralmente por isquemia do ouvido interno | Surdez e Vertigem, p. 2 | CONFIRMADO",
capsules/EISA_II/terapia_renal_substitutiva.md,4,"Indicação de TRS na DRC | Estágio 5 (TFG<15) + sintoma/sinal/alteração laboratorial refratária (perda de peso, hipervolemia refratária, hipercalemia refratária, acidose metabólica refratária); paciente pode dialisar mesmo antes do estágio 5 se tiver sintoma refratário sem outra causa | ANOTAC_O_ES_TRS p.1 | CONFIRMADO (fonte única)",
capsules/EISA_II/terapia_renal_substitutiva.md,5,Diálise precoce (pré-sintoma) | Não associada a benefício comprovado | ANOTAC_O_ES_TRS p.1 | CONFIRMADO (fonte única),
capsules/EISA_II/terapia_renal_substitutiva.md,6,Anemia isolada | NÃO é indicação de diálise — trata-se com reposição de ferro e eritropoetina | ANOTAC_O_ES_TRS p.1 | CONFIRMADO (fonte única),
capsules/EISA_II/terapia_renal_substitutiva.md,7,"Mecanismo da hemodiálise | Clearance de soluto por DIFUSÃO (gradiente de concentração, sangue x dialisato); retirada de água por ULTRAFILTRAÇÃO, com predomínio de CONVECÇÃO | ANOTAC_O_ES_TRS p.1-2 | CONFIRMADO (fonte única)",
capsules/EISA_II/terapia_renal_substitutiva.md,8,Limite de variação do sódio na diálise | Não pode variar de forma aguda (manter 135–145) — risco de edema cerebral e óbito | ANOTAC_O_ES_TRS p.2 | CONFIRMADO (fonte única),
capsules/EISA_II/terapia_renal_substitutiva.md,9,"Anticoagulação do circuito | Heparina em todos os pacientes; se contraindicada, usa-se soro fisiológico | ANOTAC_O_ES_TRS p.2 | CONFIRMADO (fonte única)",
capsules/EISA_II/terapia_renal_substitutiva.md,10,"Reuso de capilares no SUS | Proibido em hepatite B (sala separada), hepatite C e HIV (risco de contaminação) | ANOTAC_O_ES_TRS p.2 | CONFIRMADO (fonte única)",
capsules/EISA_II/terapia_renal_substitutiva.md,11,"Esquemas de hemodiálise que reduzem mortalidade | Diária de curta duração (6x/semana, 2h) e noturna prolongada (3x/semana, 8h) — superiores ao esquema convencional (3x/semana 4h ou 4x/semana 3h) | ANOTAC_O_ES_TRS p.2 | CONFIRMADO (fonte única)",
capsules/EISA_II/terapia_renal_substitutiva.md,12,"Acesso vascular — 1ª escolha definitiva | Fístula arteriovenosa (FAV) — menor infecção, menor recirculação | ANOTAC_O_ES_TRS p.3 | CONFIRMADO (fonte única)",
capsules/EISA_II/terapia_renal_substitutiva.md,13,"Maturação da FAV | 4–8 semanas antes do uso; melhor momento para confeccionar é no estágio 4 ou 5 da DRC | ANOTAC_O_ES_TRS p.3 | CONFIRMADO (fonte única — coerente com a janela ""1–4 meses"" já confirmada em camada A na cápsula de DRC)",
capsules/EISA_II/terapia_renal_substitutiva.md,14,Ordem de preferência do cateter temporário | 1ª jugular interna direita; 2ª femoral; 3ª jugular interna esquerda; 4ª subclávia (maior risco de estenose — evitar) | ANOTAC_O_ES_TRS p.3 | CONFIRMADO (fonte única),
capsules/EISA_II/terapia_renal_substitutiva.md,15,"Cateter de longa permanência | Permcath — tunelizado, com cuff que reduz infecção, puncionado em jugular; para quem ainda não tem FAV pronta | ANOTAC_O_ES_TRS p.3 | CONFIRMADO (fonte única)",
capsules/EISA_II/terapia_renal_substitutiva.md,16,Diálise peritoneal — mecanismo | Cateter de Tenckhoff; clearance de soluto por difusão através do peritônio; ultrafiltração de água por gradiente osmótico de glicose (risco de hiperglicemia) | ANOTAC_O_ES_TRS p.4 | CONFIRMADO (fonte única),
capsules/EISA_II/terapia_renal_substitutiva.md,17,"Diálise peritoneal — complicações | Hiperglicemia, peritonite, infecção, hérnia, hidrotórax | ANOTAC_O_ES_TRS p.4 | CONFIRMADO (fonte única)",
capsules/EISA_II/terapia_renal_substitutiva.md,18,Comparação entre modalidades de diálise | Nenhuma modalidade é superior à outra — indicação deve ser individualizada | ANOTAC_O_ES_TRS p.4 | CONFIRMADO (fonte única),
capsules/EISA_II/terapia_renal_substitutiva.md,19,Transplante renal — anatomia | Implantado na fossa ilíaca direita; rim nativo NÃO é removido | ANOTAC_O_ES_TRS p.4 | CONFIRMADO (fonte única),
capsules/EISA_II/terapia_renal_substitutiva.md,20,"Transplante renal — fila | Não existe fila por gravidade (diferente de coração/fígado) — alocação por compatibilidade (ABO, HLA, PRA, prova cruzada) | ANOTAC_O_ES_TRS p.4 | CONFIRMADO (fonte única)",
capsules/EISA_II/terapia_renal_substitutiva.md,21,Compatibilidade ABO | Tipo O = doador universal; tipo AB = receptor universal; fator Rh não influencia | ANOTAC_O_ES_TRS p.4 | CONFIRMADO (fonte única),
capsules/EISA_II/terapia_renal_substitutiva.md,22,PRA (reatividade contra painel) | PRA 0% = menor risco de rejeição; PRA 99% = contraindica o transplante | ANOTAC_O_ES_TRS p.4 | CONFIRMADO (fonte única),
capsules/EISA_II/trauma_urogenital.md,4,"Epidemiologia geral do trauma geniturinário | 10% dos traumas; 90% fechados | APOSTILA p.122; AULA_HPB... (não, ver AULA Trauma slide 1) | CONFIRMADO (A+B)",
capsules/EISA_II/trauma_urogenital.md,5,Hematúria como indicador | Presente em 90% dos casos de trauma geniturinário; intensidade **não** se correlaciona com gravidade; ausência **não** exclui trauma renal | APOSTILA p.123; camada A slides 2–3 | CONFIRMADO (A+B),
capsules/EISA_II/trauma_urogenital.md,6,"Exame de escolha no trauma renal | TC de abdome/pelve com contraste (padrão-ouro, avalia laceração cortical, sistema coletor, vasos, hematoma perirrenal) | APOSTILA p.123; camada A slides 5–7 | CONFIRMADO (A+B)",
capsules/EISA_II/trauma_urogenital.md,7,"Classificação do trauma renal (AAST) | I: contusão/hematoma subcapsular sem laceração; II: hematoma perirrenal, laceração cortical <1cm sem extravasamento; III: laceração >1cm até a medula, sem sistema coletor; IV: laceração até córtex+medula+sistema coletor, ou lesão vascular com hemorragia contida; V: múltiplas lacerações grau IV / rim fragmentado / avulsão de pedículo | APOSTILA pp.123–124; camada A slides 8–12 | CONFIRMADO (A+B)",
capsules/EISA_II/trauma_urogenital.md,8,"Tratamento do trauma renal | Conservador (graus I–III, e IV estável) com internação/tomografias seriadas; cirúrgico em indicação absoluta (instabilidade PAS<90, hematoma pulsátil/expansivo intraoperatório, suspeita de avulsão de pedículo/JUP) ou relativa (extravasamento de contraste, trombose arterial, estadiamento incompleto) | APOSTILA pp.124–125; camada A slides 13–18 | CONFIRMADO (A+B)",
capsules/EISA_II/trauma_urogenital.md,9,"Trauma ureteral — causa mais comum | Iatrogênica (80%): histerectomia 54%, colectomia 14%, cirurgias pélvicas 8%, histeropexia 8%, procedimentos vasculares 6% | APOSTILA p.125; camada A slides 19–22 | CONFIRMADO (A+B)",
capsules/EISA_II/trauma_urogenital.md,10,"Classificação AAST do trauma ureteral | I: contusão/hematoma sem desvascularização; II: laceração com transecção <50%; III: laceração com transecção ≥50%; **IV: transecção completa com desvascularização <2cm; V: transecção completa (avulsão) com desvascularização >2cm** | camada A slide 25 (tabela AAST original em inglês) | **CORRIGIDO** — a Apostila (p.125) descreve os graus IV e V por percentual (<50%/>50%), o que contradiz a tabela AAST original vista na camada A; prevalece a camada A (critério em centímetros de desvascularização, não percentual)",
capsules/EISA_II/trauma_urogenital.md,11,"Trauma vesical — mecanismo e associação | Contuso é o mais comum; cirurgia urológica é a causa iatrogênica mais comum; lesão vesical contusa associada a fratura pélvica em 60–90% dos casos; 10% das fraturas pélvicas têm lesão vesical associada | APOSTILA p.126; Trauma_urogenital (Aline Maia) p.860–862; camada A slides 13–15 | CONFIRMADO (A+B, 2 fontes B convergentes)",
capsules/EISA_II/trauma_urogenital.md,12,Trauma vesical — extra x intraperitoneal | Extraperitoneal é mais comum (50–80% dos casos) e quase sempre associada a fratura pélvica; fator mais decisivo na conduta é saber qual dos dois tipos | APOSTILA p.126; camada A slides 13–15 | CONFIRMADO (A+B),
capsules/EISA_II/trauma_urogenital.md,13,"Diagnóstico do trauma vesical | Cistografia (indicada em fratura pélvica + hematúria, ou sangue no meato); cistografia com TC (sensibilidade 95%, especificidade 100%), exame principal em politraumatizado estável | APOSTILA p.126; Trauma_urogenital p.921 | CONFIRMADO (2 fontes B)",
capsules/EISA_II/trauma_urogenital.md,14,Trauma vesical — tratamento | Extraperitoneal não complicada: conservador (Foley + cistografia em 14 dias + ATB); intraperitoneal ou lesão penetrante: cirurgia (laparotomia + rafia vesical) | APOSTILA p.126; camada A slides 16–18 | CONFIRMADO (A+B),
capsules/EISA_II/trauma_urogenital.md,15,Trauma de uretra — proporção posterior x anterior | Uretra posterior corresponde a 70% dos traumas de uretra; associada a fratura pélvica | Trauma_urogenital p.1166–1170 | CONFIRMADO (fonte única B — **sem confirmação de camada A** neste subtema),
capsules/EISA_II/trauma_urogenital.md,16,Diagnóstico do trauma de uretra | Uretrocistografia (uretrografia retrógrada) | APOSTILA p.126; Trauma_urogenital p.1204/1445/1470 | CONFIRMADO (2 fontes B),
capsules/EISA_II/trauma_urogenital.md,17,"Classificação de gravidade da uretra (estilo AAST) | I: contusão, uretrografia normal, tto conservador; II: alongamento sem extravasamento; III: extravasamento parcial com contraste ainda na bexiga; IV: lesão completa sem contraste na bexiga, separação <2cm; V: separação ≥2cm | Trauma_urogenital p.1259–1380 (fonte grafa ""ureter"" por erro de digitação — contexto de uretrocistografia/diafragma urogenital confirma tratar-se de **uretra**) | CONFIRMADO_COM_CORREÇÕES — termo corrigido de ""ureter"" para ""uretra"" por coerência de contexto; fonte única B, sem camada A",
capsules/EISA_II/trauma_urogenital.md,18,"Tratamento do trauma de uretra posterior | Cistostomia inicial; correção cirúrgica tardia (uretroplastia) após 3 meses, quando hematoma resolve e demais lesões estabilizam | APOSTILA p.126; Trauma_urogenital p.1397–1413 | CONFIRMADO (2 fontes B)",
capsules/EISA_II/trauma_urogenital.md,19,Fratura de pênis | Ruptura da túnica albugínea do corpo cavernoso por trauma contuso em pênis ereto; raro (1 em 170.000 atendimentos de urgência); quadro clássico: estalido durante o ato sexual + dor + detumescência imediata + edema/equimose | Trauma_urogenital p.1474–1538 | CONFIRMADO (fonte única B — **sem confirmação de camada A**),
capsules/EISA_II/trauma_urogenital.md,20,Fratura de pênis — lesão uretral associada | Ocorre em 20% dos casos; lesão de outros órgãos em 80% dos casos penetrantes | Trauma_urogenital p.1507 | CONFIRMADO (fonte única B),
capsules/EISA_II/traumatismo_cranioencefalico.md,4,Classificação por ECG | Leve 14-15; Moderado 9-13; Grave ≤8 | TRAUMATISMO_CRANIO_ENCEFALICO pptx p.1; APOSTILA p.81 | CONFIRMADO (A e B idênticos),
capsules/EISA_II/traumatismo_cranioencefalico.md,5,Hematoma extradural — mecanismo/imagem/clínica | Ruptura clássica de artéria meníngea média; imagem em lente biconvexa; breve perda de consciência + intervalo lúcido + hemiparesia contralateral + dilatação pupilar ipsilateral | TRAUMATISMO_CRANIO_ENCEFALICO pptx p.12 | CONFIRMADO,
capsules/EISA_II/traumatismo_cranioencefalico.md,6,Hematoma extradural — conduta conservadora | Espessura < 1 cm + paciente oligossintomático | TRAUMATISMO_CRANIO_ENCEFALICO pptx p.12 | CONFIRMADO,
capsules/EISA_II/traumatismo_cranioencefalico.md,7,"Hematoma subdural agudo — indicação cirúrgica | Espessura > 10 mm OU desvio de linha média (DLM) > 5 mm; OU espessura <10mm/DLM<5mm associado a alteração pupilar, rebaixamento da ECG, ou PIC > 20 mmHg | TRAUMATISMO_CRANIO_ENCEFALICO pptx p.13 | CONFIRMADO",
capsules/EISA_II/traumatismo_cranioencefalico.md,8,"Hematoma subdural agudo — intervalo lúcido | Geralmente NÃO há (lesão cerebral parenquimatosa associada, ao contrário do extradural) | TRAUMATISMO_CRANIO_ENCEFALICO pptx p.13 | CONFIRMADO",
capsules/EISA_II/traumatismo_cranioencefalico.md,9,Hematoma subdural crônico — fisiopatologia | Sangue no espaço subdural → resposta inflamatória → fibroblastos → neocapilares → liquefação do coágulo → formação de cápsula → secreção por neomembranas | TRAUMATISMO_CRANIO_ENCEFALICO pptx p.14 | CONFIRMADO,
capsules/EISA_II/traumatismo_cranioencefalico.md,10,"Hematoma subdural crônico — tratamento | Expectante, trepanação ou craniotomia | TRAUMATISMO_CRANIO_ENCEFALICO pptx p.14 | CONFIRMADO",
capsules/EISA_II/traumatismo_cranioencefalico.md,11,Fratura exposta — indicação cirúrgica | Afundamento > espessura do osso; sinal de penetração dural; envolvimento do seio frontal; deformidade estética grave | TRAUMATISMO_CRANIO_ENCEFALICO pptx p.11-12 | CONFIRMADO,
capsules/EISA_II/traumatismo_cranioencefalico.md,12,Estabilização inicial | ATLS; evitar hipotensão; sedação/intubação; hiperventilação; manitol | TRAUMATISMO_CRANIO_ENCEFALICO pptx p.9 | CONFIRMADO,
capsules/EISA_II/traumatismo_cranioencefalico.md,13,"Risco de lesão intracraniana (estratificação apostila) | Baixo: assintomático/cefaleia → sem TC, observação em casa. Moderado: PDC, cefaleia progressiva, álcool/drogas, convulsão pós-traumática, <2 anos, vômitos, amnésia, fratura de base, trauma múltiplo → TC + observação hospitalar. Alto: ↓consciência, déficit focal, piora do nível de consciência, lesão penetrante/afundamento → TC + internação | APOSTILA p.82 | CONFIRMADO",
capsules/EISA_II/traumatismo_cranioencefalico.md,14,Lesão axonal difusa — mortalidade por PIC | 51% se PIC > 20 mmHg; 16% se PIC < 20 mmHg. Acomete 16% dos TCE grave em geral e 28% no grupo pediátrico | APOSTILA p.84 | CONFIRMADO,
capsules/EISA_II/traumatismo_cranioencefalico.md,15,"PECARN (criança < 2 anos, ECG 14-15) | TC indicada se: ECG 14, estado mental alterado, fratura craniana palpável, hematoma de couro cabeludo, PDC, mecanismo grave — decisão de observar x tomografar depende da experiência do médico | TRAUMATISMO_CRANIO_ENCEFALICO pptx p.14-15 | CONFIRMADO",
capsules/EISA_II/traumatismo_cranioencefalico.md,16,"PECARN (criança > 2 anos, ECG 14-15) | TC indicada se: ECG 14, estado mental alterado, sinais de fratura de base de crânio, PDC, vômitos, mecanismo grave | TRAUMATISMO_CRANIO_ENCEFALICO pptx p.15 | CONFIRMADO",
capsules/EISA_II/traumatismo_cranioencefalico.md,17,Hematoma subgaleal x subperiosteal (criança) | Subgaleal: sangramento no tecido conectivo frouxo separa a gálea do periósteo. Subperiosteal: sangramento eleva o periósteo (não cruza sutura) | TRAUMATISMO_CRANIO_ENCEFALICO pptx p.15-16 | CONFIRMADO,
capsules/EISA_II/tumores_do_sistema_nervoso_central.md,4,"Distribuição por compartimento | 85% na cavidade craniana; 15% no canal espinal | Tumores do SNC (Patologia), p. 1 | CONFIRMADO",
capsules/EISA_II/tumores_do_sistema_nervoso_central.md,5,"Distribuição por idade e localização | crianças: 70% na fossa posterior; adultos: predomínio nos hemisférios cerebrais | Tumores do SNC (Patologia), p. 1 | CONFIRMADO",
capsules/EISA_II/tumores_do_sistema_nervoso_central.md,6,"Meningioma — célula de origem e frequência | fibroblasto aracnóideo; pico aos 45 anos; 20% dos tumores benignos, mais comum em mulheres | Tumores do SNC (Patologia) p. 7; TUMOR DO SNC (Neuro) | CONFIRMADO",
capsules/EISA_II/tumores_do_sistema_nervoso_central.md,7,"Meningioma — malignidade | maligno só quando infiltra tecido nervoso (meningossarcoma, raro); hiperostose óssea NÃO indica malignidade | Tumores do SNC (Patologia), p. 7 | CONFIRMADO",
capsules/EISA_II/tumores_do_sistema_nervoso_central.md,8,Meduloblastoma | pico aos 7 anos; 65% no sexo masculino; grau IV; origem no vérmis cerebelar/teto do IV ventrículo; dissemina por via liquórica | TUMOR DO SNC (Neuro) | CONFIRMADO,
capsules/EISA_II/tumores_do_sistema_nervoso_central.md,9,"Glioblastoma | grau IV, o mais maligno e mais comum; adultos 45–75 anos; substância branca (temporal/parietal/frontal/occipital); reaparece em 6 meses sem RDT/QMT; não curável | TUMOR DO SNC (Neuro) | CONFIRMADO",
capsules/EISA_II/tumores_do_sistema_nervoso_central.md,10,"Astrocitoma pilocítico | crianças, cerebelo, grau I; cura com cirurgia isolada, sem necessidade de RDT/QMT | TUMOR DO SNC (Neuro) | CONFIRMADO",
capsules/EISA_II/tumores_do_sistema_nervoso_central.md,11,"Astrocitoma difuso x anaplásico | difuso: adultos 30–40 anos, grau II; anaplásico: adultos 45–50 anos, grau III | TUMOR DO SNC (Neuro) | CONFIRMADO",
capsules/EISA_II/tumores_do_sistema_nervoso_central.md,12,"Graduação OMS — variáveis e sobrevida | Grau I: 0 variáveis (cura c/ excisão total); Grau II: 1 variável exceto necrose (5–10 anos); Grau III: 2 variáveis exceto necrose (2,5–3 anos); Grau IV: 3–4 variáveis incluindo necrose (≤1 ano) | TUMOR DO SNC (Neuro) | CONFIRMADO",
capsules/EISA_II/tumores_do_sistema_nervoso_central.md,13,"Ependimoma | crianças (média 6 anos) e adultos jovens (mais na medula); origem no epêndima; 60% supratentorial, 40% infratentorial | TUMOR DO SNC (Neuro) | CONFIRMADO",
capsules/EISA_II/tumores_do_sistema_nervoso_central.md,14,Schwannoma vestibular (neurinoma do acústico) | 8% dos tumores do VIII par; 80% dos tumores do ângulo ponto-cerebelar; bilateral sugere neurofibromatose tipo 2; principal complicação cirúrgica = paralisia facial | TUMOR DO SNC (Neuro) | CONFIRMADO,
capsules/EISA_II/tumores_do_sistema_nervoso_central.md,15,Metástases cerebrais | 10–20% das neoplasias intracranianas; pulmão e mama somam 50% dos casos; 60% são lesões únicas | TUMOR DO SNC (Neuro) | CONFIRMADO,
capsules/EISA_II/tumores_do_sistema_nervoso_central.md,16,"Tumores malignos do SNC — metástase extra-SNC | NÃO ocorre, mesmo nos tumores mais malignos | Tumores do SNC (Patologia), p. 3 | CONFIRMADO",
capsules/EISA_II/tumores_renais_e_carcinoma_de_celulas_renais.md,4,Proporção do CCR entre as neoplasias renais malignas | 80–90% dos tumores malignos renais do adulto (~90% em resumos de aluno) | APOSTILA p.17; ANOTAC_O_ES_carcinoma p.1 | CONFIRMADO,
capsules/EISA_II/tumores_renais_e_carcinoma_de_celulas_renais.md,5,"Subtipos histológicos | Células claras 70–80%; papilar 10–15% (pior prognóstico, multifocal); cromófobo 4–5% (melhor prognóstico); ductos coletores/Bellini <1% (pior prognóstico, alto grau) | APOSTILA p.132; ANOTAC_O_ES_carcinoma p.1; Onco_NEOPLASIAS p.6-7; C_ncer_urol_gico p.5 | CONFIRMADO (4 fontes convergentes)",
capsules/EISA_II/tumores_renais_e_carcinoma_de_celulas_renais.md,6,Sexo e faixa etária | 2:1 masculino; pico 50–70 anos | APOSTILA p.132; ANOTAC_O_ES_carcinoma p.1 | CONFIRMADO,
capsules/EISA_II/tumores_renais_e_carcinoma_de_celulas_renais.md,7,"Achado incidental | 50–60% dos CCR são achados incidentais em exame de imagem | APOSTILA p.132 (""mais de 50%""); ANOTAC_O_ES_carcinoma p.1 (""60%"") | CONFIRMADO_COM_CORREÇÕES — usar faixa 50–60%",
capsules/EISA_II/tumores_renais_e_carcinoma_de_celulas_renais.md,8,Tríade clássica | Hematúria + dor lombar + massa palpável — presente em apenas 10% dos casos; hematúria isolada é o sinal mais frequente (30–60%) | APOSTILA p.132; ANOTAC_O_ES_carcinoma p.1 | CONFIRMADO,
capsules/EISA_II/tumores_renais_e_carcinoma_de_celulas_renais.md,9,"Síndrome paraneoplásica | 20–40% dos casos: febre, hipercalcemia, HAS, anemia normo/normo, eritrocitose, disfunção hepática reversível (síndrome de Stauffer) | APOSTILA p.132; ANOTAC_O_ES_carcinoma p.1 | CONFIRMADO",
capsules/EISA_II/tumores_renais_e_carcinoma_de_celulas_renais.md,10,Exame de escolha | TC de abdome com contraste — diagnóstico e estadiamento; USG só no achado incidental/rastreio; biópsia não é rotina | APOSTILA p.132; ANOTAC_O_ES_carcinoma p.1 | CONFIRMADO,
capsules/EISA_II/tumores_renais_e_carcinoma_de_celulas_renais.md,11,"Classificação de Bosniak e conduta | I: <1% malignidade → alta; II: 3–5% → alta; IIF: >5% → acompanhamento; III/IV: cirurgia (nefrectomia total ou parcial, a depender do tamanho/invasão) | APOSTILA pp.133-134 | CONFIRMADO",
capsules/EISA_II/tumores_renais_e_carcinoma_de_celulas_renais.md,12,Estadiamento simplificado | Estágio 1: ≤7cm restrito ao rim; Estágio 2: >7cm restrito ao rim; Estágio 3: invade fáscia de Gerota/veia renal-cava; Estágio 4: metástase à distância OU qualquer linfonodo comprometido (mesmo com tumor pequeno) | Onco_NEOPLASIAS p.7; C_ncer_urol_gico p.6 | CONFIRMADO (2 fontes convergentes; confirmar no slide),
capsules/EISA_II/tumores_renais_e_carcinoma_de_celulas_renais.md,13,Nefrectomia radical | Indicada em tumores >7cm e opcionalmente em 4–7cm; padrão-ouro para tumor >4cm | APOSTILA p.133; ANOTAC_O_ES_carcinoma p.2 | CONFIRMADO,
capsules/EISA_II/tumores_renais_e_carcinoma_de_celulas_renais.md,14,Nefrectomia parcial | Indicada em tumores <4cm periféricos; cistos complexos Bosniak III/IV; rim único; tumores bilaterais; rim contralateral comprometido | APOSTILA p.133; ANOTAC_O_ES_carcinoma p.2 | CONFIRMADO,
capsules/EISA_II/tumores_renais_e_carcinoma_de_celulas_renais.md,15,"Técnicas ablativas | Indicadas em tumores <3cm, casos selecionados (paciente não candidato a cirurgia convencional) | APOSTILA p.134; ANOTAC_O_ES_carcinoma p.2 | CONFIRMADO",
capsules/EISA_II/tumores_renais_e_carcinoma_de_celulas_renais.md,16,"Tratamento sistêmico (metastático) | Nefrectomia + terapia alvo molecular (inibidor de angiogênese: sunitinibe, pazopanibe) é a melhor estratégia; aumenta sobrevida, não cura; sem indicação de QT/RT/imunoterapia adjuvante pós-cirurgia definitiva sem doença residual | APOSTILA p.134; ANOTAC_O_ES_carcinoma p.2 | CONFIRMADO",
capsules/EISA_II/tumores_renais_e_carcinoma_de_celulas_renais.md,17,"Critérios de Motzer (prognóstico em doença avançada) | Karnofsky <80%; DHL >1,5x; Hb baixa; Ca sérico >10mg/dL; ausência de nefrectomia prévia | APOSTILA p.134; ANOTAC_O_ES_carcinoma p.2 | CONFIRMADO",
capsules/EISA_II/tumores_renais_e_carcinoma_de_celulas_renais.md,18,"Sobrevida global | 60–74% (mais letal dos tumores urológicos) | APOSTILA p.132 (""64-74%""); ANOTAC_O_ES_carcinoma p.1 (""60-70%"") | CONFIRMADO_COM_CORREÇÕES — usar faixa consolidada 60–74%",
capsules/EISA_II/urologia_feminina_infeccao_urinaria_e_incontinencia.md,4,Frequência de ITU na mulher | 7–10× mais frequente após início da vida sexual | B (Aline Ferreira) p.1 | CONFIRMADO,
capsules/EISA_II/urologia_feminina_infeccao_urinaria_e_incontinencia.md,5,Duração de tratamento | Cistite: 3–5 dias; pielonefrite: 10–14 dias | B p.1 | CONFIRMADO,
capsules/EISA_II/urologia_feminina_infeccao_urinaria_e_incontinencia.md,6,Agente etiológico | E. coli > Klebsiella > Proteus > Pseudomonas (ordem de incidência) | B p.1 | CONFIRMADO,
capsules/EISA_II/urologia_feminina_infeccao_urinaria_e_incontinencia.md,7,"ITU assintomática em idosa | Pode evoluir para pielonefrite/sepse de foco urinário em 6h, com alteração do nível de consciência sem sinal neurológico focal — diagnóstico diferencial com AVC | B p.1 | CONFIRMADO",
capsules/EISA_II/urologia_feminina_infeccao_urinaria_e_incontinencia.md,8,"Antibiótico de 1ª escolha, ITU não complicada | Fosfomicina trometamol 3g dose única (1 dia); Nitrofurantoína macrocristal 100mg 2×/dia (5 dias) — ambos recomendados em mulheres, não em homens (LE1, GR A) | camada A slide 27 (tabela EAU); B p.2 | CONFIRMADO (A+B)",
capsules/EISA_II/urologia_feminina_infeccao_urinaria_e_incontinencia.md,9,"Alternativas por resistência local | Cefalosporina (cefadroxil 500mg 2×/dia, 3 dias); se resistência de E. coli local <20%: trimetoprim 200mg 2×/dia 5 dias (não no 1º trimestre) ou trimetoprim-sulfa 160/800mg 2×/dia 3 dias (não no último trimestre) | camada A slide 27 (tabela EAU) | CONFIRMADO (fonte A)",
capsules/EISA_II/urologia_feminina_infeccao_urinaria_e_incontinencia.md,10,"Tratamento em homens | Trimetoprim-sulfa 160/800mg 2×/dia por 7 dias (LE4, GR C) | camada A slide 27 (tabela EAU) | CONFIRMADO (fonte A)",
capsules/EISA_II/urologia_feminina_infeccao_urinaria_e_incontinencia.md,11,Quando pedir urocultura com antibiograma | Gestante; ITU com febre (suspeita de pielonefrite); falha terapêutica após 72h de ATB empírico; recidiva em 2–4 semanas; sintomas atípicos (dor pélvica) | B p.1 | CONFIRMADO,
capsules/EISA_II/urologia_feminina_infeccao_urinaria_e_incontinencia.md,12,Tratamento em gestação/amamentação | Cefalexina 5–7 dias; ITU complicada: ceftriaxona | B p.2 | CONFIRMADO,
capsules/EISA_II/urologia_feminina_infeccao_urinaria_e_incontinencia.md,13,Imunoprofilaxia | Uro-Vaxom (vacina oral): 1×/dia em jejum por 90 dias → pausa de 90 dias → reforço de 30 dias; indicada em uroculturas repetidamente positivas para E. coli | B p.2 | CONFIRMADO,
capsules/EISA_II/urologia_feminina_infeccao_urinaria_e_incontinencia.md,14,"ITU recorrente pós-menopausa sem disfunção miccional | Pensar em hipoestrogenismo → estrogênio vaginal; contraindicações: CA de mama estrogênio-responsivo, hiperplasia de endométrio, sangramento vaginal anômalo pós-menopausa; alternativa se contraindicado: laser vaginal | B p.2 | CONFIRMADO",
capsules/EISA_II/urologia_feminina_infeccao_urinaria_e_incontinencia.md,15,Recomendação EAU para ITU recorrente | Não fazer investigação extensa de rotina sem fatores de risco (LE1b/GRB); estrogênio vaginal em pós-menopausa (LE1b/GRA); profilaxia imunoativa em todas as idades (LE1a/GRA); profilaxia antimicrobiana contínua/pós-coital se falha não-antimicrobiana (LE2b/GRB); terapia autoadministrada de curto prazo em paciente aderente (LE2b/GRA*) | camada A slide 28 (tabela EAU) | CONFIRMADO (fonte A),
capsules/EISA_II/urologia_feminina_infeccao_urinaria_e_incontinencia.md,16,Fator de risco para obstrução infravesical na mulher | Distopia genital (equivalente feminino da HPB masculina) | B p.3 | CONFIRMADO,
capsules/EISA_II/urologia_feminina_infeccao_urinaria_e_incontinencia.md,17,Fatores associados à incontinência | Diabetes gestacional; polidrâmnio; RN GIG; obesidade; tabagismo (tosse crônica); ectopia ureteral; fístula vesicovaginal | B p.3 | CONFIRMADO,
capsules/EISA_II/urologia_feminina_infeccao_urinaria_e_incontinencia.md,18,"Via de parto e incontinência | Via de parto **não** é fator associado — o que determina é o **tempo** do trabalho de parto, não a via (vaginal x cesárea) | B p.3 | CONFIRMADO",
capsules/EISA_II/urologia_feminina_infeccao_urinaria_e_incontinencia.md,19,"VLPP — cortes de gravidade | VLPP <60 cmH₂O → disfunção esfincteriana intrínseca → tratamento cirúrgico; VLPP >90 cmH₂O → hipermobilidade do colo vesical → reabilitação/fisioterapia; VLPP 60–90 → iniciar reabilitação, cirurgia se refratário | B p.4; camada A slides 57–58 (tabela idêntica) | CONFIRMADO (A+B)",
capsules/EISA_II/urologia_feminina_infeccao_urinaria_e_incontinencia.md,20,Sequência de tratamento em IU mista | Tratar primeiro a IU de urgência/hiperatividade detrusora; 76% de recidiva da IU quando a de esforço é tratada primariamente (fator de risco de insucesso do sling) | B p.4 | CONFIRMADO,
capsules/EISA_II/urologia_feminina_infeccao_urinaria_e_incontinencia.md,21,Hiperatividade detrusora — prevalência | Presente em 9–55% das mulheres com IU; em 76% daquelas com IU recidivada; fator de risco de insucesso para cirurgia de sling | camada A slide 59 | CONFIRMADO (fonte A),
capsules/EISA_II/urologia_feminina_infeccao_urinaria_e_incontinencia.md,22,"Tratamento da IU de urgência | 1ª escolha: anticolinérgico (oxibutinina, tolterodina, solifenacina) ou simpaticomimético/β3-agonista (mirabegrona); 2ª escolha: Botox intravesical; alternativas de último caso: neuromodulação sacral, enterocistoplastia + conduto continente cateterizável; alfa-bloqueador usado em pediatria | B p.4; camada A slides 55–58 | CONFIRMADO (A+B)",
capsules/EISA_II/urologia_feminina_infeccao_urinaria_e_incontinencia.md,23,Contraindicações por classe farmacológica | Anticolinérgico/antimuscarínico: glaucoma de ângulo estreito; simpaticomimético/β3-agonista: HAS não controlada | B p.4 | CONFIRMADO,
capsules/EISA_II/urologia_feminina_infeccao_urinaria_e_incontinencia.md,24,Contraindicações de Botox intravesical | Miastenia gravis; uso de aminoglicosídeos; síndrome de Eaton-Lambert; amamentação; gestação; hemofilia/coagulopatias | camada A slide 56 | CONFIRMADO (fonte A),
capsules/EISA_II/urologia_feminina_infeccao_urinaria_e_incontinencia.md,25,"Tratamento da IU de esforço | Cirúrgico — slings uretrais (autólogos, ex. aponeurótico; ou heterólogos, ex. TVT/transobturatório), que diminuem o ângulo vésico-uretral e criam mecanismo de continência; colporrafia anterior é técnica clássica alternativa | B p.4; camada A slides 61–67 | CONFIRMADO (A+B)",
capsules/EISCA/adolescencia_puberdade_e_semiologia_do_adolescente.md,4,"Definição de adolescência (OMS) | etapa evolutiva dos 10 aos 19 anos (2 fontes) / 10 a 20 anos (1 fonte) — variação de definição entre fontes B, sem camada A para desempate | Pediatria_ADOLESC p.1; Anotações p.1 | CONFIRMADO (variação registrada, não é erro de leitura — ambas aparecem na literatura)",
capsules/EISCA/adolescencia_puberdade_e_semiologia_do_adolescente.md,5,"Definição de adolescência (ECA, Lei 8.069/90) | 12 a 18 anos | Pediatria_ADOLESC p.1; Anotações p.1 | CONFIRMADO",
capsules/EISCA/adolescencia_puberdade_e_semiologia_do_adolescente.md,6,"Limite de internação em hospital pediátrico | 13 anos, 11 meses e 29 dias — a partir daí, hospital de adulto | Pediatria_ADOLESC p.1 | CONFIRMADO",
capsules/EISCA/adolescencia_puberdade_e_semiologia_do_adolescente.md,7,Hebiatria — regulamentação | subespecialidade da pediatria desde 1998 (Sociedade Brasileira de Pediatria); reconhecida como área de atuação pela Associação Médica Brasileira em 1999 | Pediatria_ADOLESC p.1 | CONFIRMADO,
capsules/EISCA/adolescencia_puberdade_e_semiologia_do_adolescente.md,8,Primeiros sinais da puberdade | protrusão do mamilo (menina) e aumento testicular (menino) — marcam o início da adolescência biológica | Pediatria_ADOLESC p.1; Semiologia_do_adolescente p.1 | CONFIRMADO,
capsules/EISCA/adolescencia_puberdade_e_semiologia_do_adolescente.md,9,Faixa etária normal de início da puberdade | menina: 8 a 13 anos; menino: 9 a 14 anos | Anotações p.1 | CONFIRMADO,
capsules/EISCA/adolescencia_puberdade_e_semiologia_do_adolescente.md,10,Fim da puberdade | coincide com aquisição da capacidade reprodutiva e fusão das epífises ósseas — não significa fim da adolescência | Pediatria_ADOLESC p.1; Semiologia_do_adolescente p.1 | CONFIRMADO,
capsules/EISCA/adolescencia_puberdade_e_semiologia_do_adolescente.md,11,"Etapa inicial da adolescência | 10-14 anos: distanciamento dos pais, aproximação com iguais do mesmo sexo, necessidade de privacidade, atendimento predominante com os pais | Pediatria_ADOLESC p.1; Semiologia_do_adolescente p.1 | CONFIRMADO",
capsules/EISCA/adolescencia_puberdade_e_semiologia_do_adolescente.md,12,"Etapa média da adolescência | 15-17 anos: máxima identificação com iguais, exposição a risco, onipotência, puberdade completa, início de experiências sexuais, atendimento individualizado sem imposição dos pais | Pediatria_ADOLESC p.1; Semiologia_do_adolescente p.1 | CONFIRMADO",
capsules/EISCA/adolescencia_puberdade_e_semiologia_do_adolescente.md,13,"Etapa tardia da adolescência | 18-20 anos: comportamento tipo adulto, reaproximação com os pais, atendimento individualizado | Pediatria_ADOLESC p.1; Semiologia_do_adolescente p.1 | CONFIRMADO",
capsules/EISCA/adolescencia_puberdade_e_semiologia_do_adolescente.md,14,"Adolescência prolongada | fenômeno recente, faixa etária 20-24 anos | Pediatria_ADOLESC p.1; Semiologia_do_adolescente p.1 | CONFIRMADO",
capsules/EISCA/adolescencia_puberdade_e_semiologia_do_adolescente.md,15,"Motivos de quebra da confidencialidade (lista consolidada, 3 fontes) | risco de morte (suicídio, doenças, fuga de casa); notificação compulsória (maus-tratos); intenção de abortar; gravidez; abuso de drogas lícitas/ilícitas; anorexia e bulimia nervosas; ferimentos/atos autodestrutivos | Pediatria_ADOLESC p.4; Semiologia_do_adolescente p.3; Anotações p.1 | CONFIRMADO (lista de Semiologia_do_adolescente e Anotações é mais extensa que a de Pediatria_ADOLESC, que cita só os 4 primeiros itens — tratado como divergência de completude, não de conteúdo, ver abaixo)",
capsules/EISCA/adolescencia_puberdade_e_semiologia_do_adolescente.md,16,"Base legal do segredo médico | Código de Ética Médica, Cap. IX (Segredo Médico) — artigo 103 (1 fonte) / artigo 74 (1 fonte); texto convergente: ""é vedado revelar segredo profissional referente a paciente menor, mesmo aos pais, desde que o menor tenha capacidade de avaliar seu problema e conduzir-se, salvo quando a não revelação possa acarretar dano ao paciente"" | Pediatria_ADOLESC p.4; Semiologia_do_adolescente p.3 | CONFIRMADO (conteúdo); numeração do artigo diverge entre fontes — não resolvido, ver abaixo",
capsules/EISCA/adolescencia_puberdade_e_semiologia_do_adolescente.md,17,"Itens obrigatórios da anamnese do adolescente | família, educação, trabalho, alimentação, sexualidade, afeto, ambições, uso/abuso de drogas, ideação/tentativa de suicídio | Pediatria_ADOLESC p.4 | CONFIRMADO",
capsules/EISCA/adolescencia_puberdade_e_semiologia_do_adolescente.md,18,Itens obrigatórios do exame físico | estágio de desenvolvimento puberal; avaliação do estado nutricional; inspeção o mais completa possível | Pediatria_ADOLESC p.5; Semiologia_do_adolescente p.4 | CONFIRMADO,
capsules/EISCA/adolescencia_puberdade_e_semiologia_do_adolescente.md,19,Nomenclatura da Escala de Tanner nas fontes B | MP = mama + pubarca (sexo feminino); GP = genitália + pubarca (sexo masculino) | Anotações p.2 | CONFIRMADO (nomenclatura); estágios detalhados M1-M5/G1-G5/P1-P5 não descritos em nenhuma fonte B | confirmar no slide,
capsules/EISCA/adolescencia_puberdade_e_semiologia_do_adolescente.md,20,Particularidade da aplicação da Escala de Tanner | pode ser autoavaliada/autoinformada pelo próprio adolescente quando não há conforto para exposição física completa | Semiologia_do_adolescente p.4 | CONFIRMADO,
capsules/EISCA/adolescencia_puberdade_e_semiologia_do_adolescente.md,21,Consequências da gravidez na adolescência | abandono escolar; abandono do grupo social; aborto e suas consequências; alteração da autoimagem; rupturas familiares/escolares/sociais; problemas financeiros | Pediatria_ADOLESC p.5; Semiologia_do_adolescente p.4 | CONFIRMADO,
capsules/EISCA/adolescencia_puberdade_e_semiologia_do_adolescente.md,22,Sequência padrão dos eventos puberais (menina) | telarca (broto mamário) → pubarca → estirão de crescimento → menarca (fase intermediária/tardia da puberdade) → conclusão do desenvolvimento mamário e de pelos | — | conhecimento_geral (não descrito nas fontes B disponíveis; padrão consolidado de semiologia pediátrica),
capsules/EISCA/adolescencia_puberdade_e_semiologia_do_adolescente.md,23,"Sequência padrão dos eventos puberais (menino) | aumento do volume testicular (≥4mL ou ≥2,5cm no maior eixo) → pubarca → aumento peniano → estirão de crescimento (mais tardio que na menina) → espermarca → conclusão do desenvolvimento | — | conhecimento_geral (não descrito nas fontes B disponíveis; padrão consolidado de semiologia pediátrica)",
capsules/EISCA/aleitamento_materno.md,4,primeira hora; exclusivo 6 m; ≥2 anos | OMS fact sheet 04/08/2026 | CURRENT_VERIFIED,
capsules/EISCA/aleitamento_materno.md,5,HIV/HTLV no Brasil | MS Aleitamento/HTLV | CURRENT_VERIFIED_BR,
capsules/EISCA/aleitamento_materno.md,6,fármaco individual | depende de consulta específica | CURRENT_PENDING — não usar lista antiga,
capsules/EISCA/aleitamento_materno.md,7,"Dez Passos | OMS/UNICEF, versão vigente | CURRENT_VERIFIED",
capsules/EISCA/anemia_ferropriva.md,4,"Anemia (OMS) — Hb em 6-60 meses | < 11 g/dL | Consenso Anemia Ferropriva SBP, p.5 | CONFIRMADO",
capsules/EISCA/anemia_ferropriva.md,5,"Anemia (OMS) — Hb em 5-11 anos | < 11,5 g/dL | Consenso Anemia Ferropriva SBP, p.5 | CONFIRMADO",
capsules/EISCA/anemia_ferropriva.md,6,"Ferritina — depleção em <5 anos | < 12 μg/L | Consenso Anemia Ferropriva SBP, p.4 | CONFIRMADO",
capsules/EISCA/anemia_ferropriva.md,7,"Ferritina — depleção em 5-12 anos | < 15 μg/L | Consenso Anemia Ferropriva SBP, p.4 | CONFIRMADO",
capsules/EISCA/anemia_ferropriva.md,8,"Saturação de transferrina — deficiência | < 16% | Consenso Anemia Ferropriva SBP, p.4 | CONFIRMADO",
capsules/EISCA/anemia_ferropriva.md,9,"Suplementação profilática — RN termo, AIG | 1 mg de ferro elementar/kg/dia, do 3o ao 24o mês | Consenso Anemia Ferropriva SBP, p.7 | CONFIRMADO",
capsules/EISCA/anemia_ferropriva.md,10,"Suplementação profilática — RN <2500g e pré-termo 1500-2500g | 2 mg/kg/dia a partir do 30o dia por 1 ano, depois 1 mg/kg/dia +1 ano | Consenso Anemia Ferropriva SBP, p.7 | CONFIRMADO",
capsules/EISCA/anemia_ferropriva.md,11,"Suplementação profilática — pré-termo 1000-1500g | 3 mg/kg/dia a partir do 30o dia por 1 ano, depois 1 mg/kg/dia +1 ano | Consenso Anemia Ferropriva SBP, p.7 | CONFIRMADO",
capsules/EISCA/anemia_ferropriva.md,12,"Suplementação profilática — pré-termo <1000g | 4 mg/kg/dia a partir do 30o dia por 1 ano, depois 1 mg/kg/dia +1 ano | Consenso Anemia Ferropriva SBP, p.7 | CONFIRMADO",
capsules/EISCA/anemia_ferropriva.md,13,"Dose terapêutica (anemia confirmada) | 3-5 mg de ferro elementar/kg/dia, por no mínimo 8 semanas (3-6 meses até repor estoque) | Consenso Anemia Ferropriva SBP, p.6-7 | CONFIRMADO",
capsules/EISCA/anemia_ferropriva.md,14,"Monitorização em tratamento | hemograma a cada 30-60 dias; ferritina em 30 e 90 dias | Consenso Anemia Ferropriva SBP, p.7 | CONFIRMADO",
capsules/EISCA/anemia_ferropriva.md,15,"Reticulócitos — valor de referência | relativo 0,5-2%; absoluto 25.000-85.000/mm³ | Consenso Anemia Ferropriva SBP, p.4 | CONFIRMADO",
capsules/EISCA/anemia_ferropriva.md,16,"Leite de vaca in natura — restrição | contraindicado <12 meses; limitar a 500 mL/dia após 12 meses | Consenso Anemia Ferropriva SBP, p.6 | CONFIRMADO",
capsules/EISCA/anemia_ferropriva.md,17,"Anemia ferropriva — proporção das anemias no mundo | > 60% dos casos de anemia | Consenso Anemia Ferropriva SBP, p.2 | CONFIRMADO",
capsules/EISCA/asma_em_pediatria.md,4,"alvo O2, 6–11 anos | ≥94% | GINA 2026, exacerbações 6–11 | CURRENT_VERIFIED",
capsules/EISCA/asma_em_pediatria.md,5,"prednisolona, 6–11 anos | 1–2 mg/kg/d, máx. 40 mg, 3–5 d | GINA 2026, exacerbações 6–11 | CURRENT_VERIFIED",
capsules/EISCA/asma_em_pediatria.md,6,"VNI | evidência fraca; sem gatilho por SpO2 isolada | GINA 2026, NIV | CURRENT_VERIFIED",
capsules/EISCA/asma_em_pediatria.md,7,doses em gotas e cortes ≤5 antigos | aguardam fonte atual específica | slide A antigo | CURRENT_PENDING,
capsules/EISCA/assistencia_rn_sala_parto_reanimacao_neonatal.md,4,"boa vitalidade | respiração/choro + tônus flexor | SBP 2026 ≥34, algoritmo inicial | CURRENT_VERIFIED",
capsules/EISCA/assistencia_rn_sala_parto_reanimacao_neonatal.md,5,"VPP | 30–60/min, no primeiro minuto quando indicada | SBP 2026 ≥34, VPP | CURRENT_VERIFIED",
capsules/EISCA/assistencia_rn_sala_parto_reanimacao_neonatal.md,6,"compressões | FC <60 após ventilação efetiva; 3:1 | SBP 2026 ≥34, massagem cardíaca | CURRENT_VERIFIED",
capsules/EISCA/assistencia_rn_sala_parto_reanimacao_neonatal.md,7,VPP 40–60/min | material antigo | anotação baseada em SBP 2016 | HISTORICAL_ONLY,
capsules/EISCA/atopias_na_infancia.md,4,"Herança genética — risco se 1 dos pais é alérgico | 50% | Slide A, p. 4 | CONFIRMADO",
capsules/EISCA/atopias_na_infancia.md,5,"Herança genética — risco se ambos os pais são alérgicos | 66% | Slide A, p. 4 | CONFIRMADO",
capsules/EISCA/atopias_na_infancia.md,6,"Locus gênico da atopia (perfil Th2) | 5q31-33 (herança poligênica) | Slide A, p. 9 | CONFIRMADO",
capsules/EISCA/atopias_na_infancia.md,7,"Prevalência de atopia — países desenvolvidos | 20% | Slide A, p. 6 | CONFIRMADO",
capsules/EISCA/atopias_na_infancia.md,8,"Prevalência de atopia — países em desenvolvimento | 3-4% | Slide A, p. 6 | CONFIRMADO",
capsules/EISCA/atopias_na_infancia.md,9,"Fase aguda precoce da reação tipo I | até 10 minutos; degranulação de mastócitos, edema por aumento de permeabilidade vascular | Slide A, p. 15 | CONFIRMADO",
capsules/EISCA/atopias_na_infancia.md,10,"Fase aguda tardia da reação tipo I | 6–24 horas; infiltração de neutrófilos, basófilos e eosinófilos | Slide A, p. 16 | CONFIRMADO",
capsules/EISCA/atopias_na_infancia.md,11,"Fase tardia (remodelamento) | dias a anos; remodelamento brônquico (asma) e cutâneo (dermatite atópica) | Slide A, p. 17 | CONFIRMADO",
capsules/EISCA/atopias_na_infancia.md,12,"Classificação de Gell e Coombs — tipos imediatos/humorais | tipo I, II, III (linfócitos B) | Slide A, p. 13 | CONFIRMADO",
capsules/EISCA/atopias_na_infancia.md,13,"Classificação de Gell e Coombs — tipo mediato/celular | tipo IV (linfócitos T) | Slide A, p. 13 | CONFIRMADO",
capsules/EISCA/atopias_na_infancia.md,14,"Adrenalina na anafilaxia — dose | 0,01 mL/kg (apresentação 1:1000), via IM | Slide A, p. 41; confirmado também em ATOPIAS WILMA VIVIANE.pdf, ""Adrenalina 0,01ml/kg"" | CONFIRMADO",
capsules/EISCA/atopias_na_infancia.md,15,"Eosinofilia — corte diagnóstico | >450 eosinófilos/µL | Slide A, p. 38 | CONFIRMADO",
capsules/EISCA/atopias_na_infancia.md,16,"Eosinofilia em secreção nasal (criança pequena) | >4% | Slide A, p. 38 | CONFIRMADO",
capsules/EISCA/atopias_na_infancia.md,17,"Eosinofilia em secreção brônquica (adolescente) | >10% | Slide A, p. 38 | CONFIRMADO",
capsules/EISCA/atopias_na_infancia.md,18,"IgE sérica total — limitação diagnóstica | até 50% dos pacientes atópicos podem não ter IgE sérica total elevada | ATOPIAS WILMA VIVIANE.pdf, seção ""Diagnóstico laboratorial"" (não explícito no slide A — a fonte B detalha esse ponto) | confirmar no slide (dado presente só na camada B)",
capsules/EISCA/atopias_na_infancia.md,19,"Anti-histamínico 2ª geração — idade mínima cetirizina | >6 meses | ATOPIAS WILMA VIVIANE.pdf, tabela de anti-histamínicos (slide A cita os fármacos mas não as idades mínimas) | confirmar no slide (idades mínimas só na camada B)",
capsules/EISCA/atopias_na_infancia.md,20,"Anti-histamínico 2ª geração — idade mínima loratadina | >2 anos | ATOPIAS WILMA VIVIANE.pdf, tabela de anti-histamínicos | confirmar no slide",
capsules/EISCA/atopias_na_infancia.md,21,"Anti-histamínico 2ª geração — idade mínima desloratadina | >6 meses | ATOPIAS WILMA VIVIANE.pdf, tabela de anti-histamínicos | confirmar no slide",
capsules/EISCA/atopias_na_infancia.md,22,"Anti-histamínico 2ª geração — idade mínima fexofenadina | >6 anos | ATOPIAS WILMA VIVIANE.pdf, tabela de anti-histamínicos | confirmar no slide",
capsules/EISCA/atopias_na_infancia.md,23,"Teste cutâneo intradérmico — contraindicação | contraindicado em suspeita de alergia alimentar, pelo risco de reação anafilática; só o teste por puntura é seguro nesse contexto | ATOPIAS WILMA VIVIANE.pdf, seção ""Exames — in vivo"" (não detalhado no slide A) | confirmar no slide",
capsules/EISCA/atopias_na_infancia.md,24,"Rinite alérgica — classificação temporal (ARIA) | Intermitente: <4 dias/semana OU <4 semanas; Persistente: ≥4 dias/semana E ≥4 semanas | Atopias na Infância.pdf (Mariah Carvalho), seção ""Classificação"" (slide A não traz a classificação ARIA detalhada) | confirmar no slide",
capsules/EISCA/atopias_na_infancia.md,25,"Rinite alérgica — classificação de gravidade (ARIA) | Leve: sono/atividades normais, sem sintomas incômodos; Moderada-grave: ≥1 de sono anormal, interferência em atividades, dificuldade escolar/laboral, sintomas incômodos | Atopias na Infância.pdf (Mariah Carvalho), seção ""Classificação"" | confirmar no slide",
capsules/EISCA/atopias_na_infancia.md,26,"Corticoide nasal tópico — tempo até efeito máximo | efeito máximo alcançado na 2ª semana de uso | ATOPIAS WILMA VIVIANE.pdf, seção ""Rinite alérgica — tratamento"" | confirmar no slide",
capsules/EISCA/atopias_na_infancia.md,27,"Imunoterapia — idade mínima | indicada a partir de 5 anos | ATOPIAS WILMA VIVIANE.pdf, seção ""Rinite alérgica — tratamento"" | confirmar no slide",
capsules/EISCA/atopias_na_infancia.md,28,"Alérgenos alimentares transmitidos pelo leite materno | caseína e betalactoglobulina (leite) e ovoalbumina (ovo) — mãe deve suspender consumo se lactente tiver alergia alimentar | Slide A, p. 43 | CONFIRMADO",
capsules/EISCA/bronquiolite_viral_aguda.md,4,"Agente etiológico mais comum | VSR, 50-80% dos casos | BVA-Tratado cap. 2, Epidemiologia | CONFIRMADO",
capsules/EISCA/bronquiolite_viral_aguda.md,5,"Pico de incidência etário | 2-3 meses de idade | BVA-Tratado cap. 2, Epidemiologia | CONFIRMADO",
capsules/EISCA/bronquiolite_viral_aguda.md,6,"Definição etária de BVA | primeiro episódio de sibilância em lactente <12 meses | BVA-Tratado cap. 2, Introdução | CONFIRMADO",
capsules/EISCA/bronquiolite_viral_aguda.md,7,"Classificação de gravidade — SatO2 | Leve >92%; Moderada 90-92%; Grave <90% | BVA-Tratado, Quadro 2 | CONFIRMADO",
capsules/EISCA/bronquiolite_viral_aguda.md,8,"FR de risco para aspiração/suspensão da via oral | >60-70 irpm | BVA-Tratado, Aporte hídrico | CONFIRMADO",
capsules/EISCA/bronquiolite_viral_aguda.md,9,"Indicação de O2 suplementar | AAP: SatO2 ≤90%; NICE: SatO2 ≤92% | BVA-Tratado, Quadro 4 comparativo | CONFIRMADO",
capsules/EISCA/bronquiolite_viral_aguda.md,10,"Critérios de alta hospitalar | FR adequada para idade sem desconforto; SatO2 >90% em ar ambiente; ingesta adequada; cuidador capacitado | BVA-Tratado, Quadro 3 | CONFIRMADO",
capsules/EISCA/bronquiolite_viral_aguda.md,11,"Palivizumabe — prematuro | até 28 semanas e 6 dias de IG, menores de 1 ano | BVA-Tratado, Medidas preventivas | CONFIRMADO",
capsules/EISCA/bronquiolite_viral_aguda.md,12,"Palivizumabe — cardiopatia congênita c/ repercussão hemodinâmica | até o 2º ano de vida | BVA-Tratado, Medidas preventivas | CONFIRMADO",
capsules/EISCA/bronquiolite_viral_aguda.md,13,"Palivizumabe — doença pulmonar crônica da prematuridade | até o 2º ano de vida, independente da IG | BVA-Tratado, Medidas preventivas | CONFIRMADO",
capsules/EISCA/bronquiolite_viral_aguda.md,14,"Corticosteroide sistêmico na BVA | forte recomendação CONTRA uso rotineiro | BVA-Tratado, Corticosteroides | CONFIRMADO",
capsules/EISCA/bronquiolite_viral_aguda.md,15,"Broncodilatador (beta-2 e adrenalina) | forte recomendação CONTRA uso rotineiro | BVA-Tratado, Broncodilatadores | CONFIRMADO",
capsules/EISCA/bronquiolite_viral_aguda.md,16,"Solução salina hipertônica 3% | recomendação FRACA a favor (reduz tempo de internação em internados) | BVA-Tratado, Solução salina hipertônica | CONFIRMADO",
capsules/EISCA/cardiopatias_congenitas.md,4,Incidência de cardiopatia congênita | 8 a cada 1.000 nascidos vivos | AtualizeA5N6__cd97472180 p.4 | CONFIRMADO,AtualizeA5N6__cd97472180
capsules/EISCA/cardiopatias_congenitas.md,5,% de cardiopatias críticas (necessitam intervenção no 1º ano) | ~25% | AtualizeA5N6__cd97472180 p.4 | CONFIRMADO,AtualizeA5N6__cd97472180
capsules/EISCA/cardiopatias_congenitas.md,6,% assintomáticos nos primeiros dias mesmo com fisiologia canal-dependente | até 30% | AtualizeA5N6__cd97472180 p.5 | CONFIRMADO,AtualizeA5N6__cd97472180
capsules/EISCA/cardiopatias_congenitas.md,7,"Teste do coraçãozinho — critério de alteração | SpO2 <95% em MSD (pré-ductal) ou em qualquer MI (pós-ductal), OU diferencial ≥3% entre os dois | AtualizeA5N6__cd97472180 p.5 | CONFIRMADO",AtualizeA5N6__cd97472180
capsules/EISCA/cardiopatias_congenitas.md,8,Sopro cardíaco — intensidade de alarme | ≥3+ (patológico); sopro inocente costuma ser 1+ a 2+ | AtualizeA5N6__cd97472180 p.5 | CONFIRMADO,AtualizeA5N6__cd97472180
capsules/EISCA/cardiopatias_congenitas.md,9,Prevalência de sopro inocente em crianças | até 50% das crianças no desenvolvimento normal | AtualizeA5N6__cd97472180 p.5 | CONFIRMADO,AtualizeA5N6__cd97472180
capsules/EISCA/cardiopatias_congenitas.md,10,Alterações estruturais em crianças com sopro | 10% dos casos; CIV é a mais diagnosticada no 1º ano de vida | AtualizeA5N6__cd97472180 p.5 | CONFIRMADO,AtualizeA5N6__cd97472180
capsules/EISCA/cardiopatias_congenitas.md,11,Diferencial de PA MMSS × MMII considerado anormal | >10mmHg | AtualizeA5N6__cd97472180 p.5 | CONFIRMADO,AtualizeA5N6__cd97472180
capsules/EISCA/cardiopatias_congenitas.md,12,"Critérios de Duke — EBI definitiva | 2 critérios maiores, OU 1 maior + 3 menores, OU 5 menores | AtualizeA5N6__cd97472180 p.6 | CONFIRMADO",AtualizeA5N6__cd97472180
capsules/EISCA/cardiopatias_congenitas.md,13,Intervalo mínimo pós-cirurgia cardíaca para retomar vacinação | pelo menos 30 dias | AtualizeA5N6__cd97472180 p.9 | CONFIRMADO,AtualizeA5N6__cd97472180
capsules/EISCA/cardiopatias_congenitas.md,14,Crianças que apresentam sopro em algum momento da vida | mais de 80% | AtualizeA5N6__cd97472180 p.7 | CONFIRMADO,AtualizeA5N6__cd97472180
capsules/EISCA/cardiopatias_congenitas.md,15,Recomendação de atividade física diária | ≥60 minutos de atividade vigorosa diária | AtualizeA5N6__cd97472180 p.7 | CONFIRMADO,AtualizeA5N6__cd97472180
capsules/EISCA/cardiopatias_congenitas.md,16,"ECG antes de liberação para esporte competitivo | recomendado pela Sociedade Brasileira de Cardiologia em atividades competitivas, principalmente >12 anos | AtualizeA5N6__cd97472180 p.8 | CONFIRMADO",AtualizeA5N6__cd97472180
capsules/EISCA/convulsao_febril.md,4,Faixa etária típica | 6 meses a 5 anos | p.1 | CONFIRMADO,
capsules/EISCA/convulsao_febril.md,5,Incidência | 2-5% das crianças até 5 anos | p.1 | CONFIRMADO,
capsules/EISCA/convulsao_febril.md,6,Pico de incidência | 14-18 meses (quando acabam os anticorpos maternos) | p.1 | CONFIRMADO,
capsules/EISCA/convulsao_febril.md,7,História familiar positiva | 25-40% | p.1 | CONFIRMADO,
capsules/EISCA/convulsao_febril.md,8,Recorrência geral | 30-50% | p.1 | CONFIRMADO,
capsules/EISCA/convulsao_febril.md,9,Evolução para estado de mal epiléptico | 4% | p.1 | CONFIRMADO,
capsules/EISCA/convulsao_febril.md,10,Temperatura na crise | 75% ocorrem com T>39°C (mas pode ocorrer abaixo) | p.1 | CONFIRMADO,
capsules/EISCA/convulsao_febril.md,11,Fatores de risco para recorrência | 1ª crise <18 meses; crise complicada; crise com febre baixa; história familiar de epilepsia ou de convulsão febril; maior duração do período febril | p.1 | CONFIRMADO,
capsules/EISCA/convulsao_febril.md,12,Critérios de crise SIMPLES (80%) | 1º dia de febre + generalizada (clônica/tônico-clônica) + <15 min + não recorre em 24h + pós-ictal discreto + exame neurológico prévio normal + recuperação total | p.2 | CONFIRMADO,
capsules/EISCA/convulsao_febril.md,13,Critérios de crise COMPLICADA (20%) | basta 1: focal em qualquer fase / >15 min / recorre em 24h / alteração neurológica focal no pós-ictal / exame neurológico prévio alterado / déficits transitórios ou persistentes | p.2 | CONFIRMADO,
capsules/EISCA/convulsao_febril.md,14,Indicação de punção lombar | sinais meníngeos presentes; <12 meses; 12-18 meses a critério médico (fortemente considerada); convulsão febril complicada | p.4 | CONFIRMADO,
capsules/EISCA/convulsao_febril.md,15,Contraindicações de punção lombar | Glasgow <12; sinais de choque séptico; suspeita de meningococcemia com sinais hemorrágicos; sinais de HIC; distúrbios de coagulação | p.4 | CONFIRMADO,
capsules/EISCA/convulsao_febril.md,16,EEG na crise febril | sem indicação de rotina | p.4 | CONFIRMADO,
capsules/EISCA/convulsao_febril.md,17,"Diazepam (crise aguda) | 0,3 mg/kg IV (não diluir) ou 0,5 mg/kg via retal/sublingual | p.5 | CONFIRMADO",
capsules/EISCA/convulsao_febril.md,18,"Sequência medicamentosa da crise refratária | diazepam ou midazolam → fenitoína (infusão lenta, risco de bradicardia) → fenobarbital → tiopental (crise refratária) | p.5 | CONFIRMADO",
capsules/EISCA/convulsao_febril.md,19,Quando iniciar profilaxia após 1ª crise | dano neurológico/risco de vida; crise durante o sono; EEG alterado; crises parciais; irmão com convulsão febril; estado de mal na 1ª crise | p.6 | CONFIRMADO,
capsules/EISCA/convulsao_febril.md,20,Quando iniciar profilaxia por recorrência | após o 2º episódio febril (risco de recorrência 80-90%) | p.6 | CONFIRMADO,
capsules/EISCA/convulsao_febril.md,21,"Profilaxia contínua — valproato | 20-40 mg/kg/dia; risco de recorrência residual 5-13%; hepatotoxicidade, queda de cabelo, ganho de peso, alteração plaquetária, pancreatite | p.6 | CONFIRMADO",
capsules/EISCA/convulsao_febril.md,22,"Profilaxia contínua — fenobarbital | 4-6 mg/kg/dia; risco de recorrência residual 13-20%; irritabilidade, déficit de atenção, sonolência | p.6 | CONFIRMADO",
capsules/EISCA/convulsao_febril.md,23,Profilaxia contínua — primidona | 15-30 mg/kg/dia; risco de recorrência residual 12% | p.6 | CONFIRMADO,
capsules/EISCA/convulsao_febril.md,24,"Profilaxia intermitente (durante a febre) | diazepam 0,5-1 mg/kg/dia (2-3x/dia) ou clobazam 0,01-0,09 mg/kg/dia (2-3x/dia) | p.6 | CONFIRMADO",
capsules/EISCA/convulsao_febril.md,25,Medicamentos sem efetividade em convulsão febril | carbamazepina/oxcarbazepina; difenil-hidantoína (fenitoína) | p.6 | CONFIRMADO,
capsules/EISCA/convulsao_febril.md,26,Risco de evolução para epilepsia | discretamente maior — 2-4% (vs. 1% na população geral); maior se crise complicada ou DNPM/exame neurológico alterado | p.6 | CONFIRMADO,
capsules/EISCA/convulsao_febril.md,27,Idade de 1º episódio como marco de atipia (>7 anos) | citado no banco de itens dissecados como variável decisiva de uma questão de prova; NÃO consta explicitamente nesta fonte B | — | conhecimento_geral (confirmar em fonte adicional se revisitado),
capsules/EISCA/crescimento_e_desenvolvimento.md,4,"Uso de curvas de crescimento OMS confirmado em aula | gráfico ""Curvas de Crescimento"" (weight-for-age) exibido no slide de medidas antropométricas | semio_PED p.3 (A) | CONFIRMADO",
capsules/EISCA/crescimento_e_desenvolvimento.md,5,Limiar de escore Z para perímetro cefálico (microcefalia) | PC < -2 DP da média específica para sexo/IG = microcefalia; < -3 DP = microcefalia grave | semio_PED p.21 (A) | CONFIRMADO,
capsules/EISCA/crescimento_e_desenvolvimento.md,6,Limiar de escore Z para perímetro cefálico (macrocefalia) | PC > +2 DP da média = macrocefalia (escore Z +2) | semio_PED p.21 (A) | CONFIRMADO,
capsules/EISCA/crescimento_e_desenvolvimento.md,7,Momento da medida de PC para classificação de micro/macrocefalia | ≥24h após o nascimento e dentro da 1ª semana de vida (até 6 dias e 23h) | semio_PED p.21 (A) | CONFIRMADO,
capsules/EISCA/crescimento_e_desenvolvimento.md,8,Interpretação de escore Z — peso e estatura | >+2 = elevado; entre -2 e +2 = adequado; entre -3 e -2 = baixo; <-3 = muito baixo | B p.2 | CONFIRMADO,
capsules/EISCA/crescimento_e_desenvolvimento.md,9,Interpretação de escore Z — perímetro cefálico | >+2 = acima do esperado; entre -2 e +2 = adequado; <-2 = abaixo do esperado | B p.2 | CONFIRMADO,
capsules/EISCA/crescimento_e_desenvolvimento.md,10,Interpretação de escore Z — IMC | +3 = obesidade; entre +2 e +3 = sobrepeso; entre +1 e +2 = risco de sobrepeso; entre +1 e -2 = adequado; entre -2 e -3 = magreza; <-3 = magreza acentuada | B p.2 | CONFIRMADO,
capsules/EISCA/crescimento_e_desenvolvimento.md,11,Fórmula do perímetro cefálico estimado | PC = Altura/2 + 10 | B p.1 | CONFIRMADO,
capsules/EISCA/crescimento_e_desenvolvimento.md,12,Classificação de peso ao nascer (pré-termo) | Baixo peso (BP) 1500–2499g; Muito baixo peso (MBP) 1000–1499g; Extremo baixo peso (EBP) <1000g | B p.1 | CONFIRMADO,
capsules/EISCA/crescimento_e_desenvolvimento.md,13,Fórmula de idade corrigida | idade cronológica (semanas) − semanas que faltavam para completar 40 semanas de IG | B p.1 | CONFIRMADO,
capsules/EISCA/crescimento_e_desenvolvimento.md,14,Exemplo de idade corrigida na fonte | bebê de 6 meses nascido com 30 semanas (faltavam 10 semanas ≈ 2 meses) → crescimento esperado de criança de 4 meses | B p.1 | CONFIRMADO,
capsules/EISCA/crescimento_e_desenvolvimento.md,15,"Ordem do catch-up growth (recuperação) | PC recupera a curva normal primeiro, depois estatura, depois peso | B p.1–2 | CONFIRMADO",
capsules/EISCA/crescimento_e_desenvolvimento.md,16,Ganho de peso esperado por trimestre no 1º ano | 1º tri: 750g/mês (2.250g); 2º tri: 600g/mês (1.800g); 3º tri: 500g/mês (1.500g); 4º tri: 400g/mês (1.200g) | B p.2 | CONFIRMADO,
capsules/EISCA/crescimento_e_desenvolvimento.md,17,Ganho de peso total esperado no 1º ano | 6.750g + peso de nascimento | B p.2 | CONFIRMADO,
capsules/EISCA/crescimento_e_desenvolvimento.md,18,Velocidade de crescimento estatural pós-natal | elevada nos 2 primeiros anos; declínio dos 2–5 anos; constante a partir dos 5 anos (5–6 cm/ano) | B p.1 | CONFIRMADO,
capsules/EISCA/crescimento_e_desenvolvimento.md,19,Estirão puberal — idade típica | meninas 11 anos; meninos 13 anos | B p.1 | CONFIRMADO,
capsules/EISCA/crescimento_e_desenvolvimento.md,20,Calendário de consultas de puericultura | 1º ano: 7 consultas (15 dias/1/2/4/6/9/12 meses); 2º ano: 2 consultas (18/24 meses); 3º–6º ano: 1 consulta/ano | B p.1 | CONFIRMADO,
capsules/EISCA/crescimento_e_desenvolvimento.md,21,Sinais de alarme do desenvolvimento aos 3 meses | não levanta a cabeça; não abre as mãos; não sorri | B p.3 | CONFIRMADO,
capsules/EISCA/crescimento_e_desenvolvimento.md,22,Sinais de alarme do desenvolvimento aos 6 meses | rigidez dos membros; não controla a cabeça; não dá risada | B p.3 | CONFIRMADO,
capsules/EISCA/crescimento_e_desenvolvimento.md,23,Sinais de alarme do desenvolvimento aos 9 meses | não senta sem apoio; pernas rígidas ou moles; mãos fechadas/sem preensão em pinça; não localiza som/não vira a cabeça; não balbucia/sorriso social pobre | B p.3 | CONFIRMADO,
capsules/EISCA/crescimento_e_desenvolvimento.md,24,"Sinais de alarme do desenvolvimento aos 12 meses | criança parada/inerte, colocada de pé não ajuda com as mãos, não brinca de esconde-achou, não responde ao nome | B p.3 | CONFIRMADO",
capsules/EISCA/crescimento_e_desenvolvimento.md,25,Conduta diante de falha em marco do desenvolvimento | antecipar a consulta seguinte e investigar contexto ambiental/vínculo/estímulos | B p.3 | CONFIRMADO,
capsules/EISCA/crescimento_e_desenvolvimento.md,26,Conduta diante de atraso persistente | persistência do atraso por >2 consultas (ou ausência do marco no último quadro sombreado) → encaminhar a especialista | B p.3 | CONFIRMADO,
capsules/EISCA/crescimento_e_desenvolvimento.md,27,Direção do desenvolvimento motor | craniocaudal | B p.3 | CONFIRMADO,
capsules/EISCA/crescimento_e_desenvolvimento.md,28,"Fatores de risco para morbidade no SNC do desenvolvimento | HPIV, LPV, infarto hemorrágico, dilatação pós-hemorrágica, meningite neonatal — principalmente em pré-termo | B p.3 | CONFIRMADO",
capsules/EISCA/diagnostico_diferencial_das_anemias_na_infancia.md,4,"Definição de anemia | Hb/Ht abaixo de 2 desvios-padrão da média para idade/sexo/raça/altitude | Anemias cap. 2, Definição e Epidemiologia | CONFIRMADO",
capsules/EISCA/diagnostico_diferencial_das_anemias_na_infancia.md,5,"Anemia fisiológica do RN — período | 6-12 semanas de vida | Anemias cap. 2, Fisiologia do eritrócito | CONFIRMADO",
capsules/EISCA/diagnostico_diferencial_das_anemias_na_infancia.md,6,"Anemia fisiológica do RN — valor de Hb | 9,5-11 g/dL (RN termo, peso adequado à IG) | Anemias cap. 2, Fisiologia do eritrócito | CONFIRMADO",
capsules/EISCA/diagnostico_diferencial_das_anemias_na_infancia.md,7,"Anemia fisiológica do RN — tipo morfológico | normocrômica e normocítica | Anemias cap. 2, Fisiologia do eritrócito | CONFIRMADO",
capsules/EISCA/diagnostico_diferencial_das_anemias_na_infancia.md,8,"Prevalência mundial de anemia | ~1/3 da população mundial (800 milhões de mulheres e crianças) | Anemias cap. 2, Definição e Epidemiologia | CONFIRMADO",
capsules/EISCA/diagnostico_diferencial_das_anemias_na_infancia.md,9,"Anemia ferropriva — proporção entre todas as anemias em crianças <5 anos | 42% | Anemias cap. 2, Definição e Epidemiologia | CONFIRMADO",
capsules/EISCA/diagnostico_diferencial_das_anemias_na_infancia.md,10,"Prevalência de anemia em crianças 6-59m no Brasil (2006) | 20,9% (Sudeste 22,6%, Nordeste 25,5%) | Anemias cap. 2, Definição e Epidemiologia | CONFIRMADO",
capsules/EISCA/diagnostico_diferencial_das_anemias_na_infancia.md,11,"Sensibilidade da palidez para Hb <5 g/dL | 93% (especificidade 57%) | Anemias cap. 2, Diagnóstico clínico (Luby et al.) | CONFIRMADO",
capsules/EISCA/diagnostico_diferencial_das_anemias_na_infancia.md,12,"Sensibilidade da palidez para Hb 5-8 g/dL | 66% | Anemias cap. 2, Diagnóstico clínico | CONFIRMADO",
capsules/EISCA/diagnostico_diferencial_das_anemias_na_infancia.md,13,"Janela etária sugestiva de hemoglobinopatia | detecção entre 3º e 6º mês de vida | Anemias cap. 2, Diagnóstico clínico | CONFIRMADO",
capsules/EISCA/diagnostico_diferencial_das_anemias_na_infancia.md,14,"RN termo/AIG <6 meses | improvável anemia por deficiência nutricional de ferro | Anemias cap. 2, Diagnóstico clínico | CONFIRMADO",
capsules/EISCA/diarreia_aguda_desidratacao_planos_reidratacao.md,4,"Definição de diarreia | ≥3 evacuações amolecidas ou líquidas em 24h | Diarreias na Infância (slide Liane Viana), p.3 | CONFIRMADO",
capsules/EISCA/diarreia_aguda_desidratacao_planos_reidratacao.md,5,"Diarreia aguda — duração | até 14 dias | Diarreias na Infância (slide Liane Viana), p.6 | CONFIRMADO",
capsules/EISCA/diarreia_aguda_desidratacao_planos_reidratacao.md,6,"Diarreia persistente — duração | superior a 14 dias | Diarreias na Infância (slide Liane Viana), p.6 | CONFIRMADO",
capsules/EISCA/diarreia_aguda_desidratacao_planos_reidratacao.md,7,"Desidratação grave — déficit de peso | acima de 10% | Diarreias na Infância (slide Liane Viana), p.17 (tabela MS 2023) | CONFIRMADO",
capsules/EISCA/diarreia_aguda_desidratacao_planos_reidratacao.md,8,"Algum grau de desidratação — déficit de peso | até 10% | Diarreias na Infância (slide Liane Viana), p.17 | CONFIRMADO",
capsules/EISCA/diarreia_aguda_desidratacao_planos_reidratacao.md,9,"Critério de desidratação grave | ≥2 sinais alterados, incluindo ao menos 1 sinal com asterisco (sede ausente/bebe pouco, pulsos fracos/ausentes, sensório letárgico/comatoso/inconsciente) | Diarreias na Infância (slide Liane Viana), p.17 (tabela MS 2023) | CONFIRMADO",
capsules/EISCA/diarreia_aguda_desidratacao_planos_reidratacao.md,10,"Plano A — SRO por evacuação, <1 ano | 50-100 mL | Diarreias na Infância (slide Liane Viana), p.20 | CONFIRMADO",
capsules/EISCA/diarreia_aguda_desidratacao_planos_reidratacao.md,11,"Plano A — SRO por evacuação, 1-10 anos | 100-200 mL | Diarreias na Infância (slide Liane Viana), p.20 | CONFIRMADO",
capsules/EISCA/diarreia_aguda_desidratacao_planos_reidratacao.md,12,"Plano A — suplementação de zinco, <6 meses | 10 mg/dia (2,5 mL) por 14 dias | Diarreias na Infância (slide Liane Viana), p.20 | CONFIRMADO",
capsules/EISCA/diarreia_aguda_desidratacao_planos_reidratacao.md,13,"Plano A — suplementação de zinco, ≥6 meses | 20 mg/dia (5 mL) por 14 dias | Diarreias na Infância (slide Liane Viana), p.20 | CONFIRMADO",
capsules/EISCA/diarreia_aguda_desidratacao_planos_reidratacao.md,14,"Plano B — volume orientação inicial | 50-100 mL/kg administrado entre 4-6h | Diarreias na Infância (slide Liane Viana), p.22 | CONFIRMADO",
capsules/EISCA/diarreia_aguda_desidratacao_planos_reidratacao.md,15,"Plano B — SOG se vômitos persistentes | 20 mL/kg/h | Diarreias na Infância (slide Liane Viana), p.22 | CONFIRMADO",
capsules/EISCA/diarreia_aguda_desidratacao_planos_reidratacao.md,16,"Plano B — ondansetrona, 6-24 meses | 0,2 mg/kg/dose | Diarreias na Infância (slide Liane Viana), p.22 | CONFIRMADO",
capsules/EISCA/diarreia_aguda_desidratacao_planos_reidratacao.md,17,"Plano B — ondansetrona, 2-10 anos | 4 mg | Diarreias na Infância (slide Liane Viana), p.22 | CONFIRMADO",
capsules/EISCA/diarreia_aguda_desidratacao_planos_reidratacao.md,18,"Plano B — ondansetrona, >10 anos | 8 mg | Diarreias na Infância (slide Liane Viana), p.22 | CONFIRMADO",
capsules/EISCA/diarreia_aguda_desidratacao_planos_reidratacao.md,19,"Plano B — reavaliação de falha | sem melhora após 6h → encaminhar para internação | Diarreias na Infância (slide Liane Viana), p.22 | CONFIRMADO",
capsules/EISCA/diarreia_aguda_desidratacao_planos_reidratacao.md,20,"Plano C — expansão <1 ano | 30 mL/kg em 1h + 70 mL/kg em 5h (SF 0,9% ou Ringer lactato) | Diarreias na Infância (slide Liane Viana), p.24 (recomendação MS) | CONFIRMADO",
capsules/EISCA/diarreia_aguda_desidratacao_planos_reidratacao.md,21,"Plano C — expansão ≥1 ano | 30 mL/kg em 30 min + 70 mL/kg em 2h30 (SF 0,9% ou Ringer lactato) | Diarreias na Infância (slide Liane Viana), p.24 (recomendação MS) | CONFIRMADO",
capsules/EISCA/diarreia_aguda_desidratacao_planos_reidratacao.md,22,"Plano C — RN e cardiopata grave | expansão com 10 mL/kg em 30 min | Diarreias na Infância (slide Liane Viana), p.24 | CONFIRMADO",
capsules/EISCA/diarreia_aguda_desidratacao_planos_reidratacao.md,23,"Plano C — indicações | perda de peso >10%, contraindicação de TRO (íleo paralítico, abdome agudo, alteração de consciência/convulsões), choque hipovolêmico, vômitos biliosos ou de difícil controle, falha da TRO | Diarreias na Infância (slide Liane Viana), p.23 | CONFIRMADO",
capsules/EISCA/diarreia_aguda_desidratacao_planos_reidratacao.md,24,"Osmolaridade SRO OMS 2002 | 245 mOsm/L (Na 75 mmol/L) | Diarreias na Infância (slide Liane Viana), p.21 | CONFIRMADO",
capsules/EISCA/diarreia_aguda_desidratacao_planos_reidratacao.md,25,"Osmolaridade do plasma (referência) | 291 mOsm/L | Diarreias na Infância (slide Liane Viana), p.21 | CONFIRMADO",
capsules/EISCA/diarreia_aguda_desidratacao_planos_reidratacao.md,26,"Exames laboratoriais — indicação | não são rotina; solicitar em evolução atípica/arrastada/grave, imunodeprimidos, sangue nas fezes, lactentes <4 meses | Diarreias na Infância (slide Liane Viana), p.16 | CONFIRMADO",
capsules/EISCA/doenca_hemolitica_perinatal_rh_abo.md,4,"Mecanismo da DHPN | antígeno no eritrócito fetal ausente no eritrócito materno + anticorpos maternos contra esse antígeno | DHPN (slide João Medeiros), p.24 | CONFIRMADO",
capsules/EISCA/doenca_hemolitica_perinatal_rh_abo.md,5,"Antígenos envolvidos | ABO e Rh: 98%; antígenos atípicos (subgrupos C, E, Kell, Duffy): 2% | DHPN (slide João Medeiros), p.25 | CONFIRMADO",
capsules/EISCA/doenca_hemolitica_perinatal_rh_abo.md,6,"Fatores de sensibilização Rh | gestação com feto Rh(+), abortamento, transfusão com sangue Rh(+) incompatível, procedimentos invasivos | DHPN (slide João Medeiros), p.26 | CONFIRMADO",
capsules/EISCA/doenca_hemolitica_perinatal_rh_abo.md,7,"Formas clínicas da DHPN | anêmica, ictérica, hidrópica (gravidade crescente) | DHPN (slide João Medeiros), p.27 | CONFIRMADO",
capsules/EISCA/doenca_hemolitica_perinatal_rh_abo.md,8,"DH-ABO — achados laboratoriais | esferocitose, anemia com aumento de eritrócitos nucleados, hiperbilirrubinemia indireta, Coombs direto fracamente positivo no cordão, anticorpos anti-A/anti-B livres no plasma do RN e da mãe | DHPN (slide João Medeiros), p.32 | CONFIRMADO",
capsules/EISCA/doenca_hemolitica_perinatal_rh_abo.md,9,"DH-ABO — aspectos clínicos | icterícia precoce; hepatoesplenomegalia pouco comum; anemia severa rara; sem relato de hidropsia fetal | DHPN (slide João Medeiros), p.31 | CONFIRMADO",
capsules/EISCA/doenca_hemolitica_perinatal_rh_abo.md,10,"DH-Rh — painel de sangue de cordão | tipagem sanguínea, hematócrito e hemoglobina, contagem de reticulócitos, Coombs direto, bilirrubinas | DHPN (slide João Medeiros), p.33 | CONFIRMADO",
capsules/EISCA/doencas_exantematicas.md,4,"Classificação morfológica inicial | Maculopapular (obrigatório: sarampo, rubéola, escarlatina, eritema infeccioso, exantema súbito) / papulovesicular / petequial-purpúrico | DOENCAS EXANTEMATICAS p.1 | CONFIRMADO",
capsules/EISCA/doencas_exantematicas.md,5,"Sarampo — etiologia | Morbilivírus (Paramixoviridae), transmissão por aerossóis respiratórios | Pediatria DOENÇAS EXANTEMÁTICAS p.2 | CONFIRMADO",
capsules/EISCA/doencas_exantematicas.md,6,"Sarampo — incubação/pródromo | Incubação 8–12 dias; pródromo de 3–5 dias com febre alta, tosse e conjuntivite | Pediatria DOENÇAS EXANTEMÁTICAS p.2 | CONFIRMADO",
capsules/EISCA/doencas_exantematicas.md,7,"Sarampo — sinal de Koplik | Manchas esbranquiçadas na mucosa oral, geralmente precede o exantema | Pediatria DOENÇAS EXANTEMÁTICAS p.2 / DOENCAS EXANTEMATICAS p.5 | CONFIRMADO",
capsules/EISCA/doencas_exantematicas.md,8,"Sarampo — exantema | Maculopapular morbiliforme, início atrás das orelhas, distribuição centrífuga, poupa palmas e plantas, descamação furfurácea | Pediatria DOENÇAS EXANTEMÁTICAS p.2 | CONFIRMADO",
capsules/EISCA/doencas_exantematicas.md,9,Sarampo — transmissibilidade | 7 dias antes a 5 dias após o exantema | Pediatria DOENÇAS EXANTEMÁTICAS p.2 | CONFIRMADO,
capsules/EISCA/doencas_exantematicas.md,10,Sarampo — bloqueio vacinal | Vacina até 72h após contato confere proteção | Pediatria DOENÇAS EXANTEMÁTICAS p.2 | CONFIRMADO,
capsules/EISCA/doencas_exantematicas.md,11,"Sarampo — complicações | Encefalite aguda (1/1000, imprevisível); panencefalite esclerosante subaguda (deterioração progressiva, dg. por EEG); otite média (7–9%); pneumonia (1–6%) | Pediatria DOENÇAS EXANTEMÁTICAS p.2 | CONFIRMADO",
capsules/EISCA/doencas_exantematicas.md,12,Rubéola — achados-chave | Adenopatia retroauricular e occipital; sintomas gerais brandos; sem descamação | DOENCAS EXANTEMATICAS p.4 / Pediatria DOENÇAS EXANTEMÁTICAS p.3 | CONFIRMADO,
capsules/EISCA/doencas_exantematicas.md,13,Eritema infeccioso — etiologia | Parvovírus humano B19 | Pediatria DOENÇAS EXANTEMÁTICAS p.4 | CONFIRMADO,
capsules/EISCA/doencas_exantematicas.md,14,Eritema infeccioso — evolução | 3 fases: face esbofeteada → exantema rendilhado nos membros/tronco → desaparece; pode reaparecer com sol/calor; sem descamação | DOENCAS EXANTEMATICAS p.7 / Pediatria DOENÇAS EXANTEMÁTICAS p.4 | CONFIRMADO,
capsules/EISCA/doencas_exantematicas.md,15,"Exantema súbito — etiologia/idade | Herpesvírus humano 6 e 7; principalmente 6 meses–2 anos, <4 anos | Pediatria DOENÇAS EXANTEMÁTICAS p.5 | CONFIRMADO",
capsules/EISCA/doencas_exantematicas.md,16,"Exantema súbito — padrão | Febre alta (>39,5°C) por 3–4 dias, exantema surge no tronco logo após o desaparecimento da febre, some rápido sem descamação | DOENCAS EXANTEMATICAS p.5 / Pediatria DOENÇAS EXANTEMÁTICAS p.5 | CONFIRMADO",
capsules/EISCA/doencas_exantematicas.md,17,Kawasaki — faixa etária | 1–4 anos | Pediatria DOENÇAS EXANTEMÁTICAS p.5 | CONFIRMADO,
capsules/EISCA/doencas_exantematicas.md,18,"Kawasaki — critérios clínicos | Febre alta 3–4 dias (pode ultrapassar 5 dias), adenopatia cervical, hiperemia conjuntival bilateral, exantema polimórfico escarlatiniforme com início no tronco e descamação lamelar, alteração de mucosa oral/lábios fissurados, edema duro palmoplantar | DOENCAS EXANTEMATICAS p.7 / Pediatria DOENÇAS EXANTEMÁTICAS p.5 | CONFIRMADO",
capsules/EISCA/doencas_exantematicas.md,19,Kawasaki — complicação grave | Aneurisma de coronária/infarto do miocárdio em até 20% dos casos não tratados | Pediatria DOENÇAS EXANTEMÁTICAS p.5 | CONFIRMADO,
capsules/EISCA/doencas_exantematicas.md,20,Kawasaki — diagnóstico e tratamento | Diagnóstico clínico (sem exame confirmatório); não responde a ATB; imunoglobulina IV na fase aguda; internação para monitorar complicações | Pediatria DOENÇAS EXANTEMÁTICAS p.5 | CONFIRMADO,
capsules/EISCA/faringoamigdalite_estreptococica_escarlatina.md,4,"Agente etiológico | *Streptococcus pyogenes*, beta-hemolítico do grupo A, produtor de toxina eritrogênica | Pediatria DOENÇAS EXANTEMÁTICAS p.3 | CONFIRMADO",
capsules/EISCA/faringoamigdalite_estreptococica_escarlatina.md,5,Faixa etária estreptocócica (comparativo) | Estreptocócica geralmente >3 anos; viral principalmente <3 anos | IVAS p.53 | CONFIRMADO,
capsules/EISCA/faringoamigdalite_estreptococica_escarlatina.md,6,Início | Estreptocócica = abrupto; viral = insidioso | IVAS p.53 | CONFIRMADO,
capsules/EISCA/faringoamigdalite_estreptococica_escarlatina.md,7,"Anamnese | Estreptocócica: ausência de tosse/rinorreia, febre alta, mal-estar, calafrios. Viral: tosse, rinorreia, rouquidão, conjuntivite, diarreia, febre variada, BEG | IVAS p.53 | CONFIRMADO",
capsules/EISCA/faringoamigdalite_estreptococica_escarlatina.md,8,"Exame de orofaringe | Estreptocócica: hiperemia com placas (de pus). Viral: hiperemia, úlceras, vesículas, sem placas, exsudato claro | IVAS p.53 | CONFIRMADO",
capsules/EISCA/faringoamigdalite_estreptococica_escarlatina.md,9,"Adenomegalia cervical | Estreptocócica: anterior, volumosa e dolorida. Viral: posterior (ou ausente) e indolor | IVAS p.53 | CONFIRMADO",
capsules/EISCA/faringoamigdalite_estreptococica_escarlatina.md,10,Penicilina benzatina | <27 kg: 600.000 UI DU; ≥27 kg: 1.200.000 UI DU | IVAS p.50 | CONFIRMADO,
capsules/EISCA/faringoamigdalite_estreptococica_escarlatina.md,11,Penicilina V oral | <27 kg: 400.000 UI 8/8h por 10 dias; ≥27 kg: 800.000 UI 8/8h por 10 dias | IVAS p.50 | CONFIRMADO,
capsules/EISCA/faringoamigdalite_estreptococica_escarlatina.md,12,Amoxicilina | 50 mg/kg/dia por 10 dias | IVAS p.50 | CONFIRMADO,
capsules/EISCA/faringoamigdalite_estreptococica_escarlatina.md,13,"Escarlatina — exantema | Áspero, macular e puntiforme (textura de lixa) | IVAS p.48 | CONFIRMADO",
capsules/EISCA/faringoamigdalite_estreptococica_escarlatina.md,14,Escarlatina — sinais | Sinal de Pastia (flexuras avermelhadas); sinal de Filatov (palidez perioral); língua em framboesa | IVAS p.48 / Pediatria DOENÇAS EXANTEMÁTICAS p.3 | CONFIRMADO,
capsules/EISCA/faringoamigdalite_estreptococica_escarlatina.md,15,"Escarlatina — descamação | Extensa em mãos e pés, ""em dedos de luva"", inicia após ~1 semana (lamelar) | Pediatria DOENÇAS EXANTEMÁTICAS p.3 | CONFIRMADO",
capsules/EISCA/faringoamigdalite_estreptococica_escarlatina.md,16,Escarlatina — incubação/transmissibilidade | Incubação 2–5 dias; transmissibilidade 10–21 dias se não tratada | Pediatria DOENÇAS EXANTEMÁTICAS p.3 | CONFIRMADO,
capsules/EISCA/faringoamigdalite_estreptococica_escarlatina.md,17,Escarlatina — diagnóstico laboratorial | Teste rápido de aglutinação de látex em secreção de orofaringe | Pediatria DOENÇAS EXANTEMÁTICAS p.3 | CONFIRMADO,
capsules/EISCA/faringoamigdalite_estreptococica_escarlatina.md,18,Complicações não supurativas | Febre reumática e glomerulonefrite difusa aguda (GNDA) | IVAS p.49 / Pediatria DOENÇAS EXANTEMÁTICAS p.3 | CONFIRMADO,
capsules/EISCA/faringoamigdalite_estreptococica_escarlatina.md,19,"Complicações locais | Abscesso de linfonodos cervicais, abscesso periamigdaliano, sepse, choque tóxico, artrite reacional | IVAS p.49 | CONFIRMADO",
capsules/EISCA/faringoamigdalite_estreptococica_escarlatina.md,20,Amigdalectomia | Considerar se >5 episódios em 2 anos seguidos (documentar recorrência por cultura antes) | IVAS (corpus_text l.486–492) | confirmar no slide,
capsules/EISCA/febre_reumatica.md,4,"Critérios de Jones — 1o episódio | 2 maiores OU 1 maior + 2 menores + evidência estreptocócica prévia | Febre Reumática (Tratado), p.9 (Quadro 1) | CONFIRMADO",
capsules/EISCA/febre_reumatica.md,5,"Febre (menor) — baixo risco | ≥ 38,5 °C | Febre Reumática (Tratado), p.9 (Quadro 2, AHA 2015) | CONFIRMADO",
capsules/EISCA/febre_reumatica.md,6,"Febre (menor) — alto risco | ≥ 38 °C | Febre Reumática (Tratado), p.9 (Quadro 2, AHA 2015) | CONFIRMADO",
capsules/EISCA/febre_reumatica.md,7,"VHS/PCR (menor) — baixo risco | VHS ≥ 60 mm/h ou PCR ≥ 3 mg/dL | Febre Reumática (Tratado), p.9 (Quadro 2) | CONFIRMADO",
capsules/EISCA/febre_reumatica.md,8,"VHS/PCR (menor) — alto risco | VHS ≥ 30 mm/h ou PCR ≥ 3 mg/dL | Febre Reumática (Tratado), p.9 (Quadro 2) | CONFIRMADO",
capsules/EISCA/febre_reumatica.md,9,"Sopro audível na cardite | 40-50% dos pacientes | Febre Reumática (Tratado), p.3 | CONFIRMADO",
capsules/EISCA/febre_reumatica.md,10,"Cardite — frequência geral | ~50% dos casos | Febre Reumática (Tratado), p.3 | CONFIRMADO",
capsules/EISCA/febre_reumatica.md,11,"Artrite — frequência | 70% dos casos | Febre Reumática (Tratado), p.3 | CONFIRMADO",
capsules/EISCA/febre_reumatica.md,12,"Penicilina G benzatina (tratamento/profilaxia primária) | < 20 kg: 600.000 UI; ≥ 20 kg: 1.200.000 UI, dose única IM | Febre Reumática (Tratado), p.9 (Quadro 4) | CONFIRMADO",
capsules/EISCA/febre_reumatica.md,13,"Profilaxia secundária — intervalo | penicilina G benzatina IM a cada 21 dias, mesmas doses por peso | Febre Reumática (Tratado), p.10 (Quadro 6) | CONFIRMADO",
capsules/EISCA/febre_reumatica.md,14,"Duração profilaxia — sem cardite prévia | até 21 anos OU 5 anos após último surto (o que cobrir mais tempo) | Febre Reumática (Tratado), p.11 (Quadro 7) | CONFIRMADO",
capsules/EISCA/febre_reumatica.md,15,"Duração profilaxia — lesão valvar residual moderada/grave | até 40 anos ou por toda a vida | Febre Reumática (Tratado), p.11 (Quadro 7) | CONFIRMADO",
capsules/EISCA/febre_reumatica.md,16,"Duração profilaxia — pós cirurgia valvar | por toda a vida | Febre Reumática (Tratado), p.11 (Quadro 7) | CONFIRMADO",
capsules/EISCA/febre_reumatica.md,17,"Corticoide na cardite | prednisona/prednisolona 1-2 mg/kg/dia (máx 60 mg), redução 20%/semana | Febre Reumática (Tratado), p.10 | CONFIRMADO",
capsules/EISCA/febre_reumatica.md,18,"AINH na artrite | ibuprofeno 30 mg/kg/dia (3x) ou naproxeno 10-15 mg/kg/dia (2x) | Febre Reumática (Tratado), p.9-10 | CONFIRMADO",
capsules/EISCA/hemoglobinopatias_talassemias_doenca_falciforme.md,4,"Talassemia maior — idade ao diagnóstico | < 2 anos (clínico: 6-12 meses) | Hemoglobinopatias (Tratado), p.9 (Tabela 2) | CONFIRMADO",
capsules/EISCA/hemoglobinopatias_talassemias_doenca_falciforme.md,5,"Talassemia maior — Hb / HbA2 / HbF | Hb <7 g/dL; HbA2 >4%; HbF até 100% | Hemoglobinopatias (Tratado), p.9 (Tabela 2) | CONFIRMADO",
capsules/EISCA/hemoglobinopatias_talassemias_doenca_falciforme.md,6,"Talassemia menor — Hb / HbA2 | Hb >10 g/dL; HbA2 >3,6-4% | Hemoglobinopatias (Tratado), p.9 (Tabela 2) | CONFIRMADO",
capsules/EISCA/hemoglobinopatias_talassemias_doenca_falciforme.md,7,"Transfusão crônica na talassemia maior | a cada 2-4 semanas, manter Hb pré-transfusional 9,5-10 g/dL | Hemoglobinopatias (Tratado), p.13-14 | CONFIRMADO",
capsules/EISCA/hemoglobinopatias_talassemias_doenca_falciforme.md,8,"Asplenia funcional na doença falciforme | 94% dos pacientes aos 5 anos de idade | Hemoglobinopatias (Tratado), p.18 | CONFIRMADO",
capsules/EISCA/hemoglobinopatias_talassemias_doenca_falciforme.md,9,"Agente mais comum de infecção na doença falciforme | pneumococo, responsável por >70% das infecções | Hemoglobinopatias (Tratado), p.18 | CONFIRMADO",
capsules/EISCA/hemoglobinopatias_talassemias_doenca_falciforme.md,10,"Profilaxia antibiótica — penicilina G benzatina | 50.000 U/kg/dose IM a cada 21 dias, dos 3 meses aos 5 anos | Hemoglobinopatias (Tratado), p.24 | CONFIRMADO",
capsules/EISCA/hemoglobinopatias_talassemias_doenca_falciforme.md,11,"Febre em falcêmico — internação obrigatória | todo paciente <5 anos com temperatura >38,3 °C | Hemoglobinopatias (Tratado), p.25 | CONFIRMADO",
capsules/EISCA/hemoglobinopatias_talassemias_doenca_falciforme.md,12,"Manutenção de ATB empírico se hemocultura negativa | manter 72h, suspender se afebril/estável e hemocultura negativa | Hemoglobinopatias (Tratado), p.25 | CONFIRMADO",
capsules/EISCA/hemoglobinopatias_talassemias_doenca_falciforme.md,13,"STA — meta de saturação de O2 | manter SatO2 > 92% | Hemoglobinopatias (Tratado), p.26 | CONFIRMADO",
capsules/EISCA/hemoglobinopatias_talassemias_doenca_falciforme.md,14,"Sequestro esplênico — volume de transfusão | 5 mL/kg (repetir e reavaliar antes de dar mais) | Hemoglobinopatias (Tratado), p.27 | CONFIRMADO",
capsules/EISCA/hemoglobinopatias_talassemias_doenca_falciforme.md,15,"Sequestro esplênico — indicação de esplenectomia | após 2 episódios OU após 1 episódio grave (recorrência 50%, mortalidade 10-15%) | Hemoglobinopatias (Tratado), p.27 | CONFIRMADO",
capsules/EISCA/hemoglobinopatias_talassemias_doenca_falciforme.md,16,"AVC — indicação de transfusão de troca | Ht <30% → transfundir 10 mL/kg; Ht >30% → transfusão de troca, alvo Hb ~10 g/dL | Hemoglobinopatias (Tratado), p.28 | CONFIRMADO",
capsules/EISCA/hemoglobinopatias_talassemias_doenca_falciforme.md,17,"Doppler transcraniano — rastreio de AVC | anual, dos 2 aos 16 anos; ≥200 cm/s indica regime crônico transfusional | Hemoglobinopatias (Tratado), p.28 | CONFIRMADO",
capsules/EISCA/hemoglobinopatias_talassemias_doenca_falciforme.md,18,"Incidência de AVC até 18 anos | 11% | Hemoglobinopatias (Tratado), p.13-14 | CONFIRMADO",
capsules/EISCA/hemoglobinopatias_talassemias_doenca_falciforme.md,19,"Transfusão simples — indicação geral | queda de Hb ≥2 g/dL do basal com repercussão hemodinâmica, crise aplástica, sequestro, STA | Hemoglobinopatias (Tratado), p.29-30 | CONFIRMADO",
capsules/EISCA/hemoglobinopatias_talassemias_doenca_falciforme.md,20,"Hidroxiureia — efeito | eleva HbF em ~60% dos tratados, reduz crises vaso-oclusivas | Hemoglobinopatias (Tratado), p.30 | CONFIRMADO",
capsules/EISCA/humanizacao_em_uti_neonatal.md,4,Sucesso na extubação | RN permanece mais de 72h sem necessidade de retorno ao suporte ventilatório invasivo | p.2 | CONFIRMADO,
capsules/EISCA/humanizacao_em_uti_neonatal.md,5,"Falha na extubação | RN retorna à ventilação mecânica (reintubação) em menos de 72h, por qualquer motivo | p.2 | CONFIRMADO",
capsules/EISCA/humanizacao_em_uti_neonatal.md,6,Extubação Acidental (EA) | ocorre em decorrência do manuseio da equipe | p.2 | CONFIRMADO,
capsules/EISCA/humanizacao_em_uti_neonatal.md,7,Extubação Não Planejada (ENP) | retirada da cânula em decorrência da própria ação do RN (agitação) | p.2 | CONFIRMADO,
capsules/EISCA/humanizacao_em_uti_neonatal.md,8,Complicações associadas à VPM prolongada | displasia broncopulmonar; hemorragia periventricular | p.1 | CONFIRMADO,
capsules/EISCA/humanizacao_em_uti_neonatal.md,9,Fatores associados a maior risco de falha de extubação | menor valor de Apgar no 5º minuto; prematuridade; maior tempo de ventilação mecânica | p.1 | CONFIRMADO,
capsules/EISCA/humanizacao_em_uti_neonatal.md,10,"Equipe multiprofissional da UTIN | técnico de enfermagem, fisioterapeuta, farmacêutico, fonoaudiólogo, psicólogo, nutricionista, assistente social, médico, enfermeiro | p.1 | CONFIRMADO",
capsules/EISCA/humanizacao_em_uti_neonatal.md,11,Medidas de promoção de conforto | reduzir ruído e luz; atenção ao posicionamento; tratamentos menos estressantes; reduzir manipulação (toque mínimo); preservar temperatura ambiente | p.1 | CONFIRMADO,
capsules/EISCA/humanizacao_em_uti_neonatal.md,12,Boas práticas de humanização citadas | participação dos pais no cuidado; incentivo ao aleitamento materno; uso de sacarose em procedimentos dolorosos; cuidado com integridade de pele em RN ventilado; técnica da redinha; musicoterapia; espaço de acolhimento para família; acesso dos familiares ao RN internado | p.3 | CONFIRMADO,
capsules/EISCA/humanizacao_em_uti_neonatal.md,13,Níveis de acreditação hospitalar citados | segurança do paciente nível 1; segurança do paciente nível 2; gestão de excelência nível 3 | p.3 | CONFIRMADO,
capsules/EISCA/ictericia_neonatal_hiperbilirrubinemia_indireta.md,4,"Icterícia precoce | <24h de vida, SEMPRE patológica | Icterícia neonatal (slide João Medeiros), p.19 | CONFIRMADO",
capsules/EISCA/ictericia_neonatal_hiperbilirrubinemia_indireta.md,5,"Icterícia fisiológica — nível máximo RN termo | 12,9 mg/dL, duração ~1 semana | Icterícia neonatal (slide João Medeiros), p.21 | CONFIRMADO",
capsules/EISCA/ictericia_neonatal_hiperbilirrubinemia_indireta.md,6,"Icterícia fisiológica — nível máximo RN pré-termo | 15 mg/dL, duração ~2 semanas | Icterícia neonatal (slide João Medeiros), p.21 | CONFIRMADO",
capsules/EISCA/ictericia_neonatal_hiperbilirrubinemia_indireta.md,7,"Icterícia fisiológica — velocidade de subida | < 5 mg/dL em 24h | Icterícia neonatal (slide João Medeiros), p.21 | CONFIRMADO",
capsules/EISCA/ictericia_neonatal_hiperbilirrubinemia_indireta.md,8,"Investigação de icterícia precoce | tipagem sanguínea+Rh, Coombs direto, hemograma+reticulócitos, morfologia de hemácias, bilirrubinemia | Icterícia neonatal (slide João Medeiros), p.19 | CONFIRMADO",
capsules/EISCA/ictericia_neonatal_hiperbilirrubinemia_indireta.md,9,"Icterícia do leite materno — início | após a 2a semana, mais tardia e exacerbada | Icterícia neonatal (slide João Medeiros), p.22 | CONFIRMADO",
capsules/EISCA/ictericia_neonatal_hiperbilirrubinemia_indireta.md,10,"Doença hemolítica perinatal — antígenos envolvidos | ABO e Rh: 98%; antígenos atípicos: 2% | Icterícia neonatal (slide João Medeiros), p.25 | CONFIRMADO",
capsules/EISCA/ictericia_neonatal_hiperbilirrubinemia_indireta.md,11,"DH-ABO — Coombs direto | fracamente positivo no cordão | Icterícia neonatal (slide João Medeiros), p.32 | CONFIRMADO",
capsules/EISCA/ictericia_neonatal_hiperbilirrubinemia_indireta.md,12,"DH-ABO — hidropsia fetal | não há relato | Icterícia neonatal (slide João Medeiros), p.31 | CONFIRMADO",
capsules/EISCA/ictericia_neonatal_hiperbilirrubinemia_indireta.md,13,"DH-ABO — hepatoesplenomegalia/anemia severa | pouco comum / rara | Icterícia neonatal (slide João Medeiros), p.31 | CONFIRMADO",
capsules/EISCA/ictericia_neonatal_hiperbilirrubinemia_indireta.md,14,"Fototerapia intensiva (AAP) — irradiância mínima | ≥ 30 μW/cm²/nm, cobrindo maior área de superfície corpórea possível | Icterícia neonatal (slide João Medeiros), p.42 | CONFIRMADO",
capsules/EISCA/ictericia_neonatal_hiperbilirrubinemia_indireta.md,15,"RNPT <1000g — fototerapia | iniciar dentro de 24h de vida | Icterícia neonatal (slide João Medeiros), p.50 (Martin&Cloherty, 2004) | CONFIRMADO",
capsules/EISCA/ictericia_neonatal_hiperbilirrubinemia_indireta.md,16,"RNPT 1000-1500g — fototerapia / EST | 7-9 mg/dL / 12-15 mg/dL | Icterícia neonatal (slide João Medeiros), p.50 | CONFIRMADO",
capsules/EISCA/ictericia_neonatal_hiperbilirrubinemia_indireta.md,17,"RNPT 1500-2000g — fototerapia / EST | 10-12 mg/dL / 15-18 mg/dL | Icterícia neonatal (slide João Medeiros), p.50 | CONFIRMADO",
capsules/EISCA/ictericia_neonatal_hiperbilirrubinemia_indireta.md,18,"RNPT 2000-2500g — fototerapia / EST | 13-15 mg/dL / 18-20 mg/dL | Icterícia neonatal (slide João Medeiros), p.50 | CONFIRMADO",
capsules/EISCA/ictericia_neonatal_hiperbilirrubinemia_indireta.md,19,"Exsanguineotransfusão — objetivos | corrigir anemia, remover anticorpos circulantes, remover excesso de bilirrubina indireta | Icterícia neonatal (slide João Medeiros), p.48 | CONFIRMADO",
capsules/EISCA/ictericia_neonatal_hiperbilirrubinemia_indireta.md,20,"Exsanguineotransfusão imediata — critério (AAP) | sinais de encefalopatia bilirrubínica aguda (hipertonia, arqueamento, retrocolo, opistótono, febre, choro agudo) OU BT ≥5 mg/dL acima da linha do nomograma | Icterícia neonatal (slide João Medeiros), p.49 | CONFIRMADO",
capsules/EISCA/ictericia_neonatal_hiperbilirrubinemia_indireta.md,21,"Síndrome do bebê bronzeado | complicação da fototerapia em RN colestático | Icterícia neonatal (slide João Medeiros), p.45 | CONFIRMADO",
capsules/EISCA/infeccao_do_trato_urinario_na_infancia.md,4,"Conceito | multiplicação de um único germe patogênico em qualquer segmento do trato urinário, identificado por urocultura coletada por método confiável | slide p.002 | CONFIRMADO",
capsules/EISCA/infeccao_do_trato_urinario_na_infancia.md,5,"Epidemiologia | uma das infecções mais comuns na infância; 8% das meninas e 2% dos meninos com menos de 7 anos; maior incidência no 1º ano de vida (sexo masculino); após 1 ano, maior incidência no sexo feminino; alta taxa de recorrência no 1º ano do episódio inicial | slide p.003 | CONFIRMADO",
capsules/EISCA/infeccao_do_trato_urinario_na_infancia.md,6,"Por que é mais comum no sexo feminino após 1 ano | maior proximidade uretra-ânus, menor comprimento da uretra, roupas apertadas, limpeza de trás para frente, maior chance de traumatismo/contato com novos microrganismos na atividade sexual | slide p.004 | CONFIRMADO",
capsules/EISCA/infeccao_do_trato_urinario_na_infancia.md,7,"Etiopatogenia — via | infecções ocorrem por via ascendente (bactérias do cólon colonizam períneo → uretra → vias urinárias); bactérias sob o prepúcio (Proteus) ascendem; fímbrias bacterianas favorecem ascensão contra-corrente; disseminação hematogênica é possível, porém menos comum | slide p.006 | CONFIRMADO",
capsules/EISCA/infeccao_do_trato_urinario_na_infancia.md,8,"Etiologia | E. coli (80–90%); outros Gram-negativos: Klebsiella (importante em neonatos), Proteus, Enterobacter, Citrobacter; Gram-positivos: S. saprophyticus (adolescentes), S. aureus, enterococos; virais (adenovírus); fungos (C. albicans, imunodeprimidos) | slide p.007 | CONFIRMADO",
capsules/EISCA/infeccao_do_trato_urinario_na_infancia.md,9,"Série de cepas isoladas (Rev Paul Pediatr 2010) | E. coli 69,3% (122 cepas; 109 em meninas, 13 em meninos); Proteus mirabilis 18,7% (33 cepas; 14 em meninas, 19 em meninos, predominante no sexo masculino); demais agentes < 5% cada | slide p.009 | CONFIRMADO",
capsules/EISCA/infeccao_do_trato_urinario_na_infancia.md,10,"Quadro clínico — localização | cistite: disúria, polaciúria, desconforto suprapúbico, incontinência urinária, urina fétida, hematúria (sinais/sintomas locais); pielonefrite: febre, prostração, dor lombar, sinal de Giordano positivo (sinais/sintomas sistêmicos) | slide p.010 | CONFIRMADO",
capsules/EISCA/infeccao_do_trato_urinario_na_infancia.md,11,"Quadro clínico 0–3 meses | inespecífico, símile-sepse: anorexia, vômitos, hipotermia, baixo ganho ponderal, dificuldade de sucção, hipoatividade; icterícia prolongada, diarreia; bacteremia com mortalidade de cerca de 10% | slide p.011 | CONFIRMADO",
capsules/EISCA/infeccao_do_trato_urinario_na_infancia.md,12,"Quadro clínico 3 meses–2 anos | febre às vezes é o único sinal; lactente com febre > 24h sem foco aparente; dor abdominal, vômitos, irritabilidade, anorexia; baixo ganho ponderoestatural; enurese (se já havia controle esfincteriano); raramente sinais ligados ao trato urinário | slide p.012 | CONFIRMADO",
capsules/EISCA/infeccao_do_trato_urinario_na_infancia.md,13,"Quadro clínico pré-escolar/escolar | febre e sintomas urinários: mal-estar, anorexia, dor suprapúbica, disúria, polaciúria, hematúria, urina fétida; calafrio e dor abdominal em flancos sugerem pielonefrite; disúria nem sempre é ITU (pode ser balanopostite/vulvovaginite) | slide p.013 | CONFIRMADO",
capsules/EISCA/infeccao_do_trato_urinario_na_infancia.md,14,"Quadro clínico adolescente | sintomas urinários: disúria, polaciúria, dor à micção; urgência miccional, hematúria e febre | slide p.014 | CONFIRMADO",
capsules/EISCA/infeccao_do_trato_urinario_na_infancia.md,15,"Suspeitar de ITU na urgência quando | lactente com febre ≥ 38,5°C de origem não determinada; lactente toxemiado; dor à palpação abdominal/suprapúbica; Giordano+; história prévia de ITU; deficiência imunológica; anormalidade urológica conhecida | slide p.015 | CONFIRMADO",
capsules/EISCA/infeccao_do_trato_urinario_na_infancia.md,16,"Diagnóstico — exames complementares | EAS, esfregaço com Gram, urocultura, exames de imagem, hemograma | slide p.016 | CONFIRMADO",
capsules/EISCA/infeccao_do_trato_urinario_na_infancia.md,17,Diagnóstico precoce — atenção | tratamento iniciado em < 72h reduz danos renais; diagnóstico precoce previne formação/progressão de cicatriz renal; USG fetal permite detecção precoce de malformações | slide p.020 | CONFIRMADO,
capsules/EISCA/infeccao_do_trato_urinario_na_infancia.md,18,"Fatores de risco para cicatriz renal | crianças menores de 1 ano; atraso no tratamento maior que 72h; RVU graus III–IV (a tabela lista ""III-IV""; a seção de profilaxia à frente cita graus 4–5, ver observação); malformações obstrutivas; ITU recorrente | slide p.021 | CONFIRMADO",
capsules/EISCA/infeccao_do_trato_urinario_na_infancia.md,19,"Coleta de urina — métodos | jato médio (todos com controle de esfíncter, após lavar genitália com água e sabão); saco coletor (trocar a cada 30 min, risco de contaminação); cateterismo vesical (retenção urinária, sem vulvovaginite/balanopostite); punção suprapúbica (diarreia, balanopostite, vulvovaginite) | slide p.022 | CONFIRMADO",
capsules/EISCA/infeccao_do_trato_urinario_na_infancia.md,20,"EAS/urina tipo I — achados | valorizar quando negativo; piúria (> 5 piócitos/campo ou 10.000/mL, ausente em até 50% das ITU, VPP 40–80%); bacteriúria; hematúria isolada tem pouco valor; nitrito+ (bactérias Gram-neg. convertem nitrato); cilindros leucocitários sugerem pielonefrite; pH alcalino sugere Proteus; piúria isolada NÃO confirma infecção (pode ser apendicite, GNDA, febre, desidratação grave); Gram de gota não centrifugada: sensibilidade 94%/especificidade 92%; fita nitrito+esterase leucocitária: sensibilidade 93%/especificidade 72% | slide p.023 | CONFIRMADO",
capsules/EISCA/infeccao_do_trato_urinario_na_infancia.md,21,"Urocultura — limiares por método (colher SEMPRE, padrão-ouro) | jato médio: ≥100.000 (10⁵) UFC/mL = ITU; < 10.000 UFC/mL = negativo; 10.000–100.000 = duvidoso, repetir; cateterismo vesical: 1.000–50.000 UFC/mL; punção suprapúbica: qualquer crescimento bacteriano; saco coletor: ≥100.000 UFC/mL, mas falso-positivo em até 80%; sintomas + piúria + urocultura entre 50.000–100.000 UFC/mL sugerem ITU | slide p.024 | CONFIRMADO",
capsules/EISCA/infeccao_do_trato_urinario_na_infancia.md,22,"Investigação por imagem — indicação/objetivo | indicada após 1º episódio documentado de ITU, qualquer sexo/idade; objetivo é avaliação morfofuncional para detectar fator predisponente (RVU, obstruções); tipos: USG, UCM, medicina nuclear (DMSA) | slide p.027 | CONFIRMADO",
capsules/EISCA/infeccao_do_trato_urinario_na_infancia.md,23,"USG renal e vias urinárias | realizar em TODOS que tiveram ITU, para confirmar/detectar malformação; USG normal NÃO exclui alteração; avalia tamanho renal, espessura/parênquima, cálculos, abscesso, hidronefrose, localização; fazer nas fases de enchimento e esvaziamento vesical (resíduo pós-miccional) | slide p.028 | CONFIRMADO",
capsules/EISCA/infeccao_do_trato_urinario_na_infancia.md,24,"Uretrocistografia miccional (UCM) | visualiza uretra (estenose, válvula), alterações vesicais (divertículo) e demonstra RVU; indicada se USG e/ou DMSA alterados, ou ITU recorrente com disfunção miccional; só realizar após término do tratamento da ITU | slide p.029 | CONFIRMADO",
capsules/EISCA/infeccao_do_trato_urinario_na_infancia.md,25,Cintilografia com DMSA (estática) | avaliação morfológica e funcional de dano renal; padrão-ouro para detecção de cicatriz renal/lesão cortical; realizar em todo lactente com ITU febril/quadro de pielonefrite (mesmo com USG normal) e em pacientes com RVU; realizar após 3 meses da cura da ITU | slide p.030 | CONFIRMADO,
capsules/EISCA/infeccao_do_trato_urinario_na_infancia.md,26,Cintilografia com DTPA (dinâmica) | sofre filtração/excreção renal; avalia se o sistema excretor urinário está pérvio; indicada para casos de ITU com hidronefrose | slide p.031 | CONFIRMADO,
capsules/EISCA/infeccao_do_trato_urinario_na_infancia.md,27,"Tratamento — critério de internação | acima de 3 meses, sem toxemia, hidratada e capaz de ingestão oral → tratamento ambulatorial; abaixo de 3 meses, febre alta, toxemiada, desidratada, vômitos persistentes → tratamento hospitalar; sem melhora clínica em 48h → reavaliar anormalidades do trato urinário | slide p.034 | CONFIRMADO",
capsules/EISCA/infeccao_do_trato_urinario_na_infancia.md,28,Duração do tratamento antibiótico | curso de 10 dias em criança com febre; revisar terapia em 48–72h conforme antibiograma da urocultura; maioria melhora em 24–48h | slide p.035 | CONFIRMADO,
capsules/EISCA/infeccao_do_trato_urinario_na_infancia.md,29,"Antibióticos — pielonefrite (parenteral) | cefuroxima 150mg/kg/dia (8/8h); gentamicina 5–7,5mg/kg/dia (1x IV/IM); amicacina 15mg/kg/dia (1x/dia); cefotaxima 100–200mg/kg/dia (6/6h ou 8/8h); piperacilina/tazobactam 300mg/kg/dia (6/6h ou 8/8h) | slide p.036 | CONFIRMADO",
capsules/EISCA/infeccao_do_trato_urinario_na_infancia.md,30,"Antibióticos — pielonefrite (oral) | cefuroxima 30mg/kg/dia (12/12h); cefaclor 40mg/kg/dia (12/12h); amoxicilina-clavulanato 20–40mg/kg/dia (8/8h, última opção por alterar mais a flora intestinal); ciprofloxacino 20–30mg/kg/dia (12/12h) | slide p.036 | CONFIRMADO",
capsules/EISCA/infeccao_do_trato_urinario_na_infancia.md,31,Antibióticos — cistite (oral) | nitrofurantoína 5–7mg/kg/dia (6/6h); cefalexina 50mg/kg/dia (6/6h ou 8/8h); sulfametoxazol-trimetoprima 6–12mg TMP/kg/dia (12/12h) | slide p.036 | CONFIRMADO,
capsules/EISCA/infeccao_do_trato_urinario_na_infancia.md,32,Acompanhamento pós-tratamento | urocultura 1 mês após término do tratamento; 3 uroculturas trimestrais no primeiro ano | slide p.037 | CONFIRMADO,
capsules/EISCA/infeccao_do_trato_urinario_na_infancia.md,33,Profilaxia — indicações | reduzir episódios de recidiva para evitar cicatriz renal; RVU graus 4 ou 5; uropatia obstrutiva até correção cirúrgica; ITU de repetição com anormalidade na USG | slide p.038 | CONFIRMADO,
capsules/EISCA/infeccao_do_trato_urinario_na_infancia.md,34,Profilaxia — duração e fármacos | duração: 6 meses ou até correção das disfunções; > 6 semanas de vida: nitrofurantoína 1–2mg/kg/dia (1x ao deitar) ou SMZ+TMP 20+4mg/kg/dia (1x ao deitar); < 6 semanas de vida: cefalexina 20mg/kg/dia (1x ao deitar) | slide p.039 | CONFIRMADO,
capsules/EISCA/interpretacao_hemograma_e_coagulacao.md,4,"Anemia por Hb (OMS) 6–59 meses | sem anemia ≥11; leve 10–10,9; moderada 7–9,9; grave <7 g/dL | Interpretação HMG — Tabela 2 (WHO 2017) | CONFIRMADO",
capsules/EISCA/interpretacao_hemograma_e_coagulacao.md,5,"Anemia por Hb (OMS) 5–11 anos | sem anemia ≥11,5; leve 11–11,4; moderada 8–10,9; grave <8 g/dL | Interpretação HMG — Tabela 2 (WHO 2017) | CONFIRMADO",
capsules/EISCA/interpretacao_hemograma_e_coagulacao.md,6,Anemia por Hb (OMS) mulher ≥15a não grávida | sem anemia ≥12; grávida ≥11 g/dL | Interpretação HMG — Tabela 2 (WHO 2017) | CONFIRMADO,
capsules/EISCA/interpretacao_hemograma_e_coagulacao.md,7,"Reticulócitos do RN | 2,5–6,5%, caindo para padrão adulto (0,5–1,5%) aos 15 dias de vida | Interpretação HMG, texto | CONFIRMADO",
capsules/EISCA/interpretacao_hemograma_e_coagulacao.md,8,"Neutropenia — corte por idade | <1.000/mm³ entre 2 semanas e 1 ano; <1.500/mm³ após 1 ano | Interpretação HMG, texto | CONFIRMADO",
capsules/EISCA/interpretacao_hemograma_e_coagulacao.md,9,"Graus de neutropenia | leve 1.000–1.500; moderada 500–1.000; grave <500/mm³ | Interpretação HMG, texto | CONFIRMADO",
capsules/EISCA/interpretacao_hemograma_e_coagulacao.md,10,"Reação leucemoide | leucometria >50.000/mm³ com desvio à esquerda até promielócito/mieloblasto | Interpretação HMG, texto | CONFIRMADO",
capsules/EISCA/interpretacao_hemograma_e_coagulacao.md,11,"Graus de eosinofilia | leve 500–1.500; moderado 1.500–5.000; grave >5.000/mm³ | Interpretação HMG, texto (Kanuru 2021) | CONFIRMADO",
capsules/EISCA/interpretacao_hemograma_e_coagulacao.md,12,"Síndrome hipereosinofílica | eosinófilos absolutos >1.500/mm³ em 2 ocasiões com ≥1 mês de intervalo | Interpretação HMG, texto | CONFIRMADO",
capsules/EISCA/interpretacao_hemograma_e_coagulacao.md,13,"Valor de referência de plaquetas | 150.000–450.000/mm³ — igual para TODAS as faixas etárias | Interpretação HMG, texto | CONFIRMADO",
capsules/EISCA/interpretacao_hemograma_e_coagulacao.md,14,"Graus de trombocitose (pediatria) | leve >500–700 mil; moderada >700–900 mil; grave >900 mil–1 milhão; extrema >1 milhão/mm³ | Interpretação HMG, Quadro 20 | CONFIRMADO",
capsules/EISCA/interpretacao_hemograma_e_coagulacao.md,15,"TP (tempo de protrombina) avalia | via extrínseca (fator VII) + via comum (X, V, II, I); reflete melhor via INR | Interpretação HMG, texto | CONFIRMADO",
capsules/EISCA/interpretacao_hemograma_e_coagulacao.md,16,"TTPA avalia | via intrínseca (XII, XI, IX, VIII) + via comum (X, V, II, I); monitora heparina não fracionada | Interpretação HMG, texto | CONFIRMADO",
capsules/EISCA/interpretacao_hemograma_e_coagulacao.md,17,"TP+TTPA prolongados, TT e fibrinogênio normais | deficiência de vitamina K, anticoagulante oral, ou deficiência leve de fatores II, V ou X | Interpretação HMG — Quadro 21 | CONFIRMADO",
capsules/EISCA/interpretacao_hemograma_e_coagulacao.md,18,"TP+TTPA+TT prolongados, fibrinogênio E plaquetas diminuídos | coagulação intravascular disseminada (CIVD) ou doença hepática aguda | Interpretação HMG — Quadro 21 | CONFIRMADO",
capsules/EISCA/interpretacao_hemograma_e_coagulacao.md,19,"Pseudotrombocitopenia por EDTA | incidência 0,1%; confirmar repetindo coleta com citrato ou leitura imediata | Interpretação HMG, texto | CONFIRMADO",
capsules/EISCA/leucemias_agudas_na_infancia.md,4,Frequência LLA entre as leucemias agudas | ~80% | Leucemia.pdf p. 4 | CONFIRMADO,
capsules/EISCA/leucemias_agudas_na_infancia.md,5,Frequência LMA entre as leucemias agudas | ~15% | Leucemia.pdf p. 4 | CONFIRMADO,
capsules/EISCA/leucemias_agudas_na_infancia.md,6,Faixa etária de pico | 3–5 anos e adolescência | Leucemia.pdf p. 4 | CONFIRMADO,
capsules/EISCA/leucemias_agudas_na_infancia.md,7,Risco relativo em Síndrome de Down | ~20x a população geral | Leucemia.pdf p. 6 | CONFIRMADO,
capsules/EISCA/leucemias_agudas_na_infancia.md,8,"Tríade clássica (febre, palidez, apatia/fadiga) | presente em >50% dos casos | Leucemia.pdf p. 12 | CONFIRMADO",
capsules/EISCA/leucemias_agudas_na_infancia.md,9,Dor em MMII | >40% dos casos | Leucemia.pdf p. 12 | CONFIRMADO,
capsules/EISCA/leucemias_agudas_na_infancia.md,10,"Sangramentos (petéquia, equimose, epistaxe, gengivorragia) | >50% dos casos | Leucemia.pdf p. 12 | CONFIRMADO",
capsules/EISCA/leucemias_agudas_na_infancia.md,11,Adenomegalia / hepatomegalia / esplenomegalia | ~50% / ~60% / ~60% | Leucemia.pdf p. 12 | CONFIRMADO,
capsules/EISCA/leucemias_agudas_na_infancia.md,12,Achado específico de LLA | linfadenomegalia | Leucemia.pdf p. 14 | CONFIRMADO,
capsules/EISCA/leucemias_agudas_na_infancia.md,13,"Achado específico de LMA | cloroma (infiltrado subcutâneo) + hipertrofia gengival | Leucemia.pdf p. 14, 13 | CONFIRMADO",
capsules/EISCA/leucemias_agudas_na_infancia.md,14,"Exame diagnóstico definitivo | mielograma (punção medular ± biópsia) | Leucemia.pdf p. 11, 15 | CONFIRMADO",
capsules/EISCA/leucemias_agudas_na_infancia.md,15,Critério de hemograma sugestivo | 2 séries alteradas + quadro clínico OU 3 séries alteradas isoladamente | Leucemia.pdf p. 15 | CONFIRMADO,
capsules/EISCA/leucemias_agudas_na_infancia.md,16,Sobrevida/cura LLA | ~80% podem ser curadas | Leucemia.pdf p. 18 | CONFIRMADO,
capsules/EISCA/leucemias_agudas_na_infancia.md,17,Sobrevida/cura LMA | ~70% com doador de MO disponível; 50-60% sem doador | Leucemia.pdf p. 18 | CONFIRMADO,
capsules/EISCA/meningites_na_crianca.md,4,"Definição / letalidade | inflamação de leptomeninges de SNC; vírus, bactérias, parasitas, fungos; letalidade elevada (10%), risco de sequelas/complicações; pico < 5 anos (3–12 meses) | slide p.001 (inf) | CONFIRMADO",
capsules/EISCA/meningites_na_crianca.md,5,"Etiologia bacteriana por idade (resumo) | < 3 meses: estrepto B 40–60% (neonato: estrepto B + E. coli = 70–90%); > 3 meses: pneumococo 21–45%, meningococo 34–55% | slide p.002 (sup) | CONFIRMADO",
capsules/EISCA/meningites_na_crianca.md,6,"Fatores de risco | RNPT, baixo peso, colonização materna por estrepto B, malformação craniofacial, ausência de amamentação, vacinação incompleta, doença falciforme | slide p.002 (sup) | CONFIRMADO",
capsules/EISCA/meningites_na_crianca.md,7,"Patógenos por idade/fator de risco (Quadro 1) | < 1 mês: S. agalactiae, E. coli e outros bacilos Gram-neg., L. monocytogenes; 1–3 meses: patógenos neonatais + S. pneumoniae/N. meningitidis/H. influenzae; 3 meses–5 anos: S. pneumoniae, N. meningitidis, H. influenzae; 6–20 anos: S. pneumoniae, N. meningitidis | slide p.002 (inf) | CONFIRMADO",
capsules/EISCA/meningites_na_crianca.md,8,"Fatores predisponentes → patógeno | barreira hematoliquórica alterada/implante coclear/síndrome nefrótica → S. pneumoniae; deficiência de complemento → S. pneumoniae, N. meningitidis; asplenia/falciforme → S. pneumoniae, N. meningitidis, Salmonella; pós-trauma → S. pneumoniae, H. influenzae; pós-neurocirurgia/derivação ventrículo-peritoneal → Staphylococcus coagulase-neg., S. aureus, bacilo Gram-neg. aeróbio (ex. Pseudomonas); meningomielocele/cisto dermoide → Staphylococcus, entéricas Gram-neg. | slide p.002 (inf) / p.003 (sup) | CONFIRMADO",
capsules/EISCA/meningites_na_crianca.md,9,"Etiologia viral | predomina em 42–90% dos casos; sintomatologia branda; RNA: enterovírus, caxumba, sarampo; DNA: varicela, adenovírus, EBV, CMV | slide p.003 (inf) | CONFIRMADO",
capsules/EISCA/meningites_na_crianca.md,10,"Patogênese — mecanismo | colonização nasofaríngea → invasão/sobrevivência vascular → invasão meníngea e BHE → inflamação aracnóidea, vasculite, ↑PIC → lesão neuronal; disseminação a partir de foco infeccioso à distância é a via mais frequente | slide p.004 (sup) | CONFIRMADO",
capsules/EISCA/meningites_na_crianca.md,11,"Patogênese — vias menos comuns | local adjacente: sinusite, mastoidite, OMA, celulite orbitária, osteomielite craniana/vertebral; via direta: TCE, trauma penetrante, coleta de LCR, cutânea (mielomeningocele, fístulas neuroectodérmicas) | slide p.004 (inf) | CONFIRMADO",
capsules/EISCA/meningites_na_crianca.md,12,"Clínica — início | tríade febre + cefaleia + vômitos; evolução abrupta ou paulatina; fotofobia, mal-estar, inapetência, mialgia, ↓ acuidade visual, convulsão; exantema petequial/purpúrico sugere meningococcemia | slide p.005 (sup) | CONFIRMADO",
capsules/EISCA/meningites_na_crianca.md,13,"Clínica — gravidade | alteração sensorial (mais em encefalite): irritabilidade, sonolência, torpor, delírio, coma; HIC grave: midríase/miose, apneia, coma, bradicardia; síndrome de Waterhouse-Friderichsen: fulminante, sem meningite, septicemia meningocócica + CIVD | slide p.005 (inf) | CONFIRMADO",
capsules/EISCA/meningites_na_crianca.md,14,"Clínica — sinais e < 3 meses | febre + hiperestesia difusa + rigidez de nuca/abaulamento de fontanela; sinais de Kernig, Brudzinski, Lasègue; < 3 meses: quadro inespecífico (febre, irritabilidade, inapetência, abaulamento bregmático, vômito) | slide p.006 (sup) | CONFIRMADO",
capsules/EISCA/meningites_na_crianca.md,15,"Diagnóstico — contraindicações de PL | clínico + LCR, exceto se: HIC, instabilidade hemodinâmica, plaquetopenia, distúrbio de coagulação, infecção cutânea local | slide p.006 (inf) | CONFIRMADO",
capsules/EISCA/meningites_na_crianca.md,16,"LCR — parâmetros normais | citologia < 30 células/mm³ (RN) e < 5 células/mm³ (criança/adulto); glicose = 2/3 da glicemia sérica; proteína 100–200 (referência do slide, ver observação) | slide p.006 (inf) | confirmar no slide — o slide lista ""Prot < 100-200"" sem deixar explícita a unidade nem se é limite normal ou de corte; tratar como referência aproximada, não copiar como valor definitivo em prova",
capsules/EISCA/meningites_na_crianca.md,17,"LCR por etiologia (Quadro 2) | bacteriana: leucócitos > 1.000/mm³ (neutrófilos), glicose < 30mg/100mL, proteína > 100–150, bacterioscopia positiva em > 85%; viral: leucócitos < 1.000/mm³ (linfócitos), glicose normal/levemente ↓, proteína normal/levemente ↑, bacterioscopia negativa; tuberculosa: leucócitos 20–500/mm³ levemente ↑ (linfócitos), glicose diminuída, proteína > 100mg/100mL (bastante elevada), Ziehl-Neelsen positivo em 30% | slide p.007 (sup) | CONFIRMADO",
capsules/EISCA/meningites_na_crianca.md,18,"Imagem (TC/RM) — indicação | para complicações: hidrocefalia obstrutiva, abscesso, hemorragias, ventriculites; RM diferencia de encefalite herpética (acometimento de lobo temporal) | slide p.007 (inf) | CONFIRMADO",
capsules/EISCA/meningites_na_crianca.md,19,"Tratamento — suporte inicial | UTI/semi-intensiva, precaução de contato para gotículas por 24h; ABCDE: VVAA/O2; VM se necessário; cardiovascular (expansão, cristaloide/coloide, adrenalina/dopamina/dobutamina); SNC (fenobarbital, fenitoína para convulsão) | slide p.008 (sup) | CONFIRMADO",
capsules/EISCA/meningites_na_crianca.md,20,"Tratamento — HIC e SIADH | HIC: decúbito elevado, manitol 0,5–2g/kg, IOT + hiperventilação, tratar convulsão; SIADH: hiponatremia com ↑Na urinário → restrição hídrica | slide p.008 (inf) | CONFIRMADO",
capsules/EISCA/meningites_na_crianca.md,21,"Corticoide | dexametasona 0,15mg/kg/dose 6/6h por 2 dias; reduz processo inflamatório, sequelas neurológicas e déficit auditivo | slide p.009 (sup) | CONFIRMADO",
capsules/EISCA/meningites_na_crianca.md,22,"ATB empírico por idade | < 2 meses: ampicilina + cefotaxima (ou ampicilina + gentamicina/amicacina); > 2 meses: ceftriaxona + vancomicina; associar rifampicina se piora clínica em 1–2 dias ou pneumococo resistente a ceftriaxona; duração 7–21 dias, ""mais prudente"" 10–14 dias | slide p.009 (sup) | CONFIRMADO",
capsules/EISCA/meningites_na_crianca.md,23,"ATB — casos especiais | imunossuprimido: ampicilina + ceftazidima; TCE/derivação liquórica/abordagem em SNC: ceftazidima + vancomicina; outras opções: meropenem, cefepime; repetir LCR de controle se > 48h sem resposta, < 2 meses (por Gram-negativo) ou pneumococo resistente | slide p.011 (sup) | CONFIRMADO",
capsules/EISCA/meningites_na_crianca.md,24,"Quimioprofilaxia — doença meningocócica | contatos íntimos nos últimos 7 dias, incluindo > 8h de voo juntos; rifampicina 5 ou 10mg/kg/dia 2x por 2 dias OU ceftriaxona dose única OU azitromicina dose única OU ciprofloxacino dose única; iniciar em até 24h | slide p.011 (inf) | CONFIRMADO",
capsules/EISCA/meningites_na_crianca.md,25,"Quimioprofilaxia — Haemophilus influenzae b | contato domiciliar íntimo, creches/maternal (> 2 casos em 60 dias); rifampicina 20mg/kg 2x ao dia por 4 dias | slide p.011 (inf) | CONFIRMADO",
capsules/EISCA/meningites_na_crianca.md,26,"Complicações | crises convulsivas recorrentes, coleções subdurais, hemiparesia, hemorragia intracraniana, cerebrite, hidrocefalia, paralisia do nervo facial | slide p.012 (sup) | CONFIRMADO",
capsules/EISCA/neuroblastoma.md,4,% das neoplasias malignas pediátricas | 8–10% | Neuroblastoma__c984597fac p.4 | CONFIRMADO,Neuroblastoma__c984597fac
capsules/EISCA/neuroblastoma.md,5,% das neoplasias neonatais | 50% | Neuroblastoma__c984597fac p.4 | CONFIRMADO,Neuroblastoma__c984597fac
capsules/EISCA/neuroblastoma.md,6,Idade média ao diagnóstico (EUA) | 19 meses | Neuroblastoma__c984597fac p.4 | CONFIRMADO,Neuroblastoma__c984597fac
capsules/EISCA/neuroblastoma.md,7,Diagnosticados antes de 2 anos / antes de 5 anos | 50% / 90% | Neuroblastoma__c984597fac p.4 | CONFIRMADO,Neuroblastoma__c984597fac
capsules/EISCA/neuroblastoma.md,8,Casos já com linfonodos comprometidos ao diagnóstico | 2 de 3 casos | Neuroblastoma__c984597fac p.4 | CONFIRMADO,Neuroblastoma__c984597fac
capsules/EISCA/neuroblastoma.md,9,Sítio primário — adrenal / retroperitoneal / tórax / pelve / cervical | 40% / 25% / 15% / 5% / 5% | Neuroblastoma__c984597fac p.6 | CONFIRMADO,Neuroblastoma__c984597fac
capsules/EISCA/neuroblastoma.md,10,"Forma familiar | 1–2% dos casos, pode ser adrenal bilateral ou multifocal | Neuroblastoma__c984597fac p.5 | CONFIRMADO",Neuroblastoma__c984597fac
capsules/EISCA/neuroblastoma.md,11,Sinais/sintomas mais comuns — febre / dor abdominal / massa abdominal / dor óssea | 25% / 22% / 19% / 19% | Neuroblastoma__c984597fac p.8 | CONFIRMADO,Neuroblastoma__c984597fac
capsules/EISCA/neuroblastoma.md,12,Assintomáticos ao diagnóstico | <1% | Neuroblastoma__c984597fac p.8 | CONFIRMADO,Neuroblastoma__c984597fac
capsules/EISCA/neuroblastoma.md,13,Anemia ao diagnóstico | 60% dos casos | Neuroblastoma__c984597fac p.14 | CONFIRMADO,Neuroblastoma__c984597fac
capsules/EISCA/neuroblastoma.md,14,Aumento de catecolaminas urinárias (VMA/HVA) | 90% dos casos | Neuroblastoma__c984597fac p.14 | CONFIRMADO,Neuroblastoma__c984597fac
capsules/EISCA/neuroblastoma.md,15,"Estadiamento (INSS) — estádio 1/2/3/4/4S | 15% / 5% / 29% / 46% / 5% | Neuroblastoma__c984597fac p.21; Neuroblastoma__97ea516ab3 p.3 | CONFIRMADO (cruzado A×B, valores idênticos)",Neuroblastoma__97ea516ab3;Neuroblastoma__c984597fac
capsules/EISCA/neuroblastoma.md,16,"Estádio 4S — definição do corte de MO | disseminação limitada a fígado, pele e/ou MO em criança <1 ano, com MO comprometida ATÉ 10%; acima disso já é estádio 4 | Neuroblastoma__97ea516ab3 p.3 | CONFIRMADO",Neuroblastoma__97ea516ab3
capsules/EISCA/neuroblastoma.md,17,Amplificação do oncogene N-MYC — geral / estádio III / estádio IV | 25–35% / 30% / 40% | Neuroblastoma__c984597fac p.24 | CONFIRMADO,Neuroblastoma__c984597fac
capsules/EISCA/neuroblastoma.md,18,Sobrevida global (SG) em 5 anos | 62% | Neuroblastoma__c984597fac p.28 | CONFIRMADO,Neuroblastoma__c984597fac
capsules/EISCA/neuroblastoma.md,19,Sobrevida livre de eventos (SLE) em 5 anos | 52% | Neuroblastoma__c984597fac p.28 | CONFIRMADO,Neuroblastoma__c984597fac
capsules/EISCA/neuroblastoma.md,20,Sobrevida <1 ano + estádio I/II/IV-S vs. estádios avançados | 80% vs. 50% em 5 anos | Neuroblastoma__c984597fac p.28 | CONFIRMADO,Neuroblastoma__c984597fac
capsules/EISCA/neuroblastoma.md,21,Sítio de recidiva — MO / osso / linfonodo / pulmão / SNC | 47% / 45% / 7% / 2% / 2% | Neuroblastoma__c984597fac p.27 | CONFIRMADO,Neuroblastoma__c984597fac
capsules/EISCA/neuroblastoma.md,22,"Marcadores imuno-histoquímicos | NB-84, cromogranina, sinaptofisina | Neuroblastoma__c984597fac p.23 | CONFIRMADO",Neuroblastoma__c984597fac
capsules/EISCA/obesidade_na_infancia_e_adolescencia.md,4,"Classificação <5 anos — risco de sobrepeso | P85-97 ou escore Z +1 a +2 | OBESIDADE EXÓGENA cap. 7, Diagnóstico, Tabela 1 | CONFIRMADO",
capsules/EISCA/obesidade_na_infancia_e_adolescencia.md,5,"Classificação <5 anos — sobrepeso | P97-99,9 ou escore Z +2 a +3 | OBESIDADE EXÓGENA cap. 7, Tabela 1 | CONFIRMADO",
capsules/EISCA/obesidade_na_infancia_e_adolescencia.md,6,"Classificação <5 anos — obesidade | >P99,9 ou escore Z >+3 | OBESIDADE EXÓGENA cap. 7, Tabela 1 | CONFIRMADO",
capsules/EISCA/obesidade_na_infancia_e_adolescencia.md,7,"Classificação 5-19 anos — sobrepeso | P85-97 ou escore Z +1 a +2 | OBESIDADE EXÓGENA cap. 7, Tabela 1 | CONFIRMADO",
capsules/EISCA/obesidade_na_infancia_e_adolescencia.md,8,"Classificação 5-19 anos — obesidade | P97-99,9 ou escore Z +2 a +3 | OBESIDADE EXÓGENA cap. 7, Tabela 1 | CONFIRMADO",
capsules/EISCA/obesidade_na_infancia_e_adolescencia.md,9,"Classificação 5-19 anos — obesidade grave | >P99,9 ou escore Z >+3 | OBESIDADE EXÓGENA cap. 7, Tabela 1 | CONFIRMADO",
capsules/EISCA/obesidade_na_infancia_e_adolescencia.md,10,"Proporção de obesidade endógena entre todos os casos | ~7% | obesidade endógena cap. 6, Introdução | CONFIRMADO",
capsules/EISCA/obesidade_na_infancia_e_adolescencia.md,11,"Proporção de obesidade endócrina ""clássica"" entre todos os casos | ~2% | obesidade endógena cap. 6, Obesidade secundária a doenças endócrinas | CONFIRMADO",
capsules/EISCA/obesidade_na_infancia_e_adolescencia.md,12,"Sinal de alerta para causa endócrina | baixa estatura, queda da velocidade de crescimento, idade óssea atrasada | obesidade endógena cap. 6, Obesidade secundária a doenças endócrinas | CONFIRMADO",
capsules/EISCA/obesidade_na_infancia_e_adolescencia.md,13,"Alterações lipídicas alteradas (I Diretriz Aterosclerose Infância) | CT ≥170; LDL-c ≥130; HDL-c <45; TG ≥130 mg/dL | OBESIDADE EXÓGENA cap. 7, Dislipidemia | CONFIRMADO",
capsules/EISCA/obesidade_na_infancia_e_adolescencia.md,14,"Idade mínima para farmacoterapia da obesidade | não recomendada <16 anos | OBESIDADE EXÓGENA cap. 7, Tratamento | CONFIRMADO",
capsules/EISCA/obesidade_na_infancia_e_adolescencia.md,15,"Orlistat — idade mínima liberada | 12 anos | OBESIDADE EXÓGENA cap. 7, Tratamento | CONFIRMADO",
capsules/EISCA/obesidade_na_infancia_e_adolescencia.md,16,"Cirurgia bariátrica — pré-requisito puberal | Tanner estágio IV ou V | OBESIDADE EXÓGENA cap. 7, Tratamento | CONFIRMADO",
capsules/EISCA/obesidade_na_infancia_e_adolescencia.md,17,"Redução de peso recomendada (pré-escolar/escolar) | 0,5-1 kg/mês | OBESIDADE EXÓGENA cap. 7, Tratamento | CONFIRMADO",
capsules/EISCA/obstrucao_via_aerea_alta_crupe_epiglotite.md,4,"Etiologia crupe | Parainfluenza I e II, Influenza, Adenovírus, VSR | IVAS p.61 | CONFIRMADO",
capsules/EISCA/obstrucao_via_aerea_alta_crupe_epiglotite.md,5,Etiologia epiglotite | *Haemophilus influenzae* | IVAS p.61 | CONFIRMADO,
capsules/EISCA/obstrucao_via_aerea_alta_crupe_epiglotite.md,6,Início | Epiglotite = abrupto; Crupe = insidioso | IVAS p.61 | CONFIRMADO,
capsules/EISCA/obstrucao_via_aerea_alta_crupe_epiglotite.md,7,"Quadro clínico epiglotite | Febre alta, toxemia, prostração, disfagia, salivação aumentada, estridor, voz abafada | IVAS p.61 | CONFIRMADO",
capsules/EISCA/obstrucao_via_aerea_alta_crupe_epiglotite.md,8,"Quadro clínico crupe | Febre moderada/baixa, sem toxemia, tosse rouca, estridor | IVAS p.61 | CONFIRMADO",
capsules/EISCA/obstrucao_via_aerea_alta_crupe_epiglotite.md,9,"Sinal radiológico epiglotite | Epiglote grande e edemaciada — ""sinal do polegar"" | IVAS p.62 | CONFIRMADO",
capsules/EISCA/obstrucao_via_aerea_alta_crupe_epiglotite.md,10,"Sinal radiológico crupe | Estreitamento subglótico — ""sinal da torre da igreja"" (= ""sinal da ponta do lápis"" citado à parte) | IVAS p.58/62 | CONFIRMADO",
capsules/EISCA/obstrucao_via_aerea_alta_crupe_epiglotite.md,11,Exame de laringe na epiglotite | Adiar até dispor de recursos cardiorrespiratórios | IVAS p.62 | CONFIRMADO,
capsules/EISCA/obstrucao_via_aerea_alta_crupe_epiglotite.md,12,Conduta epiglotite | Intubação endotraqueal ou traqueostomia | IVAS p.62 | CONFIRMADO,
capsules/EISCA/obstrucao_via_aerea_alta_crupe_epiglotite.md,13,Antibiótico epiglotite | Cloranfenicol ou ceftriaxona 100 mg/kg/dia | IVAS p.60 | CONFIRMADO,
capsules/EISCA/obstrucao_via_aerea_alta_crupe_epiglotite.md,14,"Conduta crupe (PS) | Dexametasona 0,15 mg/kg VO ou IM, dose única | IVAS p.58 | CONFIRMADO",
capsules/EISCA/obstrucao_via_aerea_alta_crupe_epiglotite.md,15,Conduta crupe (adjuvante) | Inalação com SF + adrenalina (2 ampolas) | IVAS p.58 | CONFIRMADO,
capsules/EISCA/obstrucao_via_aerea_alta_crupe_epiglotite.md,16,Intubação | Epiglotite = quase sempre; Crupe = ocasional | IVAS p.61 | CONFIRMADO,
capsules/EISCA/obstrucao_via_aerea_alta_crupe_epiglotite.md,17,Duração da doença | Epiglotite 2–3 dias; Crupe 1–2 semanas | IVAS p.62 | CONFIRMADO,
capsules/EISCA/obstrucao_via_aerea_alta_crupe_epiglotite.md,18,"Diagnóstico diferencial de epiglotite | Laringite espasmódica (sem pródromo/febre, piora à noite), malformação congênita de via aérea, corpo estranho, anafilaxia (laringoedema alérgico) | IVAS p.60 (corpus_text l.576–582) | confirmar no slide",
capsules/EISCA/osteossarcoma.md,4,"Pico de incidência | 13–16 anos (2 fontes convergem em ""13 a 16"" e ""14 e 16""; tratado como faixa de adolescência, estirão de crescimento) | osteossarcoma__ad984b30b6 p.1; 1_Osteossarcoma__da1747531d p.1 | CONFIRMADO_COM_CORREÇÕES (pequena divergência de 1 ano no limite inferior entre as 2 fontes B — sem A para arbitrar; registrada)",1_Osteossarcoma__da1747531d;osteossarcoma__ad984b30b6
capsules/EISCA/osteossarcoma.md,5,Sexo mais acometido | masculino | osteossarcoma__ad984b30b6 p.1 | CONFIRMADO,osteossarcoma__ad984b30b6
capsules/EISCA/osteossarcoma.md,6,Osteossarcoma como % dos cânceres ósseos em <20 anos | 56% (Sarcoma de Ewing 34–36%; condrossarcoma <10%) | osteossarcoma__ad984b30b6 p.1 | CONFIRMADO,osteossarcoma__ad984b30b6
capsules/EISCA/osteossarcoma.md,7,Localização — fêmur distal | 80% dos casos | osteossarcoma__ad984b30b6 p.1; 1_Osteossarcoma__da1747531d p.1 | CONFIRMADO (convergência exata entre 2 fontes B),1_Osteossarcoma__da1747531d;osteossarcoma__ad984b30b6
capsules/EISCA/osteossarcoma.md,8,"Tipo histológico convencional — subtipos | divergência entre fontes: uma cita ""convencional 70% do total (osteoblástico+condroblástico+fibroblástico, sem quebra individual)""; outra cita quebra individual ""osteoblástico 50%, condroblástico 25%, fibroblástico 15%"" | 1_Osteossarcoma__da1747531d p.2 vs. osteossarcoma__ad984b30b6 p.2 | confirmar no slide — sem camada A disponível para arbitrar a divergência numérica exata; ambas concordam que osteoblástico é o subtipo mais comum",1_Osteossarcoma__da1747531d;osteossarcoma__ad984b30b6
capsules/EISCA/osteossarcoma.md,9,Grau de Huvos — graus I a IV | I: pouca/nenhuma resposta; II: >50% necrose; III: >90% necrose; IV: 100% necrose (nenhum tumor viável residual) | 1_Osteossarcoma__da1747531d p.2; osteossarcoma__ad984b30b6 p.2 | CONFIRMADO (convergência exata entre 2 fontes B),1_Osteossarcoma__da1747531d;osteossarcoma__ad984b30b6
capsules/EISCA/osteossarcoma.md,10,Tamanho tumoral de mau prognóstico | >12 cm ao diagnóstico | 1_Osteossarcoma__da1747531d p.2; osteossarcoma__ad984b30b6 p.2; Osteossarcoma_pdf__9b8b531f7c p.2 | CONFIRMADO (convergência exata entre as 3 fontes B),1_Osteossarcoma__da1747531d;Osteossarcoma_pdf__9b8b531f7c;osteossarcoma__ad984b30b6
capsules/EISCA/osteossarcoma.md,11,Sítio de metástase mais comum | pulmão | 1_Osteossarcoma__da1747531d p.2; osteossarcoma__ad984b30b6 p.2; Osteossarcoma_pdf__9b8b531f7c p.3 | CONFIRMADO (convergência exata entre as 3 fontes B),1_Osteossarcoma__da1747531d;Osteossarcoma_pdf__9b8b531f7c;osteossarcoma__ad984b30b6
capsules/EISCA/osteossarcoma.md,12,"% de pacientes com metástase ao diagnóstico | 15–20% [trecho parcialmente ilegível na fonte — apenas este número foi possível confirmar com clareza] | Osteossarcoma_pdf__9b8b531f7c p.1 | confirmar no slide — fonte única, trecho com OCR degradado ao redor do número",Osteossarcoma_pdf__9b8b531f7c
capsules/EISCA/osteossarcoma.md,13,"Sobrevida — não metastático / metastático (2 anos) | 60–70% / 20–50% | osteossarcoma__ad984b30b6 p.3 | confirmar no slide — presente em apenas 1 das 3 fontes B, sem cruzamento possível",osteossarcoma__ad984b30b6
capsules/EISCA/osteossarcoma.md,14,Critério de cura | 5 anos livre de doença | osteossarcoma__ad984b30b6 p.3 | confirmar no slide — fonte única,osteossarcoma__ad984b30b6
capsules/EISCA/osteossarcoma.md,15,"Resposta à radioterapia | osteossarcoma NÃO responde a radioterapia; Sarcoma de Ewing responde | osteossarcoma__ad984b30b6 p.2; Osteossarcoma_pdf__9b8b531f7c p.2 | CONFIRMADO (convergência exata entre 2 fontes B, incluindo a comparação explícita com Ewing)",Osteossarcoma_pdf__9b8b531f7c;osteossarcoma__ad984b30b6
capsules/EISCA/osteossarcoma.md,16,Duração da quimioterapia adjuvante | mais de 6 meses | 1_Osteossarcoma__da1747531d p.2 | confirmar no slide — fonte única,1_Osteossarcoma__da1747531d
capsules/EISCA/otite_media_aguda_e_rinossinusite_na_infancia.md,4,"Agentes etiológicos (ambas entidades) | pneumococo, H. influenzae, M. catarrhalis (15-20% dos casos de otite) | IVAS.pdf p. 31, 41 | CONFIRMADO",
capsules/EISCA/otite_media_aguda_e_rinossinusite_na_infancia.md,5,Duração que define rinossinusite aguda (vs. resfriado prolongado) | tosse/corrimento nasal persistente >10 dias | IVAS.pdf p. 32 | CONFIRMADO,
capsules/EISCA/otite_media_aguda_e_rinossinusite_na_infancia.md,6,Duração que define rinossinusite crônica | sintomas >90 dias | IVAS.pdf p. 38 | CONFIRMADO,
capsules/EISCA/otite_media_aguda_e_rinossinusite_na_infancia.md,7,Febre na rinossinusite | pode estar presente ou ausente (39-40°C quando presente) | IVAS.pdf p. 32 | CONFIRMADO,
capsules/EISCA/otite_media_aguda_e_rinossinusite_na_infancia.md,8,"RX de seios da face — indicação | casos crônicos, crianças >5 anos; espessamento de mucosa >4mm é alterado | IVAS.pdf p. 34 | CONFIRMADO",
capsules/EISCA/otite_media_aguda_e_rinossinusite_na_infancia.md,9,TC de seios da face — indicação | refratariedade ao tratamento ou suspeita de complicação óssea/orbitária/intracraniana | IVAS.pdf p. 34 | CONFIRMADO,
capsules/EISCA/otite_media_aguda_e_rinossinusite_na_infancia.md,10,Hemograma na rinossinusite | normal nas formas leves; leucocitose com bastões nas formas mais graves | IVAS.pdf p. 35 | CONFIRMADO,
capsules/EISCA/otite_media_aguda_e_rinossinusite_na_infancia.md,11,"Tratamento antibiótico rinossinusite — 1ª linha | amoxicilina 60-80 mg/kg/dia por 14-21 dias (10 dias se resposta precoce, 21 dias se arrastado) | IVAS.pdf p. 36 | CONFIRMADO",
capsules/EISCA/otite_media_aguda_e_rinossinusite_na_infancia.md,12,Tratamento antibiótico rinossinusite — falha/alternativa | amoxicilina+clavulanato ou cefuroxima; trocar para claritromicina se sem melhora em 72h | IVAS.pdf p. 36 | CONFIRMADO,
capsules/EISCA/otite_media_aguda_e_rinossinusite_na_infancia.md,13,"Rinossinusite crônica — esquema | amoxicilina+clavulanato por 14 dias, completar 4-6 semanas com sulfametoxazol-trimetoprima | IVAS.pdf p. 38 | CONFIRMADO",
capsules/EISCA/otite_media_aguda_e_rinossinusite_na_infancia.md,14,"Diagnóstico de otite média aguda | sintomas (febre, otalgia) + evidência de efusão no ouvido médio (opacificação/abaulamento/perda de brilho da MT) | IVAS.pdf p. 42 | CONFIRMADO",
capsules/EISCA/otite_media_aguda_e_rinossinusite_na_infancia.md,15,Amoxicilina em otite — lactentes com sintomas | 90 mg/kg/dia | IVAS.pdf p. 43 | CONFIRMADO,
capsules/EISCA/otite_media_aguda_e_rinossinusite_na_infancia.md,16,Amoxicilina em otite — crianças maiores | 45-50 mg/kg/dia | IVAS.pdf p. 43 | CONFIRMADO,
capsules/EISCA/otite_media_aguda_e_rinossinusite_na_infancia.md,17,Troca para amoxicilina+clavulanato em otite | uso de amoxicilina nos últimos 2 meses OU sem melhora clínica em 72h | IVAS.pdf p. 43 | CONFIRMADO,
capsules/EISCA/otite_media_aguda_e_rinossinusite_na_infancia.md,18,"Ceftriaxona 3 doses — indicação em otite | estado geral ruim, incapacidade de fazer medicação oral, ou recorrência | IVAS.pdf p. 43 | CONFIRMADO",
capsules/EISCA/otite_media_aguda_e_rinossinusite_na_infancia.md,19,"Complicações da rinossinusite | sinusite crônica, osteíte frontal, celulite periorbitária (sinal de etmoidite), abscesso orbitário, meningite, abscesso epidural/cerebral, trombose de seios cavernosos | IVAS.pdf p. 37 | CONFIRMADO",
capsules/EISCA/parasitoses_intestinais.md,4,"Posição da ascaridíase entre as doenças mais comuns do planeta | 2ª (atrás da cárie dentária), 807-1221 milhões de casos | Parasitose intestinal - Tratado SBP, Epidemiologia | CONFIRMADO",
capsules/EISCA/parasitoses_intestinais.md,5,"Prevalência geral de parasitoses no Brasil (levantamento 2005) | 15-80% | Parasitose intestinal - Tratado SBP, Tabela 1 | CONFIRMADO",
capsules/EISCA/parasitoses_intestinais.md,6,"Hematofagismo do A. duodenale | 0,05-0,3 mL sangue/verme/dia | Parasitose intestinal - Tratado SBP, Tabela 3 | CONFIRMADO",
capsules/EISCA/parasitoses_intestinais.md,7,"Hematofagismo do N. americanus | 0,01-0,04 mL sangue/verme/dia | Parasitose intestinal - Tratado SBP, Tabela 3 | CONFIRMADO",
capsules/EISCA/parasitoses_intestinais.md,8,"Mebendazol — dose padrão | 100 mg a cada 12h por 3 dias, repetir em 3 semanas; sem ação em Strongyloides | Parasitose intestinal - Tratado SBP, Tabela 4 | CONFIRMADO",
capsules/EISCA/parasitoses_intestinais.md,9,"Tiabendazol — dose e restrição etária | 25-50 mg/kg/dia por 3 dias, repetir em 1 semana; só >5 anos (neurotoxicidade) | Parasitose intestinal - Tratado SBP, Tratamento | CONFIRMADO",
capsules/EISCA/parasitoses_intestinais.md,10,"Albendazol — Ascaris/Enterobius/ancilostomídeos | 400 mg dose única | Parasitose intestinal - Tratado SBP, Tabela 4 | CONFIRMADO",
capsules/EISCA/parasitoses_intestinais.md,11,"Albendazol — Strongyloides/Trichuris/Taenia | 400 mg/dia por 3 dias | Parasitose intestinal - Tratado SBP, Tabela 4 | CONFIRMADO",
capsules/EISCA/parasitoses_intestinais.md,12,"Albendazol — Giardia lamblia | 400 mg/dia por 5 dias | Parasitose intestinal - Tratado SBP, Tabela 4 | CONFIRMADO",
capsules/EISCA/parasitoses_intestinais.md,13,"Albendazol — faixa etária 1-2 anos | meia dose diária (200 mg) | Parasitose intestinal - Tratado SBP, Tratamento | CONFIRMADO",
capsules/EISCA/parasitoses_intestinais.md,14,"Metronidazol — dose (Giardia/Entamoeba) | 20-35 mg/kg/dia por 7-10 dias | Parasitose intestinal - Tratado SBP, Tabela 4 | CONFIRMADO",
capsules/EISCA/parasitoses_intestinais.md,15,"Terapia empírica — restrição etária | não indicada em <1 ano; 1-2 anos restrita (mebendazol+metronidazol, albendazol meia dose ou nitazoxanida isolada); >2 anos maioria das opções | Parasitose intestinal - Tratado SBP, Tratamento | CONFIRMADO",
capsules/EISCA/parasitoses_intestinais.md,16,"Controle de cura pós-tratamento | coproparasitológico de controle 15-30 dias após | Parasitose intestinal - Tratado SBP, Tratamento | CONFIRMADO",
capsules/EISCA/pneumonia_adquirida_na_comunidade_na_infancia.md,4,"% das IRA que evoluem para pneumonia | 2-3% | PNEUMONIA COMUNITÁRIA.pdf, Introdução | CONFIRMADO",
capsules/EISCA/pneumonia_adquirida_na_comunidade_na_infancia.md,5,"FR de taquipneia — <2 meses | ≥60 irpm | PNEUMONIA COMUNITÁRIA.pdf, Diagnóstico clínico | CONFIRMADO",
capsules/EISCA/pneumonia_adquirida_na_comunidade_na_infancia.md,6,"FR de taquipneia — 2 a 12 meses | ≥50 irpm | PNEUMONIA COMUNITÁRIA.pdf, Diagnóstico clínico | CONFIRMADO",
capsules/EISCA/pneumonia_adquirida_na_comunidade_na_infancia.md,7,"FR de taquipneia — >12 meses | ≥40 irpm | PNEUMONIA COMUNITÁRIA.pdf, Diagnóstico clínico | CONFIRMADO",
capsules/EISCA/pneumonia_adquirida_na_comunidade_na_infancia.md,8,"Critério de internação por hipoxemia — <2 meses | SpO2 <92%, FR ≥70 irpm, cianose, apneia, gemido, incapacidade de se alimentar | PNEUMONIA COMUNITÁRIA.pdf, Classificação por faixa etária | CONFIRMADO",
capsules/EISCA/pneumonia_adquirida_na_comunidade_na_infancia.md,9,"Critério de internação por hipoxemia — 2m a 5a | SpO2 <92%, FR ≥50 irpm, cianose, gemido, sinais de desidratação | PNEUMONIA COMUNITÁRIA.pdf, Classificação por faixa etária | CONFIRMADO",
capsules/EISCA/pneumonia_adquirida_na_comunidade_na_infancia.md,10,"Indicação de UTI | SpO2 <92% com FiO2 >60%, hipotensão, falência respiratória, apneia recorrente | PNEUMONIA COMUNITÁRIA.pdf, Indicações de UTI | CONFIRMADO",
capsules/EISCA/pneumonia_adquirida_na_comunidade_na_infancia.md,11,"Antibiótico ambulatorial de 1ª escolha | amoxicilina 50 mg/kg/dia em 3 doses (ou 90 mg/kg/dia em 2 doses) | PNEUMONIA COMUNITÁRIA.pdf, Tratamento ambulatorial | CONFIRMADO",
capsules/EISCA/pneumonia_adquirida_na_comunidade_na_infancia.md,12,"Prazo para reavaliar falha terapêutica ambulatorial | febre persistente ou piora após 72h | PNEUMONIA COMUNITÁRIA.pdf, Tratamento ambulatorial | CONFIRMADO",
capsules/EISCA/pneumonia_adquirida_na_comunidade_na_infancia.md,13,"Esquema hospitalar <2 meses | penicilina cristalina/ampicilina + amicacina/gentamicina, ou ampicilina + cefalosporina de 3ª geração | PNEUMONIA COMUNITÁRIA.pdf, Tratamento medicamentoso | CONFIRMADO",
capsules/EISCA/pneumonia_adquirida_na_comunidade_na_infancia.md,14,"RN <28 dias — cefalosporina preferida | cefotaxima (não ceftriaxona, risco de deslocar bilirrubina/kernicterus) | PNEUMONIA COMUNITÁRIA.pdf, Tratamento medicamentoso | CONFIRMADO",
capsules/EISCA/pneumonia_adquirida_na_comunidade_na_infancia.md,15,"Esquema hospitalar >2 meses, casos muito graves | oxacilina + cloranfenicol ou ceftriaxona (cobertura p/ S. aureus/H. influenzae) | PNEUMONIA COMUNITÁRIA.pdf, Tratamento medicamentoso | CONFIRMADO",
capsules/EISCA/pneumonia_adquirida_na_comunidade_na_infancia.md,16,"SpO2 alvo com O2 suplementar hospitalar | manter entre 92% e 94%; suspender quando estável >92% em ar ambiente | PNEUMONIA COMUNITÁRIA.pdf, Conduta no hospital | CONFIRMADO",
capsules/EISCA/rinofaringite_aguda_resfriado_comum_e_gripe.md,4,Definição de IVAS | infecções que atingem principalmente as estruturas das vias aéreas acima da laringe | slide p.002 | CONFIRMADO,
capsules/EISCA/rinofaringite_aguda_resfriado_comum_e_gripe.md,5,"Espectro do bloco ""rinofaringite"" no slide | rinofaringite (resfriado comum/gripe); distinto de faringite (faringoamigdalite) e de obstrução alta (epiglotite/laringite), tratados em blocos separados do mesmo deck | slide p.002 | CONFIRMADO",
capsules/EISCA/rinofaringite_aguda_resfriado_comum_e_gripe.md,6,"Manifestações da rinofaringite aguda | rinorreia (coriza serosa/hialina); espirros, obstrução nasal, tosse, lacrimejamento; febre baixa, abatimento discreto, redução do apetite; diarreia (às vezes), vômitos; congestão nasal | slide p.007 | CONFIRMADO",
capsules/EISCA/rinofaringite_aguda_resfriado_comum_e_gripe.md,7,"Agentes etiológicos | rinovírus, coronavírus, influenza, VSR, parainfluenza, coxsackie, adenovírus, entre outros | slide p.007 | CONFIRMADO",
capsules/EISCA/rinofaringite_aguda_resfriado_comum_e_gripe.md,8,"Vírus influenza — tipos | Myxovírus influenzae; 3 tipos principais em humanos: Influenza A, B, C (+ Influenza D, restrito a gado/suínos); subtipos por Hemaglutinina (H) e Neuraminidase (N) | slide p.008 | CONFIRMADO",
capsules/EISCA/rinofaringite_aguda_resfriado_comum_e_gripe.md,9,"Coronavírus — tipos | 7 tipos descritos no slide: SARS-CoV-2 (novo coronavírus), NL63 (2004), OC43, 229E, HKU1 (2005), SARS-CoV (síndrome respiratória aguda grave), MERS-CoV (síndrome respiratória do Oriente Médio) | slide p.013 | CONFIRMADO",
capsules/EISCA/rinofaringite_aguda_resfriado_comum_e_gripe.md,10,"Síndrome gripal — quadro | febre (37,9–39°C); calafrios, mal-estar, cefaleia, mialgia, dor de garganta, artralgia, prostração, rinorreia, tosse seca; rouquidão, linfadenopatia cervical; sinais de agravamento: dispneia, persistência da febre | slide p.015 | CONFIRMADO",
capsules/EISCA/rinofaringite_aguda_resfriado_comum_e_gripe.md,11,"Exame físico da rinofaringite | congestão de mucosa nasal e faringe, hiperemia de membrana timpânica, congestão de conjuntivas, lacrimejamento, lesões vesículo-ulcerosas ocasionais em boca/orofaringe | slide p.016 | CONFIRMADO",
capsules/EISCA/rinofaringite_aguda_resfriado_comum_e_gripe.md,12,"Transmissão | aerossol (gotículas de espirro/tosse), mãos contaminadas; contágio desde algumas horas antes até 2 dias após o início dos sintomas; incubação 2–5 dias | slide p.016 | CONFIRMADO",
capsules/EISCA/rinofaringite_aguda_resfriado_comum_e_gripe.md,13,Diagnóstico | essencialmente clínico; exames complementares desnecessários; diferencial com sarampo/coqueluche; IVAS de repetição sugere alergia | slide p.017 | CONFIRMADO,
capsules/EISCA/rinofaringite_aguda_resfriado_comum_e_gripe.md,14,"Tratamento — geral | repouso, hidratação, umidificação do ambiente, dieta conforme aceitação | slide p.017 | CONFIRMADO",
capsules/EISCA/rinofaringite_aguda_resfriado_comum_e_gripe.md,15,"Tratamento — higiene nasal | solução salina isotônica (soro fisiológico, Rinosoro/Sorine infantil); rinosoro 3% hipertônico (uso questionado no slide); inalação com SF 0,9% tem sobretudo efeito psicológico na mãe | slide p.018 | CONFIRMADO",
capsules/EISCA/rinofaringite_aguda_resfriado_comum_e_gripe.md,16,"Tratamento — antitérmico/analgésico | paracetamol (uso prolongado pode causar vômitos), dipirona, ibuprofeno (ex. Alivium); AAS — NÃO USAR, risco de Síndrome de Reye | slide p.018 | CONFIRMADO",
capsules/EISCA/rinofaringite_aguda_resfriado_comum_e_gripe.md,17,"Tratamento — descongestionante nasal tópico | indicado só se criança não melhorou rápido / obstrução incomoda muito; apenas em crianças > 2 anos; nunca em lactentes; no máximo 5 dias, 2 gotas | slide p.019 | CONFIRMADO",
capsules/EISCA/rinofaringite_aguda_resfriado_comum_e_gripe.md,18,Tratamento — antitussígeno e antibiótico | antitussígeno desaconselhável; anti-histamínico e mel/própolis citados como opções; antibiótico NÃO indicado | slide p.019 | CONFIRMADO,
capsules/EISCA/rinofaringite_aguda_resfriado_comum_e_gripe.md,19,"Prognóstico | autolimitada, 5–7 dias; fator de complicação: imunodeprimidos, lactentes, desnutridos, cardiopatas, pneumopatas | slide p.020 | CONFIRMADO",
capsules/EISCA/rinofaringite_aguda_resfriado_comum_e_gripe.md,20,"Medidas preventivas | lavagem de mãos; cuidado com secreções/fômites; evitar contato com vulneráveis (imunodeprimidos, < 3 meses); vitamina C sem eficácia comprovada; vacina de influenza sem indicação formal em hígidos, obrigatória em asma, doença cardiopulmonar crônica, hemoglobinopatias, imunodeficiências, uso contínuo de AAS; creche = análise custo × benefício | slide p.021 | CONFIRMADO",
capsules/EISCA/saude_ocular_na_infancia.md,4,"Tamanho do olho ao nascer | 16 mm (diâmetro anteroposterior) | Slide A, p. 1 | CONFIRMADO",
capsules/EISCA/saude_ocular_na_infancia.md,5,"Poder refrativo da córnea neonatal | 47,6 dioptrias | Slide A, p. 1 | CONFIRMADO",
capsules/EISCA/saude_ocular_na_infancia.md,6,"Pico de plasticidade ocular | primeira década de vida, com pico aos 2 anos | Slide A, p. 1 | CONFIRMADO",
capsules/EISCA/saude_ocular_na_infancia.md,7,"Reflexo pupilar à luz — marco fetal | 30 semanas de gestação | Slide A, p. 1 | CONFIRMADO",
capsules/EISCA/saude_ocular_na_infancia.md,8,"Reflexo oculopalpebral | 2–5 semanas de vida | Slide A, p. 2 | CONFIRMADO",
capsules/EISCA/saude_ocular_na_infancia.md,9,"Maturação da fóvea / associação macular | 4 meses | Slide A, p. 2 | CONFIRMADO",
capsules/EISCA/saude_ocular_na_infancia.md,10,"Visão de profundidade/estereopsia | 3–7 meses | Slide A, p. 2 | CONFIRMADO",
capsules/EISCA/saude_ocular_na_infancia.md,11,"Sensibilidade ao contraste | 7 meses | Slide A, p. 2 | CONFIRMADO",
capsules/EISCA/saude_ocular_na_infancia.md,12,"Mielinização completa do nervo óptico | 7 meses a 2 anos | Slide A, p. 2 | CONFIRMADO",
capsules/EISCA/saude_ocular_na_infancia.md,13,"Acuidade visual e binocularidade normais | 4 anos, moldado até 7–8 anos | Slide A, p. 2 | CONFIRMADO",
capsules/EISCA/saude_ocular_na_infancia.md,14,"Progressão da miopia entre 7–14 anos | média de -0,40 dioptria/ano | Slide A, p. 2 | CONFIRMADO",
capsules/EISCA/saude_ocular_na_infancia.md,15,"Retinoblastoma — proporção das neoplasias infantis | 3% de todas as neoplasias infantis; incidência 1:17.000 | Slide A, p. 8 | CONFIRMADO",
capsules/EISCA/saude_ocular_na_infancia.md,16,"Retinoblastoma — gene e locus | gene RB1, locus 13q14 | Slide A, p. 8 (locus confirmado por cross-check com conhecimento geral — ""1 3q 14"" no slide é grafia truncada de ""13q14"") | CONFIRMADO_COM_CORREÇÃO (formatação do locus)",
capsules/EISCA/saude_ocular_na_infancia.md,17,"Retinoblastoma hereditário — proporção e apresentação | 40% dos casos; bilateral e multifocal; predisposição a outras neoplasias em 6%; apresentação no 1º ano de vida | Slide A, pp. 8–9 | CONFIRMADO",
capsules/EISCA/saude_ocular_na_infancia.md,18,"Retinoblastoma — risco de irmão afetado | pais sadios: 2%; um dos pais afetado: 40% | Slide A, p. 8 | CONFIRMADO",
capsules/EISCA/saude_ocular_na_infancia.md,19,"Retinoblastoma trilateral | bilateral + pinealoma, em 3% dos casos hereditários | Slide A, p. 8 | CONFIRMADO",
capsules/EISCA/saude_ocular_na_infancia.md,20,"Retinoblastoma não hereditário — proporção e apresentação | 60% dos casos; unilateral; risco de irmão/descendente 1%; apresentação ~2 anos de vida | Slide A, pp. 8–9 | CONFIRMADO",
capsules/EISCA/saude_ocular_na_infancia.md,21,"Retinoblastoma — leucocoria | achado em 60% dos casos | Slide A, p. 9 | CONFIRMADO",
capsules/EISCA/saude_ocular_na_infancia.md,22,"Retinoblastoma — estrabismo como apresentação | achado em 20% dos casos | Slide A, p. 9 | CONFIRMADO",
capsules/EISCA/saude_ocular_na_infancia.md,23,"Retinoblastoma — seguimento pós-tratamento conservador | exame sob anestesia a cada 2–8 semanas até 3 anos; a cada 6 meses até 5 anos; anual até 10 anos | Slide A, p. 10 | CONFIRMADO",
capsules/EISCA/saude_ocular_na_infancia.md,24,"Glaucoma congênito — buftalmo/megalocórnea | >12 mm de diâmetro corneano no 1º ano de vida, OU >13 mm em qualquer idade | Slide A, p. 6 | CONFIRMADO",
capsules/EISCA/saude_ocular_na_infancia.md,25,"Glaucoma congênito — gene principal | CYP1B1, 10% de herança autossômica recessiva | Slide A, p. 6 | CONFIRMADO",
capsules/EISCA/saude_ocular_na_infancia.md,26,"Glaucoma congênito — tríade clínica | epífora, fotofobia, blefaroespasmo | Slide A, p. 6 | CONFIRMADO",
capsules/EISCA/saude_ocular_na_infancia.md,27,"Retinopatia da prematuridade — critério de triagem | RN ≤31 semanas de IG OU ≤1500g | Slide A, p. 7 | CONFIRMADO",
capsules/EISCA/saude_ocular_na_infancia.md,28,"Retinopatia da prematuridade — janela de avaliação | primeira avaliação entre 4–7 semanas de vida; revisão a cada 1–2 semanas | Slide A, pp. 7–8 | CONFIRMADO",
capsules/EISCA/saude_ocular_na_infancia.md,29,"Retinopatia da prematuridade — regressão espontânea | ocorre em 80% dos casos | Slide A, p. 8 | CONFIRMADO",
capsules/EISCA/saude_ocular_na_infancia.md,30,"Obstrução de vias lacrimais (membrana de Hasner) | imperfuração em 52% das crianças; só 5% sintomática; resolução espontânea em até 13 meses de vida em 90% dos casos | Slide A, p. 4 | CONFIRMADO",
capsules/EISCA/saude_ocular_na_infancia.md,31,"Massagem de Crigler | resolve até 2 meses em 56% dos casos | Slide A, p. 4 | CONFIRMADO",
capsules/EISCA/saude_ocular_na_infancia.md,32,"Sondagem das vias lacrimais | resolução em 90% dos casos | Slide A, p. 4 | CONFIRMADO",
capsules/EISCA/saude_ocular_na_infancia.md,33,"Principal causa de baixa visual na infância | erro refracional | Slide A, p. 3 | CONFIRMADO",
capsules/EISCA/saude_ocular_na_infancia.md,34,"Conjuntivite neonatal — agentes e janela temporal | N. gonorrhoeae (3–4 dias de vida); C. trachomatis (1 semana de vida); tratamento ceftriaxona/eritromicina | Slide A, p. 4 | CONFIRMADO",
capsules/EISCA/saude_ocular_na_infancia.md,35,"Catarata congênita — padrão do reflexo | reflexo pupilar ausente (não avermelhado), diferente do esbranquiçado da leucocoria clássica | Doenças oculares na infância.pdf, p. 3 (camada B, complementar — o slide A não detalha esse contraste explicitamente) | confirmar no slide (detalhe presente só na camada B; camada A cita catarata como causa de leucocoria sem especificar o padrão distinto de ""reflexo ausente"")",
capsules/EISCA/semiologia_e_classificacao_do_recem_nascido.md,4,Definição de RN | idade pós-natal de 0 a 28 dias (29 dias a 2 anos = lactente) | fonte 1 p.1; fonte 2 p.1; fonte 3 p.2 | CONFIRMADO,
capsules/EISCA/semiologia_e_classificacao_do_recem_nascido.md,5,Classificação por IG — pré-termo | <37 semanas | todas as 4 fontes | CONFIRMADO,
capsules/EISCA/semiologia_e_classificacao_do_recem_nascido.md,6,"Classificação por IG — a termo | 37 a 41 semanas e 6 dias (2 das 4 fontes registram ""37–42"" de forma imprecisa/arredondada; ver Divergência) | fonte 2 (Anotações) p.1; fonte 4 (Semiologia do RN, Letícia Burity) p.1 | CORRIGIDO — ver divergência abaixo",
capsules/EISCA/semiologia_e_classificacao_do_recem_nascido.md,7,Classificação por IG — pós-termo | >42 semanas (todas as 4 fontes concordam neste limite) | todas as 4 fontes | CONFIRMADO,
capsules/EISCA/semiologia_e_classificacao_do_recem_nascido.md,8,Classificação por peso relativo à IG — PIG | peso < percentil 10 nas curvas de crescimento intrauterino | todas as 4 fontes | CONFIRMADO,
capsules/EISCA/semiologia_e_classificacao_do_recem_nascido.md,9,Classificação por peso relativo à IG — AIG | peso entre percentil 10 e percentil 90 | todas as 4 fontes | CONFIRMADO,
capsules/EISCA/semiologia_e_classificacao_do_recem_nascido.md,10,Classificação por peso relativo à IG — GIG | peso > percentil 90 | todas as 4 fontes | CONFIRMADO,
capsules/EISCA/semiologia_e_classificacao_do_recem_nascido.md,11,Classificação por peso absoluto | baixo peso <2500g; muito baixo peso <1500g; extremo baixo peso <1000g | todas as 4 fontes | CONFIRMADO,
capsules/EISCA/semiologia_e_classificacao_do_recem_nascido.md,12,"RN macrossômico | peso >4000g, independente da IG; característico de mãe diabética | fonte 1 p.1; fonte 2 p.1 | CONFIRMADO",
capsules/EISCA/semiologia_e_classificacao_do_recem_nascido.md,13,Água corporal do RN a termo | ~75% do peso (feto pode chegar a >90%); adulto 50-60% | fonte 1 p.2; fonte 2 p.1; fonte 4 p.1 | CONFIRMADO,
capsules/EISCA/semiologia_e_classificacao_do_recem_nascido.md,14,Perda fisiológica de peso na 1ª semana | RNAT perde ~10%; RNPT perde ~15%; recuperação após o 10º dia de vida | fonte 1 p.2; fonte 2 p.1 | CONFIRMADO,
capsules/EISCA/semiologia_e_classificacao_do_recem_nascido.md,15,Volume intravascular estimado | 8% do peso (80 mL/kg) — RN de 3kg tem volemia de ~240mL | fonte 1 p.2; fonte 2 p.1; fonte 3 p.1 | CONFIRMADO,
capsules/EISCA/semiologia_e_classificacao_do_recem_nascido.md,16,TFG do RN vs adulto | corresponde a ~25% da TFG do adulto/criança maior | fonte 1 p.2; fonte 2 p.1 | CONFIRMADO,
capsules/EISCA/semiologia_e_classificacao_do_recem_nascido.md,17,Capacidade de concentração urinária | RN: máximo 700-800 mOsm/L; adulto: até 1400 mOsm/L | fonte 1 p.2; fonte 4 p.1 | CONFIRMADO,
capsules/EISCA/semiologia_e_classificacao_do_recem_nascido.md,18,Hematócrito/Hb do RN (pletora fisiológica) | Ht 58-60%; Hb 18-19 g/dl | fonte 1 p.3 | CONFIRMADO,
capsules/EISCA/semiologia_e_classificacao_do_recem_nascido.md,19,Frequência respiratória do RN | 30-50 irpm (1 de 4 fontes registra 30-60 irpm; ver Divergência) | fonte 1 p.4; fonte 3 p.5; fonte 4 p.3 | CORRIGIDO — ver divergência abaixo,
capsules/EISCA/semiologia_e_classificacao_do_recem_nascido.md,20,Frequência cardíaca do RN | 120-140 bpm | todas as 4 fontes | CONFIRMADO,
capsules/EISCA/semiologia_e_classificacao_do_recem_nascido.md,21,Perímetro cefálico médio do RNAT | ~34 cm | fonte 1 p.4; fonte 2 p.2; fonte 3 p.3; fonte 4 p.2 | CONFIRMADO,
capsules/EISCA/semiologia_e_classificacao_do_recem_nascido.md,22,Diferença PC–perímetro torácico normal | ~2 cm; RN com RCIU tem diferença >2cm (podendo chegar a 4-5cm) | fonte 1 p.4 | CONFIRMADO,
capsules/EISCA/semiologia_e_classificacao_do_recem_nascido.md,23,"Fechamento da fontanela bregmática (anterior) | 6 a 18 meses (fonte 1) / após os 6 meses (fonte 2, sem limite superior explícito) | fonte 1 p.5; fonte 2 p.3 | CONFIRMADO (fonte 1, mais completa)",
capsules/EISCA/semiologia_e_classificacao_do_recem_nascido.md,24,"Fechamento da fontanela lambdóidea (posterior) | 3 a 6 meses (fonte 1) / 2 a 4 meses (fonte 3) — divergência não resolvida entre fontes B, sem camada A para desempate | fonte 1 p.5; fonte 3 p.4 | confirmar no slide",
capsules/EISCA/semiologia_e_classificacao_do_recem_nascido.md,25,Escafocefalia / Braquicefalia | escafocefalia = fechamento precoce da sutura sagital; braquicefalia = fechamento precoce da sutura coronal | todas as 4 fontes | CONFIRMADO,
capsules/EISCA/semiologia_e_classificacao_do_recem_nascido.md,26,Reflexo de Moro — desaparecimento | 4 a 6 meses; persistência = lesão piramidal; ausência = sinal de alerta neurológico/sepse | fonte 1 p.5; fonte 2 p.4; fonte 3 p.5 | CONFIRMADO,
capsules/EISCA/semiologia_e_classificacao_do_recem_nascido.md,27,Reflexo de Babinski — desaparecimento | após 1 ano de idade (maturação do sistema piramidal/início da marcha) | fonte 1 p.5; fonte 2 p.4 | CONFIRMADO,
capsules/EISCA/semiologia_e_classificacao_do_recem_nascido.md,28,"Preensão palmo-plantar | involuntária ao nascer, torna-se voluntária entre 6-8 meses | fonte 1 p.5 | CONFIRMADO",
capsules/EISCA/semiologia_e_classificacao_do_recem_nascido.md,29,"Coto umbilical — composição normal | 2 artérias e 1 veia; cai entre 7-14 dias; desidratar com álcool 70%, sem curativo oclusivo | fonte 1 p.4; fonte 2 p.5 | CONFIRMADO",
capsules/EISCA/semiologia_e_classificacao_do_recem_nascido.md,30,Sinal de Ortolani x Barlow | Ortolani detecta luxação já presente (redutível); Barlow detecta quadril luxável (provoca a luxação) | fonte 1 p.5; fonte 2 p.5 | CONFIRMADO,
capsules/EISCA/semiologia_e_classificacao_do_recem_nascido.md,31,Implantação baixa de orelha + agenesia renal bilateral + micrognatia | síndrome de Potter | fonte 1 p.3; fonte 3 p.4 | CONFIRMADO,
capsules/EISCA/semiologia_e_classificacao_do_recem_nascido.md,32,"Método de Capurro — parâmetros somáticos | textura da pele, forma da orelha, glândulas mamárias, formação do mamilo, pregas plantares | fonte 1 p.5; fonte 3 p.6 | CONFIRMADO (estrutura); constante numérica para converter pontuação total em IG **não encontrada** nas 4 fontes | confirmar no slide",
capsules/EISCA/semiologia_e_classificacao_do_recem_nascido.md,33,Método de Capurro somático-neurológico — parâmetros adicionais | 4 somáticos (sem formação do mamilo) + sinal do cachecol + posição da cabeça (ângulo cérvico-torácico) | fonte 3 p.6 | CONFIRMADO (estrutura); tabela de pontuação completa **não encontrada** | confirmar no slide,
capsules/EISCA/semiologia_e_classificacao_do_recem_nascido.md,34,Método de New Ballard | citado no enunciado da frente de trabalho como método de avaliação de IG a ser cobrado | — | **não encontrado em nenhuma das 4 fontes B** — pendência a confirmar no slide/apostila adicional se revisitado,
capsules/EISCA/semiologia_pediatrica.md,4,"antropometria e exame por idade | `...816c7efb84`, seção de exame do RN; `...c241597932`, semio PED | CURRICULAR_CHECKED",
capsules/EISCA/semiologia_pediatrica.md,5,faixas exatas de FC/FR | tabelas dos PDFs | CURRENT_PENDING — excluídas de conduta atual,
capsules/EISCA/semiologia_pediatrica.md,6,percentis/cortes de PA | tabela curricular | CURRENT_PENDING — usar referência vigente,
capsules/EISCA/sepse_e_meningite_neonatal.md,4,"Sepse precoce — janela de início | primeiras 72h de vida | Sepse e meningite neonatal (Burity), p.1; (Seixas), p.1 | CONFIRMADO",
capsules/EISCA/sepse_e_meningite_neonatal.md,5,"Sepse precoce — etiologia | 62% Gram+ (43% Strep. grupo B); 37% Gram- (29% E. coli) | Sepse e meningite neonatal (Burity), p.1; (Seixas), p.1 | CONFIRMADO",
capsules/EISCA/sepse_e_meningite_neonatal.md,6,"Sepse tardia — etiologia | 79% Gram+ (57% S. epidermidis, 12% S. aureus); 19% Gram- multirresistente; 6% fungos | Sepse e meningite neonatal (Burity), p.1; (Seixas), p.1 | CONFIRMADO",
capsules/EISCA/sepse_e_meningite_neonatal.md,7,"GBS — mortalidade | 20-30% | Sepse e meningite neonatal (Burity), p.2; (Seixas), p.1 | CONFIRMADO",
capsules/EISCA/sepse_e_meningite_neonatal.md,8,"GBS — sequelas neurológicas em meningite | 15-30% dos sobreviventes | Sepse e meningite neonatal (Burity), p.2; (Seixas), p.1 | CONFIRMADO",
capsules/EISCA/sepse_e_meningite_neonatal.md,9,"Fator de risco maior — amniorrexe | > 18h (risco 4x); mãe colonizada GBS (risco >25x) | Sepse e meningite neonatal (Burity), p.2; (Seixas), p.2 | CONFIRMADO",
capsules/EISCA/sepse_e_meningite_neonatal.md,10,"Sepse presumível — critério de soma | 1 fator maior + 2 fatores menores (ou 2 maiores, conforme Seixas) | Sepse e meningite neonatal (Burity), p.2; (Seixas), p.2 — pequena divergência de redação entre as 2 fontes B, mesma professora | CORRIGIDO (mantido ""2 maiores OU 1 maior+2 menores"" por ser a formulação mais completa e coerente com o padrão geral de critérios combinados em pediatria)",
capsules/EISCA/sepse_e_meningite_neonatal.md,11,"Sepse clínica tardia — diagnóstico | 3+ sinais clínicos OU 2 sinais + 1 fator de risco | Sepse e meningite neonatal (Burity), p.3; (Seixas), p.4 | CONFIRMADO",
capsules/EISCA/sepse_e_meningite_neonatal.md,12,"Choque séptico — limiares | FC>160bpm; FR>60ipm; PAM<30mmHg; TEC>2s; diurese <1 mL/kg/h | Sepse e meningite neonatal (Seixas), p.3 | CONFIRMADO",
capsules/EISCA/sepse_e_meningite_neonatal.md,13,"Hemocultura — sensibilidade | 80%, padrão-ouro, coletar antes do ATB | Sepse e meningite neonatal (Burity), p.3; (Seixas), p.4 | CONFIRMADO",
capsules/EISCA/sepse_e_meningite_neonatal.md,14,"Meningite associada a sepse | 25% dos neonatos com sepse têm meningite; 50-80% dos com meningite têm hemocultura positiva | Sepse e meningite neonatal (Seixas), p.4 | CONFIRMADO",
capsules/EISCA/sepse_e_meningite_neonatal.md,15,"Hemograma infeccioso | 3 ou mais dos 7 aspectos avaliados positivos | Sepse e meningite neonatal (Burity), p.3; (Seixas), p.4 | CONFIRMADO",
capsules/EISCA/sepse_e_meningite_neonatal.md,16,"PCR — VPN e cinética | VPN 99%; positiva após 24h; alterada se >6-10 mg/L | Sepse e meningite neonatal (Seixas), p.4 | CONFIRMADO",
capsules/EISCA/sepse_e_meningite_neonatal.md,17,"Esquema sepse precoce | Penicilina G cristalina OU ampicilina (Gram+) + gentamicina OU amicacina (aminoglicosídeo, Gram-) | Sepse e meningite neonatal (Seixas), p.4 | CONFIRMADO",
capsules/EISCA/sepse_e_meningite_neonatal.md,18,"Esquema sepse tardia | Oxacilina+cefepima OU vancomicina+meropenem OU piperacilina+tazobactam (2 drogas, conforme flora hospitalar) | Sepse e meningite neonatal (Seixas), p.4 | CONFIRMADO",
capsules/EISCA/sepse_e_meningite_neonatal.md,19,"Sepse fúngica | 1% das crianças em UTI; 9% das sepses tardias; Candida albicans; tratar com anfotericina B ou micafungina | Sepse e meningite neonatal (Burity), p.4; (Seixas), p.4 | CONFIRMADO",
capsules/EISCA/sepse_e_meningite_neonatal.md,20,"Meta de hematócrito no suporte | manter Ht > 40% | Sepse e meningite neonatal (Seixas), p.4 | CONFIRMADO",
capsules/EISCA/tumor_de_wilms.md,4,% das neoplasias pediátricas | 5–10% | Tumor_de_Wilms__96192b5d5a p.5 | CONFIRMADO,Tumor_de_Wilms__96192b5d5a
capsules/EISCA/tumor_de_wilms.md,5,Idade — abaixo de 7 anos / pico | 90% / 2–3 anos | Tumor_de_Wilms__96192b5d5a p.5 | CONFIRMADO,Tumor_de_Wilms__96192b5d5a
capsules/EISCA/tumor_de_wilms.md,6,Unilateral / bilateral / multifocal em rim único | 93–95% / 5–7% / 10% | Tumor_de_Wilms__96192b5d5a p.5 | CONFIRMADO,Tumor_de_Wilms__96192b5d5a
capsules/EISCA/tumor_de_wilms.md,7,Relação familiar (hereditário) | 1–2% | Tumor_de_Wilms__96192b5d5a p.5 | CONFIRMADO,Tumor_de_Wilms__96192b5d5a
capsules/EISCA/tumor_de_wilms.md,8,Associação com anomalias congênitas/síndromes | 10% dos casos | Tumor_de_Wilms__96192b5d5a p.5 | CONFIRMADO,Tumor_de_Wilms__96192b5d5a
capsules/EISCA/tumor_de_wilms.md,9,"Genes associados | WT1 (11p13, associado a criptorquidia/hipospádia, gene da aniridia próximo) e WT2 (11p15, associado à síndrome de Beckwith-Wiedemann) | Tumor_de_Wilms__96192b5d5a p.6 | CONFIRMADO",Tumor_de_Wilms__96192b5d5a
capsules/EISCA/tumor_de_wilms.md,10,Risco de Wilms — Beckwith-Wiedemann / WAGR / Denys-Drash | 10–20% / 30–50% / >90% | Tumor_de_Wilms__96192b5d5a p.9 | CONFIRMADO,Tumor_de_Wilms__96192b5d5a
capsules/EISCA/tumor_de_wilms.md,11,Idade média de Wilms em Denys-Drash vs. esporádico | ~18 meses vs. ~48 meses | Tumor_de_Wilms__96192b5d5a p.11 | CONFIRMADO,Tumor_de_Wilms__96192b5d5a
capsules/EISCA/tumor_de_wilms.md,12,Restos nefrogênicos em tumores unilaterais / bilaterais | 40% / 100% | Tumor_de_Wilms__96192b5d5a p.12 | CONFIRMADO,Tumor_de_Wilms__96192b5d5a
capsules/EISCA/tumor_de_wilms.md,13,Histologia favorável (grupo geral) | 85% dos casos | Tumor_de_Wilms__96192b5d5a p.16 | CONFIRMADO,Tumor_de_Wilms__96192b5d5a
capsules/EISCA/tumor_de_wilms.md,14,"Anaplasia — frequência e critério histológico | 5% dos casos; núcleos ≥3× maiores que células adjacentes do mesmo tipo, hipercromáticos, mitoses multipolares | Tumor_de_Wilms__96192b5d5a p.17 | CONFIRMADO",Tumor_de_Wilms__96192b5d5a
capsules/EISCA/tumor_de_wilms.md,15,Predominância blastematosa pós-QT = alto risco | quando >2/3 do tumor viável residual é composto por blastema após QT neoadjuvante | Tumor_de_Wilms__96192b5d5a p.18 | CONFIRMADO,Tumor_de_Wilms__96192b5d5a
capsules/EISCA/tumor_de_wilms.md,16,"Apresentação — massa abdominal assintomática / sintomática (HAS, hematúria, dor, febre, ITU) | 75% / 20–25% | Tumor_de_Wilms__96192b5d5a p.19 | CONFIRMADO",Tumor_de_Wilms__96192b5d5a
capsules/EISCA/tumor_de_wilms.md,17,"Biópsia prévia — contraindicações | tumor cístico, síndrome de malformação associada, lesão de difícil acesso, lesões renais bilaterais típicas, idade <7 meses | Tumor_de_Wilms__96192b5d5a p.29 | CONFIRMADO",Tumor_de_Wilms__96192b5d5a
capsules/EISCA/tumor_de_wilms.md,18,"Estadiamento (clínico-cirúrgico-patológico) | I: confinado ao rim/pseudocápsula; II: além da cápsula mas ressecção completa com margens livres; III: excisão incompleta, ruptura tumoral, implante peritoneal, ou biópsia aberta prévia; IV: metástase hematogênica (pulmão, fígado, osso, cérebro) ou linfonodal extra-abdominal; V: bilateral ao diagnóstico | Tumor_de_Wilms__96192b5d5a pp.30–32 | CONFIRMADO",Tumor_de_Wilms__96192b5d5a
capsules/EISCA/tumor_de_wilms.md,19,Sobrevida global | 80% | Tumor_de_Wilms__96192b5d5a p.37 | CONFIRMADO,Tumor_de_Wilms__96192b5d5a
capsules/EISCA/tumor_de_wilms.md,20,Risco de evolução para insuficiência renal dialítica | 9–12% | Tumor_de_Wilms__96192b5d5a p.37 | CONFIRMADO,Tumor_de_Wilms__96192b5d5a
capsules/EISCA/tumor_de_wilms.md,21,Sobrevida em 4 anos — estádio I histologia favorável vs. estádio IV anaplasia difusa | 95–100% vs. 30–45% | Tumor_de_Wilms__96192b5d5a p.37 (American Cancer Society) | CONFIRMADO,Tumor_de_Wilms__96192b5d5a
capsules/EISCA/tumores_do_sistema_nervoso_central_na_infancia.md,4,"Tumor sólido mais frequente na infância <15 anos | sim, com pico de incidência ~10 anos | p.1 | CONFIRMADO",
capsules/EISCA/tumores_do_sistema_nervoso_central_na_infancia.md,5,Incidência no Brasil | 8–15% das neoplasias infantis (EUA ~25%) | p.1 | CONFIRMADO,
capsules/EISCA/tumores_do_sistema_nervoso_central_na_infancia.md,6,Distribuição geral por localização | fossa posterior 70% dos casos; outros locais 30% | p.1 | CONFIRMADO,
capsules/EISCA/tumores_do_sistema_nervoso_central_na_infancia.md,7,"Predomínio por idade | <2 anos: predomínio supratentorial; 2–10 anos: predomínio infratentorial | p.1, p.5 | CONFIRMADO",
capsules/EISCA/tumores_do_sistema_nervoso_central_na_infancia.md,8,Tumores infratentoriais — proporção nas crianças | 60% dos tumores de SNC da infância são infratentoriais | p.5 | CONFIRMADO,
capsules/EISCA/tumores_do_sistema_nervoso_central_na_infancia.md,9,Fatores predisponentes descritos | exposição a radiação ionizante; distúrbios genéticos | p.1 | CONFIRMADO,
capsules/EISCA/tumores_do_sistema_nervoso_central_na_infancia.md,10,"Tríade clássica de HIC | cefaleia, vômitos, letargia | p.4 | CONFIRMADO",
capsules/EISCA/tumores_do_sistema_nervoso_central_na_infancia.md,11,Vômito em jato — frequência na HIC | 70% dos casos | p.4 | CONFIRMADO,
capsules/EISCA/tumores_do_sistema_nervoso_central_na_infancia.md,12,Letargia/distúrbio de comportamento — frequência na HIC | 20% dos casos | p.4 | CONFIRMADO,
capsules/EISCA/tumores_do_sistema_nervoso_central_na_infancia.md,13,Papiledema — frequência na HIC | 80% dos casos | p.4 | CONFIRMADO,
capsules/EISCA/tumores_do_sistema_nervoso_central_na_infancia.md,14,Sintomas em <4 anos (ordem decrescente) | macrocefalia 41%; náusea/vômito 30%; irritabilidade 24%; letargia 21%; alteração de marcha/coordenação 19%; perda de peso 14%; abaulamento de fontanela/hidrocefalia 13%; convulsões/papiledema/cefaleia 10%; sinais focais 10%; déficit motor focal 7% | p.4 | CONFIRMADO,
capsules/EISCA/tumores_do_sistema_nervoso_central_na_infancia.md,15,Sintomas em >4 anos (ordem decrescente) | cefaleia 33%; náusea/vômito 32%; alteração de marcha/coordenação 27%; papiledema 13%; convulsões 13%; sinais inespecíficos de HIC 10%; estrabismo 7%; macrocefalia 7%; paralisia de nervos cranianos 7%; letargia 6%; nistagmo 6% | p.4 | CONFIRMADO,
capsules/EISCA/tumores_do_sistema_nervoso_central_na_infancia.md,16,"Sequência de exame de imagem | TC de crânio inicial (boa sensibilidade) → RM de crânio sempre com contraste/gadolínio (sem radiação, maior acurácia) | p.4 | CONFIRMADO",
capsules/EISCA/tumores_do_sistema_nervoso_central_na_infancia.md,17,"Localização por tipo tumoral — supratentorial/linha média | astrocitoma de baixo/alto grau, glioblastoma multiforme, craniofaringioma, tumores de céls. germinativas: hipotálamo, tálamo, hipófise, pineal | p.4 | CONFIRMADO",
capsules/EISCA/tumores_do_sistema_nervoso_central_na_infancia.md,18,"Localização por tipo tumoral — infratentorial | astrocitoma cerebelar, meduloblastoma, ependimoma, tumor de tronco cerebral | p.4 | CONFIRMADO",
capsules/EISCA/tumores_do_sistema_nervoso_central_na_infancia.md,19,Síndromes associadas | Li-Fraumeni→gliomas; NF1→glioma de nervo óptico e meningiomas; esclerose tuberosa→gliomas e ependimomas | p.3 | CONFIRMADO,
capsules/EISCA/tumores_do_sistema_nervoso_central_na_infancia.md,20,Astrocitomas — proporção das neoplasias de SNC pediátricas | 42% | p.6 | CONFIRMADO,
capsules/EISCA/tumores_do_sistema_nervoso_central_na_infancia.md,21,Astrocitomas — associação com NF1 | 15% dos casos | p.6 | CONFIRMADO,
capsules/EISCA/tumores_do_sistema_nervoso_central_na_infancia.md,22,"Astrocitoma pilocítico — grau OMS | grau I (baixo grau) | p.2, p.6 | CONFIRMADO",
capsules/EISCA/tumores_do_sistema_nervoso_central_na_infancia.md,23,"Astrocitoma difuso/anaplásico/glioblastoma — grau OMS | difuso grau II; anaplásico grau III; glioblastoma multiforme grau IV | p.2, p.6 | CONFIRMADO",
capsules/EISCA/tumores_do_sistema_nervoso_central_na_infancia.md,24,Gliomas de alto grau — proporção dos tumores de SNC infantis | 10% | p.7 | CONFIRMADO,
capsules/EISCA/tumores_do_sistema_nervoso_central_na_infancia.md,25,"Meduloblastoma — classificação e local | PNET do cerebelo, fossa posterior, grau IV (embrionário) | p.2, p.7 | CONFIRMADO",
capsules/EISCA/tumores_do_sistema_nervoso_central_na_infancia.md,26,Meduloblastoma — proporção dos tumores de SNC infantis | ~20% | p.7 | CONFIRMADO,
capsules/EISCA/tumores_do_sistema_nervoso_central_na_infancia.md,27,Meduloblastoma — faixa etária mais comum | <10 anos | p.7 | CONFIRMADO,
capsules/EISCA/tumores_do_sistema_nervoso_central_na_infancia.md,28,"Meduloblastoma — síndromes associadas | Gorlin (PTCH1), Turcot (APC), Li-Fraumeni (TP53), anemia de Fanconi (BRCA2) | p.8 | CONFIRMADO",
capsules/EISCA/tumores_do_sistema_nervoso_central_na_infancia.md,29,"Meduloblastoma — subgrupos moleculares | WNT, SHH (via Sonic hedgehog), grupo 3 (MYC), grupo 4 | p.7 | CONFIRMADO",
capsules/EISCA/tumores_do_sistema_nervoso_central_na_infancia.md,30,"Meduloblastoma — risco padrão | >3 anos + cirurgia com tumor residual ≤1,5 cm + LCR com citologia oncótica negativa + ausência de metástases | p.8 | CONFIRMADO",
capsules/EISCA/tumores_do_sistema_nervoso_central_na_infancia.md,31,"Meduloblastoma — alto risco | ≤3 anos OU massa residual >1,5 cm OU presença de metástases OU histologia anaplásica/grandes células | p.8 | CONFIRMADO",
capsules/EISCA/tumores_do_sistema_nervoso_central_na_infancia.md,32,"Meduloblastoma — metástase ao diagnóstico | 35% das crianças (10% dos adultos); raras a distância (medula óssea, ossos, pulmão, fígado) | p.8 | CONFIRMADO",
capsules/EISCA/tumores_do_sistema_nervoso_central_na_infancia.md,33,Meduloblastoma — sobrevida em 5 anos | risco padrão 81%; alto risco 65%; lactentes 70% (protocolo Head Start) | p.8 | CONFIRMADO,
capsules/EISCA/tumores_do_sistema_nervoso_central_na_infancia.md,34,"Meduloblastoma — estadiamento | RM de coluna antes da cirurgia + LCR para citologia (coletado durante/após a cirurgia, nunca antes — risco de herniação) | p.8 | CONFIRMADO",
capsules/EISCA/tumores_do_sistema_nervoso_central_na_infancia.md,35,Ependimoma — faixa etária mais comum | <5 anos | p.8 | CONFIRMADO,
capsules/EISCA/tumores_do_sistema_nervoso_central_na_infancia.md,36,Ependimoma — distribuição anatômica | 2/3 dos casos em fossa posterior; 1/3 supratentorial | p.8 | CONFIRMADO,
capsules/EISCA/tumores_do_sistema_nervoso_central_na_infancia.md,37,Ependimoma — tratamento | ressecção cirúrgica + radioterapia; quimioterapia adjuvante SEM benefício de sobrevida comprovado (diferente da maioria dos tumores malignos de SNC) | p.8 | CONFIRMADO,
capsules/EISCA/tumores_do_sistema_nervoso_central_na_infancia.md,38,Craniofaringioma — origem e local | remanescente da bolsa de Rathke; região selar/suprasselar | p.9 | CONFIRMADO,
capsules/EISCA/tumores_do_sistema_nervoso_central_na_infancia.md,39,Craniofaringioma — calcificação | presente em ~70% dos casos (massa cística/sólida multilobulada) | p.9 | CONFIRMADO,
capsules/EISCA/tumores_do_sistema_nervoso_central_na_infancia.md,40,"Craniofaringioma — associação clínica | alteração hormonal (diabetes insípido, puberdade precoce, baixa estatura) | p.9 | CONFIRMADO",
capsules/EISCA/tumores_do_sistema_nervoso_central_na_infancia.md,41,Craniofaringioma — sobrevida | 80–100% | p.9 | CONFIRMADO,
capsules/EISCA/tumores_do_sistema_nervoso_central_na_infancia.md,42,Gliomas diencefálicos — tratamento de escolha | quimioterapia; ressecção cirúrgica NÃO é padrão (risco de dano visual pela localização hipotalâmica/quiasmática) | p.6 | CONFIRMADO,
capsules/EISCA/tumores_do_sistema_nervoso_central_na_infancia.md,43,"Punção liquórica — contraindicação | obrigatório afastar HIC antes da coleta (risco de herniação); coletar ~2 semanas após exérese quando indicada para estadiamento | p.6, p.8 | CONFIRMADO",
capsules/EISCA/tumores_do_sistema_nervoso_central_na_infancia.md,44,"Terapêutica inicial da HIC | derivação ventricular peritoneal (DVP) ou externa (DVE), como urgência, antes do tratamento oncológico definitivo | p.8 | CONFIRMADO",
capsules/EISM/abstinencia_alcoolica_delirium_tremens_wernicke.md,4,"Profilaxia de Wernicke em risco | tiamina 100 mg IV/IM/dia por 3–5 dias é o regime típico ASAM; via parenteral preferida em má nutrição/malabsorção/abstinência grave | ASAM 2020, Recomendação V.7 | CURRENT_VERIFIED",
capsules/EISM/abstinencia_alcoolica_delirium_tremens_wernicke.md,5,"Ordem glicose/tiamina | podem ser dadas em qualquer ordem ou concomitantemente; glicose não deve ser atrasada na hipoglicemia | ASAM 2020, Recomendação V.7 | CURRENT_VERIFIED",
capsules/EISM/abstinencia_alcoolica_delirium_tremens_wernicke.md,6,"Wernicke suspeita/estabelecida | dose alta é protocolo-dependente; não fundir com dose profilática | MS Linha de Cuidado, avaliação/conduta hospitalar | PROTOCOL_DEPENDENT",
capsules/EISM/abstinencia_alcoolica_delirium_tremens_wernicke.md,7,Início da SAA | poucas horas; slide especifica “a partir de 6h” | fontes curriculares | CURRICULAR_CHECKED; CURRENT_PENDING,
capsules/EISM/abstinencia_alcoolica_delirium_tremens_wernicke.md,8,Pico da SAA | 24–36h | 3 fontes NATIVA | CONFIRMADO,
capsules/EISM/abstinencia_alcoolica_delirium_tremens_wernicke.md,9,Duração (autolimitada) | 7–10 dias | 3 fontes NATIVA + visual p.4 | CONFIRMADO,
capsules/EISM/abstinencia_alcoolica_delirium_tremens_wernicke.md,10,"SAA leve-moderada | 90% dos dependentes; 10% grave, metade destes evolui para Delirium Tremens | Psiquiatria_DEPENDE_NCIA p.4 | CONFIRMADO",
capsules/EISM/abstinencia_alcoolica_delirium_tremens_wernicke.md,11,CIWA-Ar (10 itens) | Leve 0–9; Moderada 10–18; Grave >18 | fonte curricular única | QUARANTINED para conduta atual,
capsules/EISM/abstinencia_alcoolica_delirium_tremens_wernicke.md,12,"Delirium Tremens — janela de início | entre 72–96h (24–150h) após interrupção, em ~5% das SAA; visual descreve ""a partir do 3º dia"" | 3 fontes NATIVA; Transtornos_por_abuso p.3 | CONFIRMADO",
capsules/EISM/abstinencia_alcoolica_delirium_tremens_wernicke.md,13,Mortalidade do DT | 5–10% se tratado; até 25% se não tratado | 3 fontes NATIVA + visual p.3 | CONFIRMADO,
capsules/EISM/abstinencia_alcoolica_delirium_tremens_wernicke.md,14,Tríade de Wernicke | confusão mental + nistagmo + ataxia | Psiquiatria_DEPENDE_NCIA p.4; A_lcool_e_Outras_Drogas p.5 | CONFIRMADO,
capsules/EISM/abstinencia_alcoolica_delirium_tremens_wernicke.md,15,Tiamina — regra antiga pré-glicose | 100 vs 300 mg em fontes divergentes | fontes curriculares | HISTORICAL_ONLY; substituída pelo overlay ASAM,
capsules/EISM/abstinencia_alcoolica_delirium_tremens_wernicke.md,16,Tiamina — Wernicke suspeita | 100–250 mg vs 500 mg 3x/dia no acervo | fontes curriculares | QUARANTINED; seguir protocolo atual,
capsules/EISM/abstinencia_alcoolica_delirium_tremens_wernicke.md,17,Diazepam/lorazepam — esquemas do slide | doses/intervalos antigos | fontes curriculares | CURRENT_PENDING; excluídos da prescrição atual,
capsules/EISM/abstinencia_alcoolica_delirium_tremens_wernicke.md,18,"Redução gradual dos sedativos | idealmente em até 14 dias, para não gerar dependência de BZD | Psiquiatria_DEPENDE_NCIA p.5 | confirmar no slide (só 1 fonte cita o prazo)",
capsules/EISM/abstinencia_alcoolica_delirium_tremens_wernicke.md,19,Agitação na intoxicação alcoólica aguda | Haloperidol 5mg VO/IM; evitar BZD (mesmo receptor GABAérgico do álcool → efeito somatório deprime mais o SNC) | 3 fontes NATIVA; Mariah_Carvalho | CONFIRMADO,
capsules/EISM/ansioliticos_e_hipnoticos.md,4,"Buspirona — apresentação/posologia | cp 5 e 10mg, 3x/dia | FAMENE Ansiedade p.21 (imagem, A') | CONFIRMADO",
capsules/EISM/ansioliticos_e_hipnoticos.md,5,Buspirona — mecanismo | Agonista 5-HT1A | FAMENE (A') + B | CONFIRMADO,
capsules/EISM/ansioliticos_e_hipnoticos.md,6,Buspirona — latência de efeito ansiolítico | 1–2 semanas; não indicada para crise aguda | FAMENE (A') + 2 fontes B | CONFIRMADO,
capsules/EISM/ansioliticos_e_hipnoticos.md,7,Terapia aguda da ansiedade | Benzodiazepínicos e betabloqueadores | FAMENE (A') + B | CONFIRMADO,
capsules/EISM/ansioliticos_e_hipnoticos.md,8,Terapia crônica da ansiedade (1ª linha) | ISRS/IRSN; depois ligantes α2δ; depois buspirona; BZD só a curto prazo | FAMENE (A') + B | CONFIRMADO,
capsules/EISM/ansioliticos_e_hipnoticos.md,9,"Tempo máximo de uso de BZD associado a antidepressivo | ~1 mês, com desmame gradual | Karen p.2 | CONFIRMADO (1 fonte B; A' não quantifica)",
capsules/EISM/ansioliticos_e_hipnoticos.md,10,"Desmame de BZD — ritmo | Reduzir ~25% por semana, ou mais lento | Jéssyca p.1 | CONFIRMADO (1 fonte B)",
capsules/EISM/ansioliticos_e_hipnoticos.md,11,Dependência física por BZD — tempo de instalação | A partir de ~2 meses de uso contínuo | Jéssyca p.1 | CONFIRMADO (1 fonte B),
capsules/EISM/ansioliticos_e_hipnoticos.md,12,Antagonista dos benzodiazepínicos | Flumazenil | FAMENE + 2 fontes B | CONFIRMADO,
capsules/EISM/ansioliticos_e_hipnoticos.md,13,"BZD de meia-vida longa (flurazepam, quazepam) | Maior risco de queda e fratura em idosos | FAMENE (A') + B | CONFIRMADO",
capsules/EISM/ansioliticos_e_hipnoticos.md,14,"Ligantes α2δ (gabapentina, pregabalina) | Não são 1ª linha; indicados em epilepsia, dor neuropática, fibromialgia e ansiedade (TAG, social, pânico) | FAMENE (A') + B | CONFIRMADO",
capsules/EISM/ansioliticos_e_hipnoticos.md,15,Receita de benzodiazepínico | Notificação de receita azul (antidepressivo = branca; opioide = amarela) | Karen p.5 | CONFIRMADO (1 fonte B),
capsules/EISM/antidepressivos.md,4,Latência de resposta | Efeitos iniciais em 2–3 sem (instrução ao paciente); resposta terapêutica plena em 3–4 sem | FAMENE Depressão p.~10 (A'); 4 apostilas B | CONFIRMADO,
capsules/EISM/antidepressivos.md,5,"Fluoxetina — dose | 20–80mg, dose única | 3 fontes B convergentes | CONFIRMADO",
capsules/EISM/antidepressivos.md,6,Sertralina — dose | 50–200mg (até 300mg em TOC) | 3 fontes B | CONFIRMADO,
capsules/EISM/antidepressivos.md,7,Paroxetina — dose | 20–60mg | 3 fontes B | CONFIRMADO,
capsules/EISM/antidepressivos.md,8,Fluvoxamina — dose | 50–300mg (1 fonte diverge: 50–200mg) | Karen (50–200) x Bianca/Letícia (50–300) | CONFIRMADO_COM_CORREÇÕES — prevalece 50–300mg (maioria); slide do prof. não dá número,
capsules/EISM/antidepressivos.md,9,Citalopram / Escitalopram — dose | 20–40mg / 10–20mg | 3 fontes B | CONFIRMADO,
capsules/EISM/antidepressivos.md,10,ADT — dose terapêutica mínima | 75mg (nortriptilina: 50mg); titulação 25→50→75mg em 3 semanas | 3 fontes B convergentes | CONFIRMADO,
capsules/EISM/antidepressivos.md,11,Venlafaxina — dose | 75–225/300mg | Depressa_o_e_antidepressivos_I_unidade p.7 | CONFIRMADO (1 fonte B; A' não detalha),
capsules/EISM/antidepressivos.md,12,Duloxetina — dose | 60–120mg | idem | CONFIRMADO (1 fonte B),
capsules/EISM/antidepressivos.md,13,Bupropiona — dose | 150–300mg | idem + FAMENE (A') | CONFIRMADO,
capsules/EISM/antidepressivos.md,14,Washout IMAO ↔ outro AD | Regra geral: ~2 semanas em ambas as direções; 5 semanas ao trocar de fluoxetina para IMAO (meia-vida longa) | — | conhecimento geral (não está no Source Pack),
capsules/EISM/antipsicoticos_sep_e_snm.md,4,"Distonia aguda — tempo / tratamento | Horas ou 1–5 dias; biperideno 5mg/1mL IM ou EV | Esquizofrenia_e_antipsic_ticos p.33 (imagem, A); FAMENE Psicoses (A') | CONFIRMADO (dose exata só na imagem)",
capsules/EISM/antipsicoticos_sep_e_snm.md,5,"Acatisia — tempo / tratamento | 5–60 dias; ↓dose ou trocar fármaco; clonazepam/propranolol MAIS eficazes que biperideno | Esquizofrenia_e_antipsic_ticos p.35 (imagem, A); FAMENE Psicoses (A') | CONFIRMADO",
capsules/EISM/antipsicoticos_sep_e_snm.md,6,"Parkinsonismo farmacológico — tempo / tratamento | 5–30 dias; SEP mais frequente; idoso maior risco; biperideno VO/IM/EV | Esquizofrenia_e_antipsic_ticos p.34 (imagem, A); FAMENE Psicoses (A') | CONFIRMADO",
capsules/EISM/antipsicoticos_sep_e_snm.md,7,"Síndrome neuroléptica maligna — tempo / tratamento | Semanas a meses; interromper antipsicótico + dantroleno + suporte intensivo | FAMENE Psicoses (A', texto nativo) | CONFIRMADO",
capsules/EISM/antipsicoticos_sep_e_snm.md,8,Discinesia tardia — tempo / risco idoso | Meses a anos; idoso risco 5x maior; irreversível se diagnóstico tardio | FAMENE Psicoses (A') | CONFIRMADO,
capsules/EISM/antipsicoticos_sep_e_snm.md,9,"Haloperidol — apresentações | cp/sol oral/inj 1, 5 e 10mg | FAMENE Psicoses (A', texto nativo) | CONFIRMADO",
capsules/EISM/antipsicoticos_sep_e_snm.md,10,"Clozapina — ANC, rótulo FDA 2025 | ANC basal; semanal 0–6 meses, a cada 2 semanas 6–12 meses, mensal após 12 meses se ANC normal | FDA label 2025, Table 2 | CURRENT_VERIFIED_US",
capsules/EISM/antipsicoticos_sep_e_snm.md,11,"Clozapina — limiares FDA | normal ≥1500/µL; leve 1000–1499: continuar e monitorar; moderada 500–999: interromper/hematologia; grave <500: interromper | FDA label 2025, Table 2 | CURRENT_VERIFIED_US",
capsules/EISM/antipsicoticos_sep_e_snm.md,12,Clozapina REMS nos EUA | FDA removeu o REMS em 13/06/2025; o risco e a monitorização do rótulo permanecem | FDA notice 2025 | CURRENT_VERIFIED_US,
capsules/EISM/antipsicoticos_sep_e_snm.md,13,Clozapina no Brasil | periodicidade e interrupção devem seguir bula Anvisa vigente/protocolo local; não importar REMS dos EUA | jurisdição ainda sem bula oficial 2026 resolvida | CURRENT_PENDING,
capsules/EISM/antipsicoticos_sep_e_snm.md,14,“Associar fenitoína ou valproato se convulsão” | consta no material | fonte curricular | QUARANTINED — interação/conduta exige avaliação individual,
capsules/EISM/antipsicoticos_sep_e_snm.md,15,Risperidona — dose de menor risco de SEP | <6mg/dia | FAMENE Psicoses (A') + B | CONFIRMADO,
capsules/EISM/antipsicoticos_sep_e_snm.md,16,"Quetiapina — dose por indicação | Hipnótico 25–50mg; antidepressivo <300mg XR; antipsicótico >300mg (até 800mg/dia) | FAMENE Psicoses (A') + FAMENE Insônia/Ansiedade p.42 (imagem, A') | CONFIRMADO (2 decks do mesmo professor convergem)",
capsules/EISM/antipsicoticos_sep_e_snm.md,17,"Benefício antipsicótico observado após | 1–2h da administração (psicose aguda) | FAMENE Psicoses (A', texto nativo) | CONFIRMADO",
capsules/EISM/delirium.md,4,CID-10 | F05 = delirium não induzido por álcool/substâncias; F00 = demência no Alzheimer | Transtornos_Org_nicos p.1; Psiquiatria_TRANSTORNOS... p.1 | CONFIRMADO,
capsules/EISM/delirium.md,5,"Critérios CAM | 1) início agudo/curso flutuante + 2) distúrbio da atenção + (3) pensamento desorganizado OU 4) alteração do nível de consciência) — regra ""1 + 2 + (3 ou 4)"" | Del_rium_e_dem_ncia_docx p.1 | CONFIRMADO (única fonte que traz o CAM explicitamente)",
capsules/EISM/delirium.md,6,"Início | agudo, de horas a poucos dias (3 de 4 fontes); 1 fonte registra ""dias a semanas"" | 4 fontes NATIVA | CONFIRMADO_COM_CORREÇÕES — usar ""horas a poucos dias"" como valor consensual",
capsules/EISM/delirium.md,7,Prognóstico | 50% melhoram com tratamento da causa; 25% mortalidade; 25% evoluem com sinais precoces de demência | Psiquiatria_TRANSTORNOS p.2; Mariah_Carvalho; Del_rium_e_dem_ncia_docx p.1 | CONFIRMADO,
capsules/EISM/delirium.md,8,"Fármaco de escolha p/ agitação no delirium | Haloperidol em baixa dose (baixa interação medicamentosa, considerado seguro) | 4 fontes NATIVA | CONFIRMADO",
capsules/EISM/delirium.md,9,"Fármaco contraindicado | Benzodiazepínico — piora déficit cognitivo/potencializa depressão do SNC, EXCETO se a causa do delirium for abstinência alcoólica | Transtornos_Org_nicos p.3; Del_rium_e_dem_ncia_docx p.2 | CONFIRMADO",
capsules/EISM/delirium.md,10,Prometazina/Fenergan em idoso | evitar — risco de arritmia por alteração da condução cardíaca; reservar para necessidade de grande sedação | Transtornos_Org_nicos p.3 | CONFIRMADO,
capsules/EISM/delirium.md,11,"Gatilho iatrogênico citado | Fluoxetina em idoso pode causar delirium por hiponatremia (nota ""atenção residência"" no material) | Transtornos_Org_nicos p.2 | CONFIRMADO",
capsules/EISM/depressao.md,4,Critério obrigatório DSM | Humor deprimido e/ou anedonia — pelo menos 1 dos 2 | Mariah_Carvalho p.~9; Depressa_o_e_antidepressivos_I_unidade p.1 | CONFIRMADO (2 fontes),
capsules/EISM/depressao.md,5,Nº de critérios exigidos | ≥5 de 9 critérios | idem | CONFIRMADO,
capsules/EISM/depressao.md,6,Tempo mínimo dos sintomas | 2 semanas (14 dias) | idem | CONFIRMADO,
capsules/EISM/depressao.md,7,"Episódio maníaco (diferencial) — tempo/critérios | 1 semana; ≥3 critérios (≥4 se humor só irritável) | Mariah_Carvalho p.~9 | CONFIRMADO — conhecimento geral, não é foco deste tema",
capsules/EISM/depressao.md,8,Depressão pós-parto — início / prevalência / risco se TDM prévio | até 4 sem. pós-parto / 10–15% das mães / 25–50% de risco | Depressa_o__b18d58c2a5 p.6; DEPRESSA_O_1 p.6 | CONFIRMADO (2–3 fontes),Depressa_o__b18d58c2a5
capsules/EISM/depressao.md,9,"Blues puerperal — janela | 7–10 primeiros dias, transitório e benigno | DEPRESSA_O_1 p.6 | CONFIRMADO",
capsules/EISM/depressao.md,10,Psicose puerperal — associação | >90% relacionada a Transtorno Bipolar | DEPRESSA_O_1 p.6 | CONFIRMADO,
capsules/EISM/depressao.md,11,Ideação suicida na depressão | 60% têm ideação; 10–15% cometem suicídio | Depressa_o__b18d58c2a5 p.5; DEPRESSA_O_1 p.5 | CONFIRMADO,Depressa_o__b18d58c2a5
capsules/EISM/depressao.md,12,Início de efeito do antidepressivo | 2–3 semanas | 4 fontes de farmacoterapia | CONFIRMADO,
capsules/EISM/depressao.md,13,Duração mínima do tratamento | ≥1 ano | Depressa_o__b18d58c2a5 p.8 | CONFIRMADO,Depressa_o__b18d58c2a5
capsules/EISM/depressao.md,14,ADT — dose vira terapêutica | a partir de 75 mg (nortriptilina: 50 mg) | DEPRESSA_O_1 p.4 | CONFIRMADO (3 fontes),
capsules/EISM/eletroconvulsoterapia_ect.md,4,Indicações centrais | Falha de resposta à farmacoterapia; intolerância aos medicamentos; casos graves com necessidade de melhora rápida; 1ª escolha em idosos e gestantes deprimidos | Depressa_o_e_antidepressivos_I_unidade p.8 (B) | CONFIRMADO,
capsules/EISM/eletroconvulsoterapia_ect.md,5,Papel na depressão grave | Padrão-ouro no tratamento da depressão grave | idem | CONFIRMADO,
capsules/EISM/eletroconvulsoterapia_ect.md,6,Esquizofrenia catatônica — resposta | Responde muito bem à medicação e à ECT | Mariah_Carvalho (B) | CONFIRMADO,
capsules/EISM/eletroconvulsoterapia_ect.md,7,Psicose puerperal — indicação | Exige tratamento medicamentoso ou ECT (>90% dos casos ligada a transtorno bipolar) | Mariah_Carvalho (B) | CONFIRMADO,
capsules/EISM/eletroconvulsoterapia_ect.md,8,"Parâmetros técnicos (nº de sessões, protocolo) | — | — | Sem dado no Source Pack — não incluído para não inventar",
capsules/EISM/emergencias_psiquiatricas_e_agitacao_psicomotora.md,4,"Haloperidol | VO comp. 1mg e 5mg; ampola IM 5mg/1mL; decanoato 70,52mg evitar na urgência | 4_Emergências p.29 | CONFIRMADO",
capsules/EISM/emergencias_psiquiatricas_e_agitacao_psicomotora.md,5,Prometazina | VO comp. 25mg; ampola IM 50mg/2mL; junto ou separado do haloperidol | 4_Emergências p.33 | CONFIRMADO,
capsules/EISM/emergencias_psiquiatricas_e_agitacao_psicomotora.md,6,"Midazolam | VO comp. 7,5 e 15mg; ampola IM 15mg/3mL; ampola EV p/ sedação anestésica | 4_Emergências p.34 | CONFIRMADO",
capsules/EISM/emergencias_psiquiatricas_e_agitacao_psicomotora.md,7,"Diazepam | VO comp. 5 e 10mg; ampola EV 10mg/1mL, deve ser feito EV puro (sem diluir) | 4_Emergências p.35 | CONFIRMADO",
capsules/EISM/emergencias_psiquiatricas_e_agitacao_psicomotora.md,8,"Clorpromazina | VO comp. 25 e 100mg; ampola IM 25mg/5mL, IM obrigatório em glúteo; evitar — condução cardíaca e limiar convulsivo | 4_Emergências p.36; Diretriz p.4 | CONFIRMADO",
capsules/EISM/emergencias_psiquiatricas_e_agitacao_psicomotora.md,9,Via oral | tempo médio de resposta ≈ 1h | 4_Emergências p.30/37; texto Emergências psiquiátricas | CONFIRMADO,
capsules/EISM/emergencias_psiquiatricas_e_agitacao_psicomotora.md,10,Via IM | necessidade de resposta em <30 min | texto Emergências psiquiátricas | CONFIRMADO,
capsules/EISM/emergencias_psiquiatricas_e_agitacao_psicomotora.md,11,"Contenção mecânica | mais comum 4 pontos (membros), 5º ponto peitoral se necessário; equipe de 5 pessoas; retirada assim que possível (<2h) | 4_Emergências p.38/40 | CONFIRMADO",
capsules/EISM/esquizofrenia_e_transtornos_psicoticos.md,4,"DSM-5 critério A | ≥2 de 5 sintomas (delírio, alucinação, discurso desorganizado, comportamento desorganizado/catatônico, sintomas negativos); ≥1 deve ser delírio, alucinação ou discurso desorganizado | Psiquiatria_ESQUIZOFRENIA_pdf p.~7 | CONFIRMADO — fonte única, texto integral do critério",
capsules/EISM/esquizofrenia_e_transtornos_psicoticos.md,5,"DSM-5 duração | Sinais contínuos ≥6 meses, incluindo ≥1 mês de sintomas do Critério A (menos se tratado) | Psiquiatria_ESQUIZOFRENIA_pdf p.~7; Esquizofrenia_II_unidade p.7 | CONFIRMADO (2 fontes; CID-11 dispensa os 6 meses)",
capsules/EISM/esquizofrenia_e_transtornos_psicoticos.md,6,"Prevalência atual | 0,3–0,5% (fontes mais antigas citam 1%, hoje superestimado) | Esquizofrenia_II_unidade p.1 | CONFIRMADO_COM_CORREÇÕES — 3/5 fontes ainda usam 1%",
capsules/EISM/esquizofrenia_e_transtornos_psicoticos.md,7,Incidência | ~15 casos novos / 10.000 hab./ano | Esquizofrenia_II_unidade p.1; Esquizofrenia_pdf p.1 | CONFIRMADO (2 fontes),
capsules/EISM/esquizofrenia_e_transtornos_psicoticos.md,8,Risco herança — 1 pai / 2 pais afetados | 7–8% / ~40% | Esquizofrenia_II_unidade p.3 | CONFIRMADO,
capsules/EISM/esquizofrenia_e_transtornos_psicoticos.md,9,Risco herança — gêmeo MZ / DZ | 40–50% / 10–15% | Esquizofrenia__5d54b28c4d p.2; Esquizofrenia_II_unidade p.3 | CONFIRMADO (2 fontes),Esquizofrenia__5d54b28c4d
capsules/EISM/esquizofrenia_e_transtornos_psicoticos.md,10,Herdabilidade geral | ~80% | mesmas 2 fontes | CONFIRMADO,
capsules/EISM/esquizofrenia_e_transtornos_psicoticos.md,11,Idade de início — homens / mulheres | 10–25 anos / 25–35 anos | Esquizofrenia__5d54b28c4d p.1 | CONFIRMADO,Esquizofrenia__5d54b28c4d
capsules/EISM/esquizofrenia_e_transtornos_psicoticos.md,12,Clozapina — indicação | falha de ≥2 antipsicóticos consta em uma fonte B | Esquizofrenia_II_unidade p.9 | CURRENT_PENDING — não promover sem diretriz atual aplicável,
capsules/EISM/farmacoterapia_da_insonia.md,4,"Doxepina — meia-vida / dose hipnótica / dose antidepressiva | 6–8h / 1–6mg (manipulado) / 150–300mg | FAMENE Insônia p.39 (imagem, A') + Karen (B) | CONFIRMADO",
capsules/EISM/farmacoterapia_da_insonia.md,5,"Trazodona — meia-vida / dose hipnótica / dose antidepressiva | 6–8h / 25–50mg / 150–600mg; risco de hipotensão ortostática | FAMENE p.39 (imagem, A') + Karen (B) | CONFIRMADO",
capsules/EISM/farmacoterapia_da_insonia.md,6,"Mirtazapina — dose hipnótica / dose antidepressiva | 7,5–15mg / 30–45mg; risco de ganho de peso | FAMENE p.39 (imagem, A') + Karen (B) | CONFIRMADO",
capsules/EISM/farmacoterapia_da_insonia.md,7,Melatonina / Ramelteon — meia-vida | 1–3h; agem em receptores MT1/MT2; ramelteon com evidência mais consistente que melatonina | FAMENE (A') + Karen (B) | CONFIRMADO,
capsules/EISM/farmacoterapia_da_insonia.md,8,Compostos Z — meia-vida curta × longa | Zolpidem/Patz SL: 2–4h (para iniciar o sono). Zolpidem CR/Zopiclona/Eszopiclona: 6–8h (para manter o sono) | FAMENE (A') + Karen (B) | CONFIRMADO,
capsules/EISM/farmacoterapia_da_insonia.md,9,"Quetiapina — dose por indicação | Hipnótico 25–50mg/dia; antidepressivo 300mg/dia; antipsicótico 300–800mg/dia; desaconselhada como hipnótico pelos efeitos indesejáveis | FAMENE p.42 (imagem, A') + Karen (B) | CONFIRMADO",
capsules/EISM/farmacoterapia_da_insonia.md,10,"Antagonistas H1 (difenidramina, dimenidrinato, prometazina) — meia-vida | 6–8h; efeitos anticolinérgicos importantes | FAMENE (A') + Karen (B) | CONFIRMADO",
capsules/EISM/psicopatologia.md,4,"Tripartição do pensamento | curso, forma e conteúdo | Introduc_a_o_a_psquiatria p.3 | CONFIRMADO",
capsules/EISM/psicopatologia.md,5,"Alterações do curso do pensamento | aceleração (taquipsiquismo), lentificação (bradipsiquismo), aumento da latência, bloqueio, roubo do pensamento | Introduc_a_o_a_psquiatria p.3 | CONFIRMADO",
capsules/EISM/psicopatologia.md,6,"Alterações da forma do pensamento (desagregação, prolixidade, tangencialidade, circunstancialidade, fuga de ideias) | não detalhado nesta fonte | — | conhecimento geral — confirmar no slide do professor se este surgir no futuro",
capsules/EISM/psicopatologia.md,7,"Alterações do conteúdo do pensamento (delírio, ideia obsessiva, ideia sobrevalorada, fobia) | não detalhado nesta fonte | — | conhecimento geral — confirmar no slide do professor",
capsules/EISM/psicopatologia.md,8,Memória — subtipos por tempo | imediata / recente (minutos a ~1h) / remota (meses a anos) | Introduc_a_o_a_psquiatria p.1-2 | CONFIRMADO,
capsules/EISM/psicopatologia.md,9,"Humor × Afeto | humor = tônus de fundo; afeto = qualidade emocional ligada a uma ideia/representação, observada por expressão facial, tom de voz e movimento corporal | Introduc_a_o_a_psquiatria p.2 | CONFIRMADO",
capsules/EISM/psiquiatria_infancia_e_adolescencia.md,4,Classe medicamentosa usada na ansiedade de separação | Antidepressivos | DEVOLUTIVA_I p.1 | CONFIRMADO — fonte não especifica qual classe/dose,
capsules/EISM/psiquiatria_infancia_e_adolescencia.md,5,"Sistema diagnóstico usado para TEA (segundo esta fonte/prova) | DSM-5 (CID-10 não diagnostica TEA) | DEVOLUTIVA_I p.4 | CONFIRMADO — atenção: tratar como válido para o contexto desta prova/fonte específica, não necessariamente como regra internacional atual (classificações evoluem)",
capsules/EISM/psiquiatria_infancia_e_adolescencia.md,6,"Critério de Tourette citado | Tique motor E tique vocal (os dois, não um ou outro) | DEVOLUTIVA_I p.4 | CONFIRMADO",
capsules/EISM/psiquiatria_infancia_e_adolescencia.md,7,"Graus de retardo mental (classificação) | fonte cita ""moderado"" em um caso, mas não lista os cortes de QI de cada grau | DEVOLUTIVA_I p.2 | confirmar no slide — cortes de QI não estão na fonte; se usados, rotular como conhecimento geral",
capsules/EISM/risco_de_suicidio.md,4,"Classificação de risco | Baixo: ideias fugazes, sem planejamento, sem tentativas anteriores / Médio: ideias mais persistentes, sem planejamento, histórico de tentativas ou autoagressão / Alto: ideias persistentes e rígidas, plano/ameaça/tentativa, impulsividade e/ou abuso de substância | 4_Emergências p.49 | CONFIRMADO",
capsules/EISM/risco_de_suicidio.md,5,"Conduta por risco | Baixo: acolhimento + vínculo + identificação de TM / Médio: acolhimento + reforçar fatores de proteção + atendimento do TM / Alto: não fica sozinho, cuidado com os meios, permanece em leito | 4_Emergências p.49 | CONFIRMADO",
capsules/EISM/risco_de_suicidio.md,6,"Notificação compulsória | tentativa de suicídio é notificação imediata, em até 24h no âmbito municipal (Portaria MS/GM nº 1.271/2014); violência autoprovocada consta na lista de notificação compulsória desde a Portaria MS/GM nº 104/2011 | 4_Emergências p.43 | CONFIRMADO",
capsules/EISM/risco_de_suicidio.md,7,Principal fator de risco modificável | presença de transtorno mental (9 em cada 10 pessoas que morrem por suicídio tinham transtorno mental diagnosticável) | 4_Emergências p.46 | CONFIRMADO,
capsules/EISM/risco_de_suicidio.md,8,% que nunca procurou saúde mental | 50–60% das pessoas que se suicidaram nunca consultaram profissional de saúde mental | Emergências psiquiátricas (texto); Mariah_Carvalho | CONFIRMADO,
capsules/EISM/risco_de_suicidio.md,9,Diferença por sexo | tentativa mais comum em mulheres; suicídio completo mais comum em homens | 4_Emergências p.45 | CONFIRMADO,
capsules/EISM/risco_de_suicidio.md,10,Comorbidade que mais potencializa risco | depressão + alcoolismo | Mariah_Carvalho; 4_Emergências p.47 | CONFIRMADO,
capsules/EISM/sexualidade_humana_e_disfuncoes_sexuais.md,4,"Prevalência do desejo sexual hipoativo | ~20% da população, principalmente mulheres | SM_Psiquiatria_SEXUALIDADE_HUMANA p.2 | CONFIRMADO",
capsules/EISM/sexualidade_humana_e_disfuncoes_sexuais.md,5,Bupropiona — dose no desejo sexual hipoativo/antídoto do ISRS | 150-300mg/dia (1ª opção) | idem p.2 | CONFIRMADO,
capsules/EISM/sexualidade_humana_e_disfuncoes_sexuais.md,6,Buspirona — dose | 30-60mg/dia | idem p.2 | CONFIRMADO,
capsules/EISM/sexualidade_humana_e_disfuncoes_sexuais.md,7,Mirtazapina — dose | 15-45mg/dia | idem p.2 | CONFIRMADO,
capsules/EISM/sexualidade_humana_e_disfuncoes_sexuais.md,8,Trazodona — dose | 200-400mg/dia | idem p.2 | CONFIRMADO,
capsules/EISM/sexualidade_humana_e_disfuncoes_sexuais.md,9,Molestamento sexual até os 18 anos (prevalência citada) | 10-20% das crianças | idem p.4 | CONFIRMADO,
capsules/EISM/sexualidade_humana_e_disfuncoes_sexuais.md,10,Masturbação compulsiva — proporção por sexo | homens = 80% dos casos | idem p.5 | CONFIRMADO,
capsules/EISM/tdah.md,4,"Prevalência em crianças/adolescentes | 5,29% | Transtorno_Deficit_de_Atenc_a_o p.1; Mariah_Carvalho p.84 | CONFIRMADO (2 fontes)",
capsules/EISM/tdah.md,5,"Prevalência em adultos | 2,5% | mesmas 2 fontes | CONFIRMADO (2 fontes)",
capsules/EISM/tdah.md,6,Persistência até a vida adulta (diagnóstico pleno / remissão parcial incluída) | 15% / 40-60% | Transtorno_Deficit_de_Atenc_a_o p.1 | CONFIRMADO,
capsules/EISM/tdah.md,7,Herdabilidade | 76% das características | Transtorno_Deficit_de_Atenc_a_o p.1; Mariah_Carvalho p.84 | CONFIRMADO (2 fontes),
capsules/EISM/tdah.md,8,"Idade a partir da qual se diagnostica (nesta fonte) | 7 anos | Mariah_Carvalho p.84 | CONFIRMADO — presente só nesta fonte; distinto do critério retrospectivo do DSM-5 (""sintomas antes dos 12 anos"", conhecimento geral) — não confundir os dois números",
capsules/EISM/tdah.md,9,Comorbidade com TOD/Transtorno de Conduta | 50% das crianças com TDAH | Transtorno_Deficit_de_Atenc_a_o p.1; Mariah_Carvalho p.85 | CONFIRMADO (2 fontes),
capsules/EISM/tdah.md,10,Comorbidade ansiedade / depressão | 30% ansiedade; 10-20% depressão | mesmas 2 fontes | CONFIRMADO,
capsules/EISM/tdah.md,11,Psicoestimulantes disponíveis no Brasil | Metilfenidato e Lisdexanfetamina | mesmas 2 fontes | CONFIRMADO,
capsules/EISM/tdah.md,12,Duração de efeito — Ritalina (metilfenidato liberação imediata) | pico 1-3h; duração ~4h | Mariah_Carvalho p.86 | CONFIRMADO — presente só na fonte compilada,
capsules/EISM/tdah.md,13,Duração de efeito — Concerta (metilfenidato OROS) | liberação imediata + 9h por controle osmótico; efeito total ~12h | Mariah_Carvalho p.87 | CONFIRMADO,
capsules/EISM/tdah.md,14,Duração de efeito — Lisdexanfetamina | absorção ~1h; efeito prolongado até 13h | Mariah_Carvalho p.87 | CONFIRMADO,
capsules/EISM/tdah.md,15,Dose (mg/kg ou mg/dia) de metilfenidato/lisdexanfetamina | não encontrada em nenhuma fonte lida | — | confirmar no slide do professor — pendência nomeada,
capsules/EISM/tept_e_tea.md,4,Linha do tempo | Reação aguda: ≤3 dias. Estresse agudo: 4 dias–4 semanas. TEPT: >4 semanas | Mariah_Carvalho p.~24 | CONFIRMADO — fonte única,
capsules/EISM/tept_e_tea.md,5,Prevalência TEPT | ~8% geral (5–15% subclínico); 10–12% mulheres; 5–6% homens | Mariah_Carvalho p.~24 | CONFIRMADO — fonte única,
capsules/EISM/tept_e_tea.md,6,Classificação por duração | Agudo <3 meses; Crônico >3 meses; Tardio: início ≥6 meses após o estressor | Mariah_Carvalho p.~25 | CONFIRMADO — fonte única,
capsules/EISM/tept_e_tea.md,7,Prognóstico sem tratamento | 30% recuperação completa; 40% leve; 20% moderado; 10% sem melhora/piora | Mariah_Carvalho p.~25 | CONFIRMADO — fonte única,
capsules/EISM/tept_e_tea.md,8,Antidepressivo no TEPT — início / falha terapêutica | início 2–4 sem.; aguardar mín. 12 sem. antes de declarar falha | Mariah_Carvalho p.~26 | CONFIRMADO — fonte única,
capsules/EISM/tept_e_tea.md,9,Sertralina — respondedores tardios | 50% dos não respondedores em 12 sem. respondem até 24 sem. | Mariah_Carvalho p.~26 | CONFIRMADO — fonte única,
capsules/EISM/tept_e_tea.md,10,Reavaliação no estresse agudo | reavaliar na 3ª semana para ajuste de conduta | Mariah_Carvalho p.~27 | CONFIRMADO — fonte única,
capsules/EISM/toc.md,4,Clomipramina (ADT) — dose no TOC | 250 mg | ANOTAC_O_ES_TOC p.4; slide p.14 | CONFIRMADO — camada A (slide do professor),
capsules/EISM/toc.md,5,Fluvoxamina — dose no TOC | 300 mg | ANOTAC_O_ES_TOC p.4; slide p.14 | CONFIRMADO — camada A,
capsules/EISM/toc.md,6,Paroxetina — dose no TOC | 60 mg | ANOTAC_O_ES_TOC p.5; slide p.14 | CONFIRMADO — camada A,
capsules/EISM/toc.md,7,Sertralina — dose no TOC | 300 mg | ANOTAC_O_ES_TOC p.5; slide p.14 | CONFIRMADO — camada A,
capsules/EISM/toc.md,8,Fluoxetina — dose no TOC | 80 mg | ANOTAC_O_ES_TOC p.5; slide p.14 | CONFIRMADO — camada A,
capsules/EISM/toc.md,9,Citalopram — dose no TOC | 40 mg | ANOTAC_O_ES_TOC p.5; slide p.14 | CONFIRMADO — camada A,
capsules/EISM/toc.md,10,Escitalopram — dose no TOC | 20 mg | ANOTAC_O_ES_TOC p.5; slide p.14 | CONFIRMADO — camada A,
capsules/EISM/toc.md,11,IRSN recomendado no TOC | Venlafaxina (única) | ANOTAC_O_ES_TOC p.5; slide p.14 | CONFIRMADO — camada A,
capsules/EISM/toc.md,12,"Potencialização se dose máxima de ISRS/IRSN insuficiente | Adicionar risperidona ou aripiprazol | ANOTAC_O_ES_TOC p.5 | CONFIRMADO — camada B, não visto no slide",
capsules/EISM/toc.md,13,"DSM-5 — critério de tempo | Sintomas consomem >1h/dia, com sofrimento ou prejuízo funcional | Transtorno_Obsessivo_Compulsivo p.2 | confirmar no slide — fonte única (camada B), não localizado em close legível no slide",
capsules/EISM/toc.md,14,Associação genética tique × TOC | Quem tem tique: 50% chance de TOC; quem tem TOC: 30% chance de tique | Transtorno_Obsessivo_Compulsivo p.2 | confirmar no slide — fonte única (camada B),
capsules/EISM/transtorno_bipolar_e_estabilizadores_do_humor.md,4,"Litemia — fase aguda | 0,8–1,2 mEq/L | 4 fontes convergentes (A + 3 B) | CONFIRMADO",
capsules/EISM/transtorno_bipolar_e_estabilizadores_do_humor.md,5,"Litemia — fase de manutenção | A partir de 0,6 mEq/L | 4 fontes convergentes | CONFIRMADO",
capsules/EISM/transtorno_bipolar_e_estabilizadores_do_humor.md,6,"Litemia — risco de intoxicação | Acima de 1,2 mEq/L | Karen p.5 (B) | CONFIRMADO (1 fonte B; consistente com o teto da faixa aguda)",
capsules/EISM/transtorno_bipolar_e_estabilizadores_do_humor.md,7,Lítio — início de ação | Lento: 1–3 semanas | A (slide) + B | CONFIRMADO,
capsules/EISM/transtorno_bipolar_e_estabilizadores_do_humor.md,8,"ECTR no lítio — recomendado | função renal prejudicada + Li >4,0 mEq/L; ou rebaixamento de consciência, convulsão ou disritmia ameaçadora independentemente do nível | EXTRIP, Table 7 | CURRENT_VERIFIED",
capsules/EISM/transtorno_bipolar_e_estabilizadores_do_humor.md,9,"ECTR no lítio — sugerido | Li >5,0 mEq/L; confusão significativa; ou tempo estimado até Li <1,0 mEq/L >36 h | EXTRIP, Table 7 | CURRENT_VERIFIED",
capsules/EISM/transtorno_bipolar_e_estabilizadores_do_humor.md,10,"Parada e rebote | parar quando Li <1,0 mEq/L ou melhora clínica; se nível indisponível, mínimo 6 h; dosar serialmente por 12 h após parar | EXTRIP, Table 7 | CURRENT_VERIFIED",
capsules/EISM/transtorno_bipolar_e_estabilizadores_do_humor.md,11,"Cortes antigos de diálise | >6/>4/2,5–4 mEq/L | slide A 2021 | HISTORICAL_ONLY",
capsules/EISM/transtorno_bipolar_e_estabilizadores_do_humor.md,12,Lítio — proteção contra suicídio | ~80% menor | 4 fontes convergentes | CONFIRMADO,
capsules/EISM/transtorno_bipolar_e_estabilizadores_do_humor.md,13,Episódio maníaco — duração/critérios | ≥1 semana (ou menos se hospitalização); ≥3 critérios (≥4 se humor só irritável) de 7 | 4 fontes convergentes | CONFIRMADO,
capsules/EISM/transtorno_bipolar_e_estabilizadores_do_humor.md,14,Episódio hipomaníaco — duração | ≥4 dias | 4 fontes convergentes | CONFIRMADO,
capsules/EISM/transtorno_bipolar_e_estabilizadores_do_humor.md,15,Episódio depressivo (bipolar) — duração/critérios | ≥2 semanas; ≥5 de 9 critérios | 4 fontes convergentes | CONFIRMADO,
capsules/EISM/transtorno_bipolar_e_estabilizadores_do_humor.md,16,Ciclagem rápida | ≥4 episódios de humor patológico em 12 meses (intervalo de 2 meses entre eles) | A (slide) | CONFIRMADO,
capsules/EISM/transtorno_bipolar_e_estabilizadores_do_humor.md,17,"Prevalência tipo I / tipo II | 1% / 1,1% | A + Aline + Letícia (3 fontes) | CONFIRMADO_COM_CORREÇÕES — Karen diverge para 1,6% no tipo II (1 fonte B; prevalece 1,1%, maioria + camada A)",
capsules/EISM/transtorno_bipolar_e_estabilizadores_do_humor.md,18,Concordância gêmeos monozigóticos | 40–45% | 4 fontes convergentes | CONFIRMADO,
capsules/EISM/transtorno_bipolar_e_estabilizadores_do_humor.md,19,"Risco de suicídio — tentativa / consumado | 20–55% tentam / 10–15% morrem | A + Letícia (20–55%); Karen diverge para 25–56% | CONFIRMADO_COM_CORREÇÕES — divergência pequena, mesma ordem de grandeza",
capsules/EISM/transtorno_bipolar_e_estabilizadores_do_humor.md,20,"Lamotrigina — titulação | Aumento lento, ~25mg/dia a cada 2 semanas, até ~200mg/dia em 6–7 semanas | A (slide) + Karen (B) | CONFIRMADO",
capsules/EISM/transtornos_alimentares.md,4,"Prevalência anorexia nervosa | 0,5-1% | Transtornos_alimentares_III_unidade p.1; SM_Psiquiatria p.1; 9_Transtornos_alimentares p.1 | CONFIRMADO (3 fontes)",
capsules/EISM/transtornos_alimentares.md,5,Prevalência bulimia nervosa | 1-5% | mesmas 3 fontes | CONFIRMADO (3 fontes),
capsules/EISM/transtornos_alimentares.md,6,Mortalidade da anorexia (não recuperação) | ~20% | Transtornos_alimentares_III_unidade p.1; 9_Transtornos_alimentares p.1 | CONFIRMADO,
capsules/EISM/transtornos_alimentares.md,7,Critério de internação — peso | <70-75% do IMC padrão | Transtornos_alimentares_III_unidade p.4; SM_Psiquiatria p.3; slide p.16 (imagem) | CONFIRMADO — conferido na imagem do slide,
capsules/EISM/transtornos_alimentares.md,8,"Lista de indicações de internação (8 itens) | rápida perda de peso; peso <70-75% do IMC; hipocalemia por vômitos/laxantes/diuréticos; bradicardia grave ou arritmia; hemorragia digestiva alta grave; depressão grave e/ou ideação suicida; falha no tratamento ambulatorial; ambiente familiar comprometido | slide p.16 (imagem, ""Indicações de internação"") | CONFIRMADO — imagem do slide idêntica às 3 apostilas",
capsules/EISM/transtornos_alimentares.md,9,"Peso comparativo AN × BN | AN <85% do IMC; BN 90-110% do IMC | slide p.36 (imagem, tabela AN×BN); SM_Psiquiatria p.7 | CONFIRMADO — conferido na imagem do slide",
capsules/EISM/transtornos_alimentares.md,10,"Frequência mínima para diagnóstico de bulimia (DSM-5) | ≥1x/semana por 3 meses | 9_Transtornos_alimentares p.3 (DSM-5 citado) | CONFIRMADO_COM_CORREÇÕES — outra fonte (Transtornos_alimentares_III_unidade p.5) cita ""2x/semana"" (nomenclatura antiga, DSM-IV); o critério vigente (DSM-5) é 1x/semana — usar este",
capsules/EISM/transtornos_alimentares.md,11,Dose de fluoxetina para compulsão em bulimia | 60-80 mg/dia (maior que a dose antidepressiva usual) | SM_Psiquiatria p.6 (60mg/dia); 9_Transtornos_alimentares p.3 (60-80mg/dia) | CONFIRMADO_COM_CORREÇÕES — fontes divergem no teto; usar a faixa 60-80mg/dia,
capsules/EISM/transtornos_alimentares.md,12,Síndrome de realimentação — mecanismo | hipofosfatemia é o achado classicamente descrito (conhecimento geral) | anotação manuscrita do ALUNO no slide p.16 é ilegível/não confiável para extrair número | confirmar no slide — trecho manuscrito cursivo ilegível; NÃO é fala do professor,
capsules/EISM/transtornos_de_ansiedade.md,4,"TAG — tempo mínimo | ≥6 meses, na maioria dos dias | Transtorno_de_ansiedade_II_unidade p.1; slides p.5 | CONFIRMADO (fonte nativa + slide)",
capsules/EISM/transtornos_de_ansiedade.md,5,"TAG — nº de sintomas exigidos | ≥3 de 6 (inquietação, fadiga fácil, dificuldade de concentração, irritabilidade, tensão muscular, distúrbio do sono) | Transtorno_de_ansiedade_II_unidade p.1; Transtorno_de_ansiedade_docx p.1 | CONFIRMADO (2 fontes)",
capsules/EISM/transtornos_de_ansiedade.md,6,Crise de pânico — duração | até 40 minutos | Ansiedade p.2; Transtorno_de_ansiedade_docx p.1 | CONFIRMADO (2 fontes),
capsules/EISM/transtornos_de_ansiedade.md,7,Transtorno do pânico — critério temporal | ≥1 mês de medo de nova crise ou preocupação com as consequências | Transtorno_de_ansiedade_II_unidade p.3 | confirmar no slide — só 1 fonte nativa dá o número; não aparece em close legível no slide,
capsules/EISM/transtornos_de_ansiedade.md,8,Agorafobia — associação ao transtorno do pânico | ~75% dos casos de transtorno do pânico são acompanhados por agorafobia | Ansiedade p.2 | confirmar no slide — só 1 fonte dá o percentual,
capsules/EISM/transtornos_de_ansiedade.md,9,"BZD — tempo máximo de uso recomendado | 4–6 semanas (~1,5 mês) | Transtorno_de_ansiedade_II_unidade p.6; Ansiedade p.2; Transtorno_de_ansiedade_docx p.2 | CONFIRMADO (3 fontes convergem)",
capsules/EISM/transtornos_de_ansiedade.md,10,Escitalopram — dose mínima | 10 mg | Transtorno_de_ansiedade_II_unidade p.5 | CONFIRMADO,
capsules/EISM/transtornos_de_ansiedade.md,11,"Flumazenil (antagonista BZD) — dose | 0,4–2 mg | Transtorno_de_ansiedade_II_unidade p.6; Ansiedade p.4; Transtorno_de_ansiedade_docx p.3 | CONFIRMADO (3 fontes)",
capsules/EISM/transtornos_de_ansiedade.md,12,"Prevalência TAG | 4% pontual / 29% ao longo da vida | Transtorno_de_ansiedade_II_unidade p.1 | confirmar no slide — número de prevalência ao longo da vida (29%) parece alto; só 1 fonte, sem confirmação visual",
capsules/EISM/transtornos_de_personalidade.md,4,"Nº de áreas exigidas nos critérios gerais DSM | ≥2 de 4 (cognição, afetividade, funcionamento interpessoal, controle de impulsos) | TP__e87eacc7da p.3 | CONFIRMADO",TP__e87eacc7da
capsules/EISM/transtornos_de_personalidade.md,5,Idade mínima para diagnóstico formal | 18 anos (CID-10) | Transtorno_de_personalidade_docx p.1 | CONFIRMADO,
capsules/EISM/transtornos_de_personalidade.md,6,Prevalência geral de TP em adultos | 9-15% | TP__e87eacc7da p.1 | CONFIRMADO,TP__e87eacc7da
capsules/EISM/transtornos_de_personalidade.md,7,TP entre encarcerados | ~2/3 | TP__e87eacc7da p.1 | CONFIRMADO,TP__e87eacc7da
capsules/EISM/transtornos_de_personalidade.md,8,TP entre suicídios consumados | 30-40% | TP__e87eacc7da p.1 | CONFIRMADO,TP__e87eacc7da
capsules/EISM/transtornos_de_personalidade.md,9,Herdabilidade de traços/TP | variância de 30-60% | TP__e87eacc7da p.1 | CONFIRMADO,TP__e87eacc7da
capsules/EISM/transtornos_de_personalidade.md,10,1ª linha de tratamento | Psicoterapia (TCD é a mais eficaz no borderline) | TP__e87eacc7da p.4 | CONFIRMADO,TP__e87eacc7da
capsules/EISM/transtornos_de_personalidade.md,11,"Classe a evitar de rotina em TP | Benzodiazepínicos (potencial abusivo, desinibição paradoxal) — reservado a crise com ansiedade elevada, preferindo BZD de meia-vida longa | TP__e87eacc7da p.4 | CONFIRMADO",TP__e87eacc7da
capsules/EISM/transtornos_dissociativos.md,4,Forma mais comum de amnésia dissociativa | Localizada | Mariah_Carvalho p.66 | CONFIRMADO,
capsules/EISM/transtornos_dissociativos.md,5,Duração típica da fuga dissociativa | Horas a dias (raramente meses) | Mariah_Carvalho p.67 | CONFIRMADO,
capsules/EISM/transtornos_dissociativos.md,6,"Predomínio de sexo no TDI | Mulheres, proporção 5-9:1 | Mariah_Carvalho p.68 | CONFIRMADO",
capsules/EISM/transtornos_dissociativos.md,7,Idade média de diagnóstico do TDI | 30 anos (sintomas podem preceder o diagnóstico em 5-10 anos) | Mariah_Carvalho p.68 | CONFIRMADO,
capsules/EISM/transtornos_dissociativos.md,8,Nº de personalidades mais comum no TDI | 2 a 3 na maioria dos casos | Mariah_Carvalho p.68 | CONFIRMADO,
capsules/EISM/transtornos_dissociativos.md,9,Critério de transe/possessão (nº de achados exigidos) | ≥2 de 3 (perda do senso de identidade pessoal; estreitamento da atenção; limitação de movimentos/postura/fala) | Mariah_Carvalho p.67 | CONFIRMADO,
capsules/EISM/transtornos_dissociativos.md,10,"Idade média de despersonalização patológica | 16 anos, raramente acima de 40 | Mariah_Carvalho p.69-70 | CONFIRMADO",
capsules/EISM/transtornos_mentais_na_gravidez_e_puerperio.md,4,Puerpério — duração | 6–8 semanas após o parto | Karen p.1; slide p.2 | CONFIRMADO (A+B),
capsules/EISM/transtornos_mentais_na_gravidez_e_puerperio.md,5,Alteração de humor no puerpério | até 85% das puérperas (maioria leve; 10–15% significativa) | Karen p.1 | CONFIRMADO,
capsules/EISM/transtornos_mentais_na_gravidez_e_puerperio.md,6,"Blues — incidência / início / duração | 50–85% das puérperas / primeiros dias pós-parto / até 2 semanas | Karen p.2; slide p.8 | CONFIRMADO (A+B, números idênticos)",
capsules/EISM/transtornos_mentais_na_gravidez_e_puerperio.md,7,DPP — incidência / início / período crítico | 10–15% / geralmente nas 6 primeiras sem. / crítico nas 12 primeiras sem. | Karen p.2 | CONFIRMADO,
capsules/EISM/transtornos_mentais_na_gravidez_e_puerperio.md,8,DPP — recorrência em gestações seguintes | até 80% | Karen p.2 | CONFIRMADO,
capsules/EISM/transtornos_mentais_na_gravidez_e_puerperio.md,9,DPP — risco se episódio depressivo já na gestação | até 60% dos casos de DPP já tinham depressão na gestação | Karen p.2 | CONFIRMADO,
capsules/EISM/transtornos_mentais_na_gravidez_e_puerperio.md,10,"Puérperas com dx inicial de depressão que eram TAB | 56% (amostra de 56 puérperas); só 44% confirmaram depressão | Karen p.3; slide p.12 | CONFIRMADO (A+B, números idênticos)",
capsules/EISM/transtornos_mentais_na_gravidez_e_puerperio.md,11,Chance do 1º episódio de humor do TAB ocorrer no puerpério | 7x maior que em outras fases da vida | Karen p.3; slide p.12 | CONFIRMADO (A+B),
capsules/EISM/transtornos_mentais_na_gravidez_e_puerperio.md,12,Psicose puerperal — incidência | 2 em cada 1.000 partos | Karen p.5; slide p.14 | CONFIRMADO (A+B),
capsules/EISM/transtornos_mentais_na_gravidez_e_puerperio.md,13,"Psicose puerperal — janela de instalação | primeiras 3 semanas pós-parto, em geral entre 48–72h | Karen p.5; slide p.14 | CONFIRMADO (A+B)",
capsules/EISM/transtornos_mentais_na_gravidez_e_puerperio.md,14,Psicose puerperal — taxa de infanticídio se não tratada | ~4% | Karen p.5; slide p.15 | CONFIRMADO (A+B),
capsules/EISM/transtornos_mentais_na_gravidez_e_puerperio.md,15,Psicose puerperal maniforme → evolução para TAB | 50% | Karen p.5; slide p.15 | CONFIRMADO (A+B),
capsules/EISM/transtornos_mentais_na_gravidez_e_puerperio.md,16,"Olanzapina/quetiapina/risperidona — doses na lactação | valores constam no resumo, sem overlay farmacológico atual | Karen p.6 | QUARANTINED — não usar em prescrição",
capsules/EISM/transtornos_mentais_na_gravidez_e_puerperio.md,17,Lítio e aleitamento | regra absoluta de suspender aleitamento consta no material | slide/resumo | QUARANTINED — decisão individual especializada,
capsules/EISM/transtornos_por_uso_de_substancias.md,4,"DSM-5 — critérios para diagnóstico | ≥2 de 11 critérios em 12 meses; 2–3 = leve, 4–5 = moderado, ≥6 = grave | Psiquiatria_DEPENDE_NCIA p.3; visual p.3 | CONFIRMADO",
capsules/EISM/transtornos_por_uso_de_substancias.md,5,CID-10 — síndrome de dependência | ≥3 de 6 critérios no ano anterior | Psiquiatria_DEPENDE_NCIA p.3; visual p.3 | CONFIRMADO,
capsules/EISM/transtornos_por_uso_de_substancias.md,6,CAGE | rastreio para dependência de álcool; 2 respostas afirmativas = triagem positiva | 3 fontes NATIVA | CONFIRMADO,
capsules/EISM/transtornos_por_uso_de_substancias.md,7,Princípios de tratamento eficaz | 13 princípios (base NIDA) | 3 fontes NATIVA + visual p.5 | CONFIRMADO,
capsules/EISM/transtornos_por_uso_de_substancias.md,8,"Bupropiona (tabagismo, 1ª opção) | iniciar 150mg/dia, aumentar para 300mg/dia a partir do 4º dia; interrompe tabagismo no 7º dia; manter 12 semanas; indicado a partir de 15 cigarros/dia | 3 fontes NATIVA | CONFIRMADO",
capsules/EISM/transtornos_por_uso_de_substancias.md,9,"Vareniclina (tabagismo, 2ª opção) | 0,5mg 1x/dia (3 dias) → 0,5mg 2x/dia (até o 7º dia) → 1mg 2x/dia (12 semanas) | 3 fontes NATIVA | CONFIRMADO",
capsules/EISM/transtornos_por_uso_de_substancias.md,10,Naltrexona (dependência de álcool) | 25mg por 1 semana → 50mg; avaliar bilirrubinas/transaminases | 3 fontes NATIVA + visual p.5 | CONFIRMADO,
capsules/EISM/transtornos_por_uso_de_substancias.md,11,Dissulfiram (dependência de álcool) | iniciar após 12h sem álcool; 500mg/dia (1–2 sem) → 250mg/dia (1–2 sem); exige termo de consentimento | 3 fontes NATIVA | CONFIRMADO,
capsules/EISM/transtornos_por_uso_de_substancias.md,12,"Metadona (dependência de opioides) | agonista opioide, terapia de substituição, meia-vida longa | visual p.6 | confirmar no slide (imagem de baixa resolução, sem dose numérica legível)",
capsules/OSCE/formato_roteiro_osce_p7.md,4,"Sequência fixa das orientações gerais do OSCE do P7 | cumprimentar/apresentar-se → lavar as mãos → ler prontuário e iniciar atendimento → exame físico + leitura de exames disponíveis → verificar se todos os comandos foram respondidos → lavar as mãos → despedir-se e agradecer | OSCE .pdf, p. 1 (camada B) | CONFIRMADO",
capsules/OSCE/formato_roteiro_osce_p7.md,5,"Roteiro de exame físico no manequim (achados ""colados"") | avisar que vai examinar → higienizar as mãos → pedir licença e retirar o pano → varrer cabeça → tronco → MMSS → MMII (inclusive calcanhares) → virar o manequim e checar dorso/região sacral → vestir e cobrir o paciente ao final | FACILITA OSCE (1).pdf, ~p. 1 (camada B) | CONFIRMADO",
capsules/OSCE/formato_roteiro_osce_p7.md,6,"Estações oficiais aplicadas no OSCE P7 A e B — 2025.1 (5 blocos) | Neurologia: AVCi, AVCh, Coma, Cefaleia, TCE · Urologia: Litíase, HPB, Câncer de próstata, Trauma urinário 1 e 2, Câncer renal · Nefrologia: Doença Renal do Diabetes, DRC, Glomerulopatia primária, Glomerulopatia secundária, IRA · Endocrinologia: Diagnóstico/tratamento do Diabetes, Hipertireoidismo, Nódulos de tireoide, Hiperandrogenismo · Pediatria: Febre Reumática, Assistência ao RN, Diarreia, Aleitamento, Atopias | `assuntos OSCE p7 2025.1` (imagem fotografada, p. 1) — prova aplicada em 14/05/2025 | CONFIRMADO (leitura direta da imagem)",
capsules/OSCE/formato_roteiro_osce_p7.md,7,Tempo por estação / nº total de estações do dia | não informado em nenhuma fonte disponível | — | confirmar no slide/com a coordenação,
capsules/OSCE/osce_endocrinologia.md,4,"Diagnóstico de DM (2 testes se assintomático; 1 se sintomas clássicos) | Glicemia jejum ≥126 mg/dL · HbA1c ≥6,5% · TOTG 2h ≥200 mg/dL · glicemia aleatória ≥200 mg/dL + sintomas clássicos (basta 1 teste) | OSCE .pdf, p. ~58 (camada B) | CONFIRMADO",
capsules/OSCE/osce_endocrinologia.md,5,"Escalonamento terapêutico do DM2 por HbA1c | HbA1c <7,5% = monoterapia (metformina) · 7,5-9% = terapia dupla · >9% = terapia tripla · >9% + sintomas ou HGT >300 = insulinização | OSCE .pdf, p. ~59 (camada B) | CONFIRMADO",
capsules/OSCE/osce_endocrinologia.md,6,"Esquema clássico de insulinização | NPH + regular, dose 0,3-1 UI/kg/dia, 2/3 pela manhã e 1/3 à noite | OSCE .pdf, p. ~59 (camada B) | CONFIRMADO",
capsules/OSCE/osce_endocrinologia.md,7,"Indicação de PAAF em nódulo de tireoide | sólido/misto ≥1cm OU calcificação OU Chammas IV/V OU crescimento ≥50% do volume ou ≥20% em 2 dimensões em 1 ano; nódulo ≥4cm vai direto para lobectomia | OSCE .pdf, p. ~65 (camada B) | CONFIRMADO",
capsules/OSCE/osce_endocrinologia.md,8,"Diagnóstico de hipertireoidismo | TSH reduzido + T4L aumentado (clínico); TSH reduzido + T4L normal (subclínico); TSH e T4L aumentados (central, sugere adenoma hipofisário produtor de TSH) | OSCE .pdf, p. ~68 (camada B) | CONFIRMADO",
capsules/OSCE/osce_endocrinologia.md,9,"Tratamento do hipertireoidismo | metimazol (1ª linha, inibe conversão T4→T3) · propiltiouracil (gravidez) · radioablação por iodo (recidiva) · cirurgia (bócio volumoso/malignidade na PAAF) · propranolol 40-120mg/dia (controle sintomático, ~4 semanas) | OSCE .pdf, p. ~70 (camada B) | CONFIRMADO",
capsules/OSCE/osce_endocrinologia.md,10,"Quando tratar hipotireoidismo | TSH >10 OU sintomático OU doença cardíaca OU jovem OU grávida | OSCE - ENDOCRINOLOGIA.pdf, p. ~4 (camada B, tabela) | CONFIRMADO",
capsules/OSCE/osce_endocrinologia.md,11,"Reposição de levotiroxina | 1,6 mcg/kg/dia, dose única, manhã, em jejum; dose de supressão 2,2 mcg/kg/dia; reavaliar TSH em 4-6 semanas | OSCE - ENDOCRINOLOGIA.pdf, p. ~4 (camada B, tabela) | CONFIRMADO",
capsules/OSCE/osce_endocrinologia.md,12,"Coma mixedematoso — achados | hipoglicemia, rebaixamento do nível de consciência, depressão respiratória, hipotensão + bradicardia, hipotermia, hiponatremia | OSCE - ENDOCRINOLOGIA.pdf, p. ~4 (camada B, tabela) | CONFIRMADO",
capsules/OSCE/osce_endocrinologia.md,13,"Coma mixedematoso — dose de ataque de levotiroxina | 500-800 mcg (dose de ataque) | OSCE - ENDOCRINOLOGIA.pdf, p. ~4 (camada B, tabela) | CONFIRMADO",
capsules/OSCE/osce_endocrinologia.md,14,"Coma mixedematoso — dose de manutenção | valor cortado na extração de texto (só restou o fragmento ""100"") | OSCE - ENDOCRINOLOGIA.pdf, p. ~4 (camada B, tabela) | confirmar no slide",
capsules/OSCE/osce_endocrinologia.md,15,"Confirmação de hipercortisolismo (Cushing) | 2 de 3 alterados: cortisol pós 1mg dexametasona ≥1,8 mcg/dL · cortisol urinário livre 3-4x LSN · cortisol salivar da meia-noite ≥2x LSN | OSCE .pdf, p. ~76 (camada B) | CONFIRMADO",
capsules/OSCE/osce_endocrinologia.md,16,"Etiologia do Cushing pela dupla ACTH/cortisol | cortisol alto + ACTH alto = origem hipofisária (Doença de Cushing) · cortisol alto + ACTH baixo/normal = origem adrenal (adenoma) | OSCE .pdf, p. ~77 (camada B) | CONFIRMADO",
capsules/OSCE/osce_endocrinologia.md,17,"Tratamento do Cushing | cirurgia (CTE, adenomectomia transesfenoidal) = 1ª escolha, melhora em 2-12 meses · cetoconazol = medicamentoso, casos graves/sem remissão · radioterapia = insucesso cirúrgico | OSCE .pdf, p. ~78 (camada B) | CONFIRMADO",
capsules/OSCE/osce_endocrinologia.md,18,"Diagnóstico de acromegalia | IGF-1 normal + GH <0,4 exclui; IGF-1 ≥1,3x LSN confirma; padrão-ouro é GH pós-TOTG (dosar a cada 30min por 2h após 75g dextrosol) — normal suprime <0,4, acromegalia não suprime (>0,4) | OSCE .pdf, p. ~80 (camada B) | CONFIRMADO",
capsules/OSCE/osce_endocrinologia.md,19,"Hiperprolactinemia — valores de corte | causas fisiológicas: prolactina <50 ng/mL (exceto gravidez); adenoma produtor: prolactina >100 ng/mL | OSCE .pdf, p. ~72 (camada B) | CONFIRMADO",
capsules/OSCE/osce_nefrologia.md,4,"Síndrome nefrótica — definição | proteinúria 24h >3,5g + hipoalbuminemia + hiperlipidemia (LDL aumentado) + HAS, início progressivo | OSCE - NEFROLOGIA.pdf, p. ~1 (camada B, tabela) | CONFIRMADO",
capsules/OSCE/osce_nefrologia.md,5,"Síndrome nefrítica — definição | hematúria de início súbito + proteinúria 24h <3,5g + oligúria (<400mL/dia) + edema periorbitário/anasarca + HAS | OSCE - NEFROLOGIA.pdf, p. ~1 (camada B, tabela) | CONFIRMADO",
capsules/OSCE/osce_nefrologia.md,6,"RAC (relação albumina/creatinina) — Doença Renal do Diabetes | <30 mg/g normal · 30-300 mg/g aumentada (DRD) · >300 mg/g muito aumentada | OSCE .pdf, p. ~42 (camada B) | CONFIRMADO",
capsules/OSCE/osce_nefrologia.md,7,"Rastreamento de DRD | DM2: no momento do diagnóstico · DM1: 5 anos após o diagnóstico · anual daí em diante | OSCE .pdf, p. ~43 (camada B) | CONFIRMADO",
capsules/OSCE/osce_nefrologia.md,8,"Critérios diagnósticos de IRA | ΔCr ≥0,3 mg/dL em 48h OU aumento 1,5-1,9x o basal em 7 dias OU débito urinário <0,5 mL/kg/h por ≥6h | OSCE .pdf, p. ~46 (camada B) | CONFIRMADO",
capsules/OSCE/osce_nefrologia.md,9,"Indicação de diálise na IRA | síndrome urêmica franca; refratariedade/recorrência de hipervolemia, hipercalemia e acidose metabólica; intoxicação exógena; ureia >200mg/dL ou creatinina 8-10mg/dL (indicação controversa) | OSCE .pdf, p. ~47 (camada B) | CONFIRMADO",
capsules/OSCE/osce_nefrologia.md,10,"Tempo de latência etiológico da GNDA | faringoamigdalite: 7-21 dias · impetigo: 15-28 dias, até o início da nefrite | OSCE .pdf, p. ~50 (camada B) | CONFIRMADO",
capsules/OSCE/osce_nefrologia.md,11,"GNDA — achados de biópsia | MO: proliferação endocapilar · IF: depósitos granulares de IgG e C3 · ME: depósitos subepiteliais em ""corcova"" | OSCE .pdf, p. ~50 / OSCE - NEFROLOGIA.pdf p. ~1 (camada B) | CONFIRMADO",
capsules/OSCE/osce_nefrologia.md,12,"Nefropatia por IgA — tempo de latência | hematúria surge durante o quadro infeccioso ou 2-3 dias após a faringite (mais curto que a GNDA — é o principal discriminador) | OSCE .pdf, p. ~54 (camada B) | CONFIRMADO",
capsules/OSCE/osce_nefrologia.md,13,"GNLM — tratamento | corticoide (prednisona) 1ª linha; desmame em 8-12 semanas se responsivo; ciclosporina/micofenolato/ciclofosfamida se dependência, recidiva frequente ou resistência | OSCE .pdf, p. ~54 (camada B) | CONFIRMADO",
capsules/OSCE/osce_nefrologia.md,14,"GNRP — achados de imunofluorescência por tipo | tipo I: padrão linear (jovens) · tipo II: padrão granular (jovens) · tipo III: ausência de depósitos (meia-idade/homens); tipo I exige associar plasmaférese ao tratamento | OSCE .pdf, p. ~53 / OSCE - NEFROLOGIA.pdf p. ~1-2 (camada B) | CONFIRMADO",
capsules/OSCE/osce_nefrologia.md,15,"DRC — definição | TFG <60 mL/min/1,73m² OU alteração estrutural renal por período >3 meses (pode haver DRC com TFG >60 se houver doença estrutural, ex. RAC >30 ou DRPAD) | FACILITA OSCE (1).pdf, p. 34 (camada B) | CONFIRMADO",
capsules/OSCE/osce_nefrologia.md,16,"DRC — fórmula mais acurada de TFG | CKD-EPI (mais acurada, sobretudo em TFG mais altas); Cockcroft-Gault é mais simples de calcular | FACILITA OSCE (1).pdf, p. 34 (camada B) | CONFIRMADO",
capsules/OSCE/osce_nefrologia.md,17,"DRC — regra de encaminhamento ao nefrologista | acompanhamento por qualquer médico até o estágio 3A; encaminhar ao nefrologista a partir do estágio 3B | FACILITA OSCE (1).pdf, p. 34 (camada B) | CONFIRMADO",
capsules/OSCE/osce_nefrologia.md,18,"DRC — estadiamento por TFG (G1-G5) | G1 ≥90 · G2 60-89 · G3a 45-59 · G3b 30-44 · G4 15-29 · G5 <15 (mL/min/1,73m²) | conhecimento geral (KDIGO) — não confirmado nas fontes B, que perderam a tabela numérica na extração | conhecimento geral",
capsules/OSCE/osce_nefrologia.md,19,"DRC — 4 principais etiologias no Brasil | HAS, diabetes mellitus, glomerulopatias e DRPAD são citadas como as 4 principais; a ordem exata não sobreviveu à extração de texto | FACILITA OSCE (1).pdf, p. ~35-36 (camada B) | confirmar no slide",
capsules/OSCE/osce_nefrologia.md,20,"Síndrome urêmica — manifestações | flapping, pericardite urêmica (dor pleurítica + atrito pericárdico), elevação de ST difusa, infra de PR | FACILITA OSCE (1).pdf, p. ~39 (camada B) | CONFIRMADO",
capsules/OSCE/osce_neurologia.md,4,"Escala de Cincinnati | Sorrir (assimetria facial) · Abraçar (assimetria de força nos braços) · Falar (disartria/frase ""o rato roeu a roupa do rei de Roma"") | `OSCE .pdf`, ~p.4-5 / `OSCE - NEUROLOGIA.pdf` (doc. íntegro) | CONFIRMADO",
capsules/OSCE/osce_neurologia.md,5,"Isquêmico × hemorrágico à TC | isquêmico: hipodenso, visível só após 24-72h · hemorrágico: hiperdenso, visível de imediato | `OSCE .pdf`, ~p.5 | CONFIRMADO",
capsules/OSCE/osce_neurologia.md,6,"Janela de trombólise (alteplase/rt-PA) | até 4h30 do início dos sintomas; dose 0,9 mg/kg (máx. 90 mg), 10% em bolus + 90% em bomba de infusão em 1h | `OSCE .pdf`, ~p.6 / `FACILITA OSCE (1).pdf`, p.9 | CONFIRMADO",
capsules/OSCE/osce_neurologia.md,7,"PA que autoriza iniciar trombolítico | <185×110 mmHg; se acima, controlar com nitroprussiato de sódio EV antes de trombolisar | `OSCE .pdf`, ~p.6 / `FACILITA OSCE (1).pdf`, p.9 | CONFIRMADO",
capsules/OSCE/osce_neurologia.md,8,"Trombectomia mecânica | até 6h por avaliação clínico-radiológica simples (TC/RM + angio, sobretudo se oclusão de artéria cerebral média); de 6-24h com técnicas avançadas de neuroimagem (estudos DAWN e DEFUSE-3) para calcular volume de isquemia | `FACILITA OSCE (1).pdf`, p.9 | CONFIRMADO",
capsules/OSCE/osce_neurologia.md,9,"Wake-up stroke (hora de início desconhecida) | RM com mismatch FLAIR-difusão; trombólise possível se isquemia na difusão <1/3 do território da ACM e FLAIR ainda sem alteração (o FLAIR só se altera depois de 4,5h) | `FACILITA OSCE (1).pdf`, p.9 | CONFIRMADO",
capsules/OSCE/osce_neurologia.md,10,"Controle de PA após 24h/conduta conservadora | intervir só se PA >220×120 mmHg (nitroprussiato de sódio EV) | `OSCE .pdf`, ~p.6-7 / `OSCE - NEUROLOGIA.pdf` (doc. íntegro) | CONFIRMADO",
capsules/OSCE/osce_neurologia.md,11,"Contraindicações citadas à trombólise | AVC recente, TCE <3 meses, coagulopatias | `OSCE - NEUROLOGIA.pdf` (doc. íntegro) | CONFIRMADO",
capsules/OSCE/osce_neurologia.md,12,"AIT — definição | classicamente sintomas <24h; definição atual aceita = ausência de evidência de morte neuronal nos exames de imagem, mesmo com sintomas breves; geralmente melhora em <1h, paciente chega assintomático ao PS | `FACILITA OSCE (1).pdf`, ~p.13 | CONFIRMADO",
capsules/OSCE/osce_neurologia.md,13,"AIT — conduta | avaliar risco de desenvolver AVC em 48h (fonte não especifica o instrumento formal de estratificação, ex. ABCD2) | `FACILITA OSCE (1).pdf`, ~p.13 | confirmar no slide (instrumento de estratificação não nomeado na fonte)",
capsules/OSCE/osce_neurologia.md,14,"Alvo pressórico da hemorragia intraparenquimatosa | PAS-alvo de 140 mmHg | `OSCE - NEUROLOGIA.pdf` (doc. íntegro) / `FACILITA OSCE (1).pdf`, p.14 | CONFIRMADO",
capsules/OSCE/osce_neurologia.md,15,"Indicação cirúrgica na hemorragia intraparenquimatosa | hematoma cerebelar >3 cm · hematoma 1-3cm com repercussão neurológica · hematoma lobar/putaminal volumoso; sangue no ventrículo → derivação ventricular externa (DVE) | `OSCE .pdf`, ~p.8 / `OSCE - NEUROLOGIA.pdf` (doc. íntegro) | CONFIRMADO",
capsules/OSCE/osce_neurologia.md,16,"Tríade clássica de HSA | cefaleia holocraniana súbita e intensa + síncope + rigidez de nuca | `OSCE .pdf`, ~p.8 / `FACILITA OSCE (1).pdf`, p.5 | CONFIRMADO",
capsules/OSCE/osce_neurologia.md,17,"Escala de Hunt-Hess | I: assintomático/cefaleia leve, GCS 15 · II: cefaleia/rigidez moderada-grave, pode acometer par craniano, GCS 13-14 · III: confusão/letargia, déficit focal leve possível, GCS 13-14 · IV: torpor, hemiparesia moderada-grave possível, GCS 7-12 · V: coma com/sem descerebração, GCS 3-6 | `OSCE - NEUROLOGIA.pdf` (doc. íntegro) | CONFIRMADO",
capsules/OSCE/osce_neurologia.md,18,"Punção lombar na suspeita de HSA com TC normal | realizar nas primeiras 12h; líquido sanguinolento = agudo; xantocrômico = subagudo | `OSCE .pdf`, ~p.8 / `OSCE - NEUROLOGIA.pdf` | CONFIRMADO",
capsules/OSCE/osce_neurologia.md,19,"Momento da cirurgia de clampeamento do aneurisma | <3 dias do sangramento e Hunt-Hess <3: arteriografia + clampeamento precoce · RNC ou >3º dia: protelar cirurgia para 10-14 dias após o sangramento (evitar operar na janela de vasoespasmo) | `OSCE .pdf`, ~p.8 / `OSCE - NEUROLOGIA.pdf` | CONFIRMADO",
capsules/OSCE/osce_neurologia.md,20,"Nimodipino na HSA | 60 mg VO a cada 4h, por até 3 semanas — neuroproteção/redução do risco de vasoespasmo | `OSCE - NEUROLOGIA.pdf` (doc. íntegro) | CONFIRMADO",
capsules/OSCE/osce_neurologia.md,21,"Complicações da HSA | ressangramento em 20% nos primeiros 7 dias · vasoespasmo entre o 3º e o 14º dia (déficit focal permanente/flutuante, RNC, mau prognóstico) · hidrocefalia · hiponatremia comum nas primeiras 2 semanas (SIADH ou cerebropatia perdedora de sal) | `OSCE - NEUROLOGIA.pdf` (doc. íntegro) | CONFIRMADO",
capsules/OSCE/osce_neurologia.md,22,"Escala de Coma de Glasgow | abertura ocular 4 (espontânea) a 1 (nenhuma) · resposta verbal 5 (orientada) a 1 (nenhuma) · resposta motora 6 (obedece comando) a 1 (nenhuma); trauma leve 13-15, moderado 9-12, grave 3-8 | `OSCE .pdf`, ~p.10 / `OSCE - NEUROLOGIA.pdf` | CONFIRMADO",
capsules/OSCE/osce_neurologia.md,23,"Estratificação de risco do TCE | baixo (assintomático/cefaleia leve) → observação domiciliar · moderado (perda de consciência, cefaleia progressiva sem melhora, convulsão pós-traumática, vômitos, sinal de Guaxinim/Battle) → TC + observação hospitalar · alto (RNC progressivo, déficit focal, lesão penetrante/afundamento) → TC + internação | `OSCE .pdf`, ~p.9 / `OSCE - NEUROLOGIA.pdf` | CONFIRMADO",
capsules/OSCE/osce_neurologia.md,24,"Hematoma extradural | aspecto biconvexo na TC; lesão arterial; rapidamente fatal; conduta = cirurgia imediata; pupila fixa e dilatada — a fonte cita ""bilateral"", mas o ensino padrão (conhecimento geral) associa esse achado à midríase **ipsilateral** por compressão do III par na herniação uncal, com midríase bilateral surgindo apenas em fase mais tardia/pré-terminal | `OSCE .pdf`, ~p.11; correção por conhecimento geral | CORRIGIDO",
capsules/OSCE/osce_neurologia.md,25,"Hematoma subdural | aspecto côncavo na TC; hemorragia venosa; conduta = cirurgia precoce | `OSCE .pdf`, ~p.11 / `OSCE - NEUROLOGIA.pdf` | CONFIRMADO",
capsules/OSCE/osce_neurologia.md,26,Pupilas no coma/TCE | puntiformes = lesão de ponte · mediofixas = lesão de tronco cerebral · anisocóricas = possível herniação uncal · isocóricas e fotorreagentes = etiologia tóxico-metabólica | `OSCE - NEUROLOGIA.pdf` (doc. íntegro) | CONFIRMADO,
capsules/OSCE/osce_neurologia.md,27,"Medicações de emergência no coma | naloxona = antídoto de opioides · flumazenil = antídoto de benzodiazepínicos | `OSCE .pdf`, ~p.16 | CONFIRMADO",
capsules/OSCE/osce_neurologia.md,28,"Meta ventilatória no TCE grave (GCS <8) | intubar; manter PA normal; PO2 ≈ 80 mmHg; PCO2 entre 25-35 mmHg; não deixar reter CO2 (CO2 alto → vasodilata e piora o inchaço; CO2 baixo → vasoconstringe e evita isquemia, mas em excesso também é deletério) | `OSCE .pdf`, ~p.12 | CONFIRMADO",
capsules/OSCE/osce_pediatria.md,4,Frequência respiratória-limiar de taquipneia por faixa etária | <2 meses: >60 irpm · 2-11 meses: >50 · 12-59 meses: >40 · 5-8 anos: >35 · >8 anos: >20 | `OSCE - PEDIATRIA.pdf` (doc. íntegro) | CONFIRMADO,
capsules/OSCE/osce_pediatria.md,5,"Pneumonia — sinais de gravidade | tiragem subcostal; dificuldade para ingerir líquidos; sinais de dificuldade respiratória mais grave (movimentos involuntários da cabeça, batimento de asa do nariz); cianose central | `OSCE .pdf`, ~p.85 | CONFIRMADO",
capsules/OSCE/osce_pediatria.md,6,"Pneumonia — padrão radiológico | lobar: opacificação homogênea, obedece a segmento pulmonar, broncograma aéreo (pneumococo, lactentes >6 meses) · intersticial: bilateral e difusa, infiltrado discreto, hiperinsuflação (vírus/micoplasma) · broncopneumonia: não respeita segmentação, limites irregulares (S. aureus) | `OSCE .pdf`, ~p.85 / `OSCE - PEDIATRIA.pdf` | CONFIRMADO",
capsules/OSCE/osce_pediatria.md,7,"Pneumonia — tratamento por idade | <2 meses: internação obrigatória — <1 semana ampicilina + gentamicina; >1 semana ampicilina + ceftriaxona · ≥2 meses ambulatorial: amoxicilina ou penicilina G procaína, sem melhora em 48h → amoxicilina + clavulanato (ou cefalosporina de 2ª geração) · internação grave: penicilina cristalina ou ampicilina · muito grave: oxacilina + cloranfenicol ou oxacilina + ceftriaxona; sem melhora em 48-72h ou piora: vancomicina + ceftriaxona | `OSCE .pdf`, ~p.85 / `OSCE - PEDIATRIA.pdf` | CONFIRMADO",
capsules/OSCE/osce_pediatria.md,8,"Asma — critérios diagnósticos no lactente | alto risco de asma: 2 critérios maiores (obrigatoriamente 1 dos 2 primeiros) OU 2 maiores + 2 menores. Maiores: hospitalização por sibilância grave; ≥3 episódios de sibilância em 6 meses; história de asma nos pais; dermatite atópica. Menores: rinorreia não associada a resfriado; sibilância não associada a resfriado; eosinofilia >5%; sexo masculino | `OSCE - PEDIATRIA.pdf` (doc. íntegro) / `FACILITA OSCE (1).pdf`, p.53 | CONFIRMADO",
capsules/OSCE/osce_pediatria.md,9,"Asma — espirometria | só realizável em crianças ≥6 anos que obedecem comando; VEF1 aumenta >10% pós-broncodilatador confirma diagnóstico; relação VEF1/CVF >0,7 | `OSCE - PEDIATRIA.pdf` / `FACILITA OSCE (1).pdf`, p.53 | CONFIRMADO",
capsules/OSCE/osce_pediatria.md,10,"Crise asmática 6–11 anos — prática atual | SABA + O2 quando indicado + corticoide sistêmico precoce; ipratrópio em grave. Alvo O2 ≥94%. SpO2 isolada não indica VNI/IOT | GINA 2026, exacerbações 6–11 | CURRENT_VERIFIED",
capsules/OSCE/osce_pediatria.md,11,"Crise asmática — antibiótico | não é rotina (80% das exacerbações são virais); só na forte suspeita de infecção bacteriana (febre, escarro purulento, consolidação radiográfica) | `FACILITA OSCE (1).pdf`, p.53 | CONFIRMADO",
capsules/OSCE/osce_pediatria.md,12,Magnésio na asma | não rotineiro; considerar após falha inicial em grave | GINA 2026 | CURRENT_VERIFIED,
capsules/OSCE/osce_pediatria.md,13,"Diarreia — definição | ≥3 evacuações amolecidas/líquidas em 24h | `OSCE .pdf`, ~p.100 / `FACILITA OSCE (1).pdf`, p.58 | CONFIRMADO",
capsules/OSCE/osce_pediatria.md,14,"Diarreia — sinais de desidratação por grau | hidratado: alerta, olhos/lágrimas normais, boca/língua úmidas, sede/diurese preservadas, pulso cheio, enchimento capilar <3s, prega rápida · leve: irritado, olhos fundos sem lágrimas, boca/língua seca, sede aumentada, diurese diminuída, prega lenta, pulso rápido e débil, enchimento capilar 3-5s · grave: comatoso/letárgico, incapaz de beber ou bebe mal, olhos muito fundos sem lágrimas, boca/língua muito seca, diurese ausente, prega >2s para desaparecer, pulso muito débil/ausente, enchimento capilar >5s | `OSCE - PEDIATRIA.pdf` (doc. íntegro) | CONFIRMADO",
capsules/OSCE/osce_pediatria.md,15,"Plano A (domiciliar) | manter alimentação habitual; oferecer líquidos/SRO após cada evacuação: <2 anos 50-100mL; 2-10 anos 100-200mL; >10 anos o que aceitar; suplementar zinco em <5 anos por 14 dias | `OSCE - PEDIATRIA.pdf` / `FACILITA OSCE (1).pdf`, p.58 | CONFIRMADO",
capsules/OSCE/osce_pediatria.md,16,"Plano B (unidade de saúde) | SRO 50-100 mL/kg em 4-6h na unidade; suspender alimentação exceto o aleitamento materno (mantido); vômitos ocasionais não contraindicam (reduzir volume, aumentar intervalo, considerar ondansetrona); vômitos persistentes → gastróclise (SNG) | `OSCE - PEDIATRIA.pdf` / `FACILITA OSCE (1).pdf`, p.58 | CONFIRMADO",
capsules/OSCE/osce_pediatria.md,17,"Plano C (internação) — fase de expansão rápida | <5 anos: 20 mL/kg de SF a cada 30 min, repetir até hidratar · ≥5 anos: 30 mL/kg de SF em 30 min + 70 mL/kg de ringer lactato em 2h30 · RN ou cardiopata grave: expansões de 10 mL/kg a cada 30 min | `OSCE - PEDIATRIA.pdf` (doc. íntegro) | CONFIRMADO",
capsules/OSCE/osce_pediatria.md,18,"Plano C — fase de manutenção/reposição | manutenção: SG5% + SF na proporção 4:1 pela regra de Holliday-Segar + KCl 10% (2mL/100mL) em 24h · reposição: SG5% + SF partes iguais, iniciar 50 mL/kg/dia, reavaliar pelas perdas | `OSCE .pdf`, ~p.100 / `OSCE - PEDIATRIA.pdf` | CONFIRMADO",
capsules/OSCE/osce_pediatria.md,19,"Diarreia — antibiótico | não é rotina (vírus são a principal causa); indicado se comprometimento do estado geral, disenteria ou cólera grave; opções: azitromicina, ceftriaxona ou ciprofloxacino (adolescente/>30kg) | `FACILITA OSCE (1).pdf`, p.58 | CONFIRMADO",
capsules/OSCE/osce_pediatria.md,20,"Diarreia — ""bônus"" de tratamento | antiemético: ondansetrona; zinco 10mg/dia (<6 meses) ou 20mg/dia (6 meses-5 anos) por 10-14 dias; evitar antidiarreicos | `FACILITA OSCE (1).pdf`, p.58 | CONFIRMADO",
capsules/OSCE/osce_pediatria.md,21,"APGAR | avaliado no 1º e 5º minuto de vida; repetido a cada 5 min se <7 no 5º minuto | `OSCE .pdf`, ~p.89 / `FACILITA OSCE (1).pdf`, p.49 | CONFIRMADO",
capsules/OSCE/osce_pediatria.md,22,Reanimação neonatal — vitalidade | respira/chora + tônus flexor; IG seleciona algoritmo. APGAR não deve atrasar VPP | SBP 2026 ≥34 | CURRENT_VERIFIED,
capsules/OSCE/osce_pediatria.md,23,"Reanimação neonatal — se resposta ""não"" | estímulo tátil no dorso (até 2x) → se não funcionar, clampear cordão e iniciar passos iniciais (calor radiante, secar, posicionar vias aéreas, aspirar se necessário) → reavaliar FC e ritmo respiratório | `FACILITA OSCE (1).pdf`, p.49 | CONFIRMADO",
capsules/OSCE/osce_pediatria.md,24,"Reanimação neonatal — VPP | se FC <100 ou ritmo respiratório irregular após os passos iniciais: iniciar VPP com balão autoinflável (ambu) + máscara, ""aperta-solta-solta"" por 30s; minuto de ouro = iniciar VPP antes do 1º minuto de vida; reavaliar a cada 30s | `FACILITA OSCE (1).pdf`, p.49 | CONFIRMADO",
capsules/OSCE/osce_pediatria.md,25,"Reanimação neonatal — massagem cardíaca | indicada se FC <60 após VPP correta por 30s; técnica dos 2 polegares (2 médicos) é preferida — maior pico de pressão sistólica, melhor perfusão coronariana, menos cansativa; proporção 3:1 (3 compressões : 1 ventilação), ciclos de 60s antes de reavaliar | `OSCE .pdf`, ~p.89 / `FACILITA OSCE (1).pdf`, p.49 | CONFIRMADO",
capsules/OSCE/osce_pediatria.md,26,"Reanimação neonatal — droga de escolha | adrenalina (vasoconstrição periférica, aumenta perfusão coronariana/débito cardíaco), via endovenosa por cateter umbilical (via endotraqueal só uma vez, absorção lenta/imprevisível); SF 0,9% como expansor se não houver resposta à adrenalina ou houver sinais de hipovolemia | `FACILITA OSCE (1).pdf`, p.49 | CONFIRMADO",
capsules/OSCE/osce_pediatria.md,27,"Reanimação neonatal — interrupção das manobras | considerar interrupção após 10 min de assistolia sem resposta | `FACILITA OSCE (1).pdf`, p.49 | CONFIRMADO",
capsules/OSCE/osce_pediatria.md,28,"Aleitamento materno — 10 passos (versão resumida) | norma escrita e equipe treinada; informar gestantes; ajudar a iniciar amamentação na 1ª meia hora pós-parto; ensinar a amamentar e manter lactação; não dar outro alimento sem indicação médica; alojamento conjunto 24h; livre demanda; não dar bicos/chupetas; encorajar grupos de apoio pós-alta | `FACILITA OSCE (1).pdf`, p.55 | CONFIRMADO",
capsules/OSCE/osce_pediatria.md,29,"Aleitamento — recomendação de tempo | exclusivo até os 6 meses; complementado até os 2 anos ou mais | `FACILITA OSCE (1).pdf`, p.55 | CONFIRMADO",
capsules/OSCE/osce_pediatria.md,30,"Aleitamento — mastite | não contraindica a amamentação; tratamento com ibuprofeno e, se quadro significativo, antibiótico (amoxicilina + clavulanato por 10-14 dias) | `FACILITA OSCE (1).pdf`, p.55 | CONFIRMADO",
capsules/OSCE/osce_pediatria.md,31,"Aleitamento — colostro × leite maduro | colostro: último trimestre até a 1ª semana pós-parto, rico em proteína e IgA, pobre em gordura/carboidrato, efeito laxante · leite de transição: 7º-14º dia · leite maduro: a partir da 2ª semana | `FACILITA OSCE (1).pdf`, p.55 | CONFIRMADO",
capsules/OSCE/osce_urologia.md,4,"Litíase — dor por localização | JUP: dor lombar/flanco · ureter médio: dor lombar/flanco + irradiação para testículo/lábios vaginais ipsilaterais · JVU: dor em baixo ventre + polaciúria + disúria | `OSCE .pdf`, ~p.20 | CONFIRMADO",
capsules/OSCE/osce_urologia.md,5,"Sinal de Giordano | punho-percussão em T12; positivo sugestivo de pielonefrite | `OSCE .pdf`, ~p.20 / `OSCE - UROLOGIA.pdf` | CONFIRMADO",
capsules/OSCE/osce_urologia.md,6,"Diagnóstico de litíase | padrão-ouro: TC sem contraste; USG mostra cálculos hiperecogênicos com sombra acústica posterior; EAS pode mostrar hematúria/cristais/infecção | `OSCE .pdf`, ~p.20 | CONFIRMADO",
capsules/OSCE/osce_urologia.md,7,"Litíase — tratamento clínico | alfa-bloqueador (tansulosina) se cálculo entre 0,5-1 cm; <0,5cm tendência à eliminação espontânea; analgesia com AINE/opioide; aumento de ingesta hídrica | `OSCE .pdf`, ~p.20 | CONFIRMADO",
capsules/OSCE/osce_urologia.md,8,"Litíase — corte de tamanho para indicação cirúrgica (versão 1) | cálculo ureteral ≤1cm sem CI à LECO: LECO ou ureteroscopia; ≤1cm com CI: ureteroscopia; >1cm: ureteroscopia. Renal ≤1,5cm (polo superior/médio): LECO ou ureteroscopia conforme CI; polo inferior: ureteroscopia ou NLP; >1,5cm: nefrolitotomia percutânea (NLP) | `OSCE .pdf`, ~p.20-21 | CONFIRMADO (fonte 1)",
capsules/OSCE/osce_urologia.md,9,"Litíase — corte de tamanho para indicação cirúrgica (versão 2, diverge da anterior) | sem dor/infecção/ureter distal: tansulosina + AINE por 10 dias (nunca buscopam); sem hidronefrose e sem sinal de alerta, >0,7cm: LECO; hidronefrótico sem sinal de alerta: litotripsia intracorpórea; cálice superior/médio ≤0,7cm: duplo J; >2,0cm: nefrolitotomia percutânea | `OSCE - UROLOGIA.pdf` (doc. íntegro) | CONFIRMADO (fonte 2) — corte diverge da fonte 1 (0,5-1,5cm × 0,7-2,0cm); sem camada A para desempatar, registrar ambas",
capsules/OSCE/osce_urologia.md,10,"Contraindicações à LECO | infecção urinária, hidronefrose, gestação, infecção/sepse | `OSCE - UROLOGIA.pdf` (doc. íntegro) | CONFIRMADO",
capsules/OSCE/osce_urologia.md,11,Litíase + pielonefrite/hidronefrose com sinal de alerta | cateter duplo J + antibiótico (ceftriaxona) | `OSCE - UROLOGIA.pdf` (doc. íntegro) | CONFIRMADO,
capsules/OSCE/osce_urologia.md,12,"HPB — sintomas de esvaziamento × armazenamento | esvaziamento: jato fraco, intermitência, esvaziamento incompleto, hesitação, disúria/estrangúria, micção dupla, gotejamento pós-miccional · armazenamento: polaciúria, nictúria, urgência, urge-incontinência | `OSCE .pdf`, ~p.24 / `OSCE - UROLOGIA.pdf` | CONFIRMADO",
capsules/OSCE/osce_urologia.md,13,"HPB — toque retal | próstata lisa, firme, elástica, adenomatosa e aumentada (sem nódulos); endurecimento/nódulo exige PSA + biópsia + USGTR | `OSCE .pdf`, ~p.24 / `FACILITA OSCE (1).pdf`, p.42 | CONFIRMADO",
capsules/OSCE/osce_urologia.md,14,"Indicação de biópsia prostática | toque retal suspeito (endurecido/nódulo); PSA >10 = indicação absoluta; PSA 4-10 (zona cinzenta) → relação livre/total <10% biopsia, >10% sugere HPB; PSA >2,5 até 55 anos com fator de risco; cinética de PSA >0,75 ng/dL/ano | `OSCE .pdf`, ~p.24 / `FACILITA OSCE (1).pdf`, p.42 / `OSCE - UROLOGIA.pdf` | CONFIRMADO",
capsules/OSCE/osce_urologia.md,15,"Valores de referência de PSA por idade | 45 anos + fator de risco ou 50-55 anos: <2,5 ng/mL · >55 anos: <4,0 ng/mL | `OSCE .pdf`, ~p.24 | CONFIRMADO",
capsules/OSCE/osce_urologia.md,16,"HPB — tratamento medicamentoso por peso | próstata <40g: monoterapia com alfa-bloqueador (tansulosina/doxazosina) · próstata ≥40g: alfa-bloqueador + inibidor de 5-alfa-redutase (finasterida bloqueia só o tipo 2; dutasterida bloqueia tipo 1 e 2) | `OSCE .pdf`, ~p.24 / `OSCE - UROLOGIA.pdf` | CONFIRMADO",
capsules/OSCE/osce_urologia.md,17,"Resposta esperada ao inibidor de 5-alfa-redutase | redução de ~50% do volume prostático e do PSA após 6 meses de uso contínuo; se o PSA não cair pela metade, alto risco de indicação de biópsia | `FACILITA OSCE (1).pdf`, p.42 | CONFIRMADO",
capsules/OSCE/osce_urologia.md,18,"HPB — armazenamento predominante e disfunção erétil | queixa de armazenamento sem glaucoma de ângulo estreito: associar anticolinérgico/antimuscarínico (solifenacina/oxibutinina); HPB + disfunção erétil sem uso de nitrato: associar inibidor de fosfodiesterase (tadalafila/sildenafila) | `OSCE .pdf`, ~p.24 / `OSCE - UROLOGIA.pdf` | CONFIRMADO",
capsules/OSCE/osce_urologia.md,19,"HPB — cirurgia por tamanho | próstata ≤80g (ou ≤60-70g conforme a fonte tabular): RTU de próstata · >80g (ou >60-70g): prostatectomia transvesical · risco cirúrgico/CI e sem lobo médio: Urolift · impossibilidade de suspender anticoagulante: laser | `OSCE .pdf`, ~p.24 / `OSCE - UROLOGIA.pdf` (corte de 60-70g, diverge levemente do corte de 80g da outra fonte) | CONFIRMADO_COM_DIVERGÊNCIA — registrar os dois cortes",
capsules/OSCE/osce_urologia.md,20,"HPB — indicações absolutas de cirurgia | ITU recorrente apesar de tratamento clínico; litíase vesical; deterioração do trato urinário superior; hematúria secundária à HPB; >1 episódio de retenção urinária aguda; falha do tratamento clínico + lobo médio | `FACILITA OSCE (1).pdf`, p.42 / `OSCE - UROLOGIA.pdf` | CONFIRMADO",
capsules/OSCE/osce_urologia.md,21,"Câncer de próstata — quadro clínico | geralmente assintomático/oligossintomático (zona periférica, distante da uretra); pode haver obstrução infravesical súbita, hematúria macroscópica, dor óssea, uremia, anemia, perda de peso | `OSCE .pdf`, ~p.28 / `FACILITA OSCE (1).pdf`, p.45 | CONFIRMADO",
capsules/OSCE/osce_urologia.md,22,"Rastreio de câncer de próstata | todos os homens a partir de 50 anos; antecipar para 45 anos se fator de risco (sobrepeso/obesidade, raça negra, história familiar) | `FACILITA OSCE (1).pdf`, p.45 | CONFIRMADO",
capsules/OSCE/osce_urologia.md,23,"Biópsia prostática — técnica | guiada por USG transretal; mínimo de 12 fragmentos (2 por sextante) | `OSCE .pdf`, ~p.28 / `OSCE - UROLOGIA.pdf` | CONFIRMADO",
capsules/OSCE/osce_urologia.md,24,"Escore de Gleason | soma do padrão histológico primário (mais frequente) + secundário (segundo mais frequente); 6 = baixo risco; 7 = risco intermediário; 8-10 = alto risco | `OSCE .pdf`, ~p.28 / `FACILITA OSCE (1).pdf`, p.45 | CONFIRMADO",
capsules/OSCE/osce_urologia.md,25,"Indicação de cintilografia óssea no câncer de próstata | PSA >20 ng/mL + biópsia positiva; Gleason >7 + biópsia positiva; doença localmente avançada; fosfatase alcalina elevada; dor óssea | `OSCE .pdf`, ~p.28 | CONFIRMADO",
capsules/OSCE/osce_urologia.md,26,"Câncer de próstata — manejo por estágio | doença localizada: prostatectomia radical, radioterapia, braquiterapia (expectativa de vida >5 anos e sem sintomas urinários) ou observação vigilante (idoso, tumor indolente) · metástase: bloqueio androgênico — orquiectomia bilateral (padrão-ouro), análogos de LHRH, estrógenos, antiandrógenos | `OSCE .pdf`, ~p.28 / `FACILITA OSCE (1).pdf`, p.45 | CONFIRMADO",
capsules/OSCE/osce_urologia.md,27,"Trauma urogenital — epidemiologia geral | trato urogenital acometido em ~10% dos traumas abdominais; 90% fechados; rim é o órgão mais acometido (80% das lesões contusas) | `FACILITA OSCE (1).pdf`, p.47 | CONFIRMADO",
capsules/OSCE/osce_urologia.md,28,"Trauma renal — classificação | G1: hematoma subcapsular não expansivo · G2: laceração <1cm · G3: >1cm sem atingir via coletora · G4: >1cm atingindo via coletora (risco de urinoma) · G5: rim fraturado/avulsão do hilo | `OSCE .pdf`, ~p.31 / `OSCE - UROLOGIA.pdf` | CONFIRMADO",
capsules/OSCE/osce_urologia.md,29,"Trauma renal — conduta por gravidade | conservador (G I-III): internação em UTI, seriar Hb/Ht, seriar imagem · cirúrgico (G IV-V, instabilidade hemodinâmica, hematoma perirrenal pulsátil/expansivo, ferimento penetrante): laparotomia exploradora; G5 → nefrectomia | `OSCE .pdf`, ~p.31 / `OSCE - UROLOGIA.pdf` | CONFIRMADO",
capsules/OSCE/osce_urologia.md,30,"Trauma de bexiga | 10% das fraturas pélvicas; extraperitoneal é mais comum; intraperitoneal → laparotomia + rafia; extraperitoneal → sonda vesical de demora por 10 dias | `OSCE .pdf`, ~p.31 / `FACILITA OSCE (1).pdf`, p.47 | CONFIRMADO",
capsules/OSCE/osce_urologia.md,31,"Trauma de uretra | contraindicação absoluta de sondagem (pode converter lesão parcial em completa); posterior (mais comum, 70%, associada a fratura de bacia) → uretrocistografia, tratamento com cistostomia + correção tardia (3 meses); anterior (associada a fratura de pênis) → uretrografia, reparo/desbridamento ou exploração cirúrgica | `OSCE .pdf`, ~p.31 / `FACILITA OSCE (1).pdf`, p.47 | CONFIRMADO",
capsules/OSCE/osce_urologia.md,32,"Câncer renal — tríade clássica | hematúria + dor lombar + massa palpável em flanco | `OSCE .pdf`, ~p.36 | CONFIRMADO",
capsules/OSCE/osce_urologia.md,33,"Classificação de Bosniak | I: <1% chance de malignidade · II: 3-5% · IIF: >5%, acompanhar · III/IV: casos avançados, indicação cirúrgica | `OSCE .pdf`, ~p.36 | CONFIRMADO",
capsules/OSCE/osce_urologia.md,34,"Câncer renal — manejo | doença localizada: nefrectomia total (ou parcial se bilateral, rim único, IRC prévia, tumor <4cm) · doença avançada ressecável: nefrectomia total + linfadenectomia · irressecável: cirurgia citorredutora + imunoterapia | `OSCE .pdf`, ~p.36 | CONFIRMADO",
